regulation_code,regulation_name,normalized_name,public_status_code,public_status_label,lifecycle_code,document_verification_code,nonpublic_stage,primary_claim,confidence_level,decision_reason_code,decision_reason,official_source_count,search_verification_count,human_confirmed,last_collected_at,last_verified_at,official_url,document_sha256,document_format,revision_date,legacy_0811_status,legacy_0831_status,methodology_version,release_status
56954644118be362,3 Up-Down System 운용기준,3updownsystem운용기준,EXTRACTION_PENDING,판정대기,current,EXTRACTION_PENDING,1,3 Up-Down System 운용기준: 판정대기,2,EXTRACTION_PENDING,공식 원문은 발견했으나 본문 추출·확인이 완료되지 않음,1,0,False,2026-09-08T19:20:38+09:00,2026-09-08T19:20:38+09:00,https://www.alio.go.kr/download/rulefiledown.json?fileNo=41691,a6546489fb8aa310226ccad7fbd99be72c607a9fe6d756ed9a0e67cfbdc6f7bd,hwp,2017.04.27,,,v0.4,review_pending
8eb8a31573b00d5a,AI 첨단산업 특별보증 운용기준,ai첨단산업특별보증운용기준,NOTICE_ONLY,사전예고만,unknown,NOTICE_EVIDENCE_ONLY,1,AI 첨단산업 특별보증 운용기준: 사전예고만,2,OFFICIAL_NOTICE_ONLY,사전예고 공식 기록은 있으나 현행 규정 전문을 확인하지 못함,1,0,False,2026-09-08T19:20:38+09:00,2026-09-08T19:20:38+09:00,https://www.kodit.or.kr/common/nttFileDownload.do?fileKey=70922726af2bb4c5ef364467f0e4e49b,,unknown,,사전예고만 확인,사전예고만 확인,v0.4,review_pending
8667150ce2fab317,B2B Plus보험 운용기준,b2bplus보험운용기준,NOTICE_ONLY,사전예고만,unknown,NOTICE_EVIDENCE_ONLY,1,B2B Plus보험 운용기준: 사전예고만,2,OFFICIAL_NOTICE_ONLY,사전예고 공식 기록은 있으나 현행 규정 전문을 확인하지 못함,1,0,False,2026-09-08T19:20:38+09:00,2026-09-08T19:20:38+09:00,https://www.kodit.or.kr/common/nttFileDownload.do?fileKey=3a9baf3c2ee7b5fd0f87aaf688abc99a,,unknown,,사전예고만 확인,사전예고만 확인,v0.4,review_pending
8667150ce2fab317,B2BPlus+보험운용기준,b2bplus보험운용기준,NOTICE_ONLY,사전예고만,unknown,NOTICE_EVIDENCE_ONLY,1,B2BPlus+보험운용기준: 사전예고만,2,OFFICIAL_NOTICE_ONLY,사전예고 공식 기록은 있으나 현행 규정 전문을 확인하지 못함,1,0,False,2026-09-08T19:20:38+09:00,2026-09-08T19:20:38+09:00,https://www.kodit.or.kr/common/nttFileDownload.do?fileKey=8c2fb6fc391d6613f967f3067e4475aa,,unknown,,사전예고만 확인,사전예고만 확인,v0.4,review_pending
417128c78f4c59aa,Biz-Pay 보증 운용기준,bizpay보증운용기준,NOTICE_ONLY,사전예고만,unknown,NOTICE_EVIDENCE_ONLY,1,Biz-Pay 보증 운용기준: 사전예고만,2,OFFICIAL_NOTICE_ONLY,사전예고 공식 기록은 있으나 현행 규정 전문을 확인하지 못함,1,0,False,2026-09-08T19:20:38+09:00,2026-09-08T19:20:38+09:00,https://www.kodit.or.kr/common/nttFileDownload.do?fileKey=3abc73d3a0031dc37d3ab3efb5ac08f3,,unknown,,명칭변경·통합·폐지 확인,명칭변경·통합·폐지 확인,v0.4,review_pending
6752b7cc0b07582d,Blue-Elite창업보증프로그램업무처리방법,blueelite창업보증프로그램업무처리방법,NOTICE_ONLY,사전예고만,unknown,NOTICE_EVIDENCE_ONLY,1,Blue-Elite창업보증프로그램업무처리방법: 사전예고만,2,OFFICIAL_NOTICE_ONLY,사전예고 공식 기록은 있으나 현행 규정 전문을 확인하지 못함,1,0,False,2026-09-08T19:20:38+09:00,2026-09-08T19:20:38+09:00,https://www.kodit.or.kr/common/nttFileDownload.do?fileKey=c6a0fe2c3c4d26b2de077bd0c813e4b8,,unknown,,사전예고만 확인,사전예고만 확인,v0.4,review_pending
b04361661d13c19d,BTL 특별 인프라펀드 업무처리기준,btl특별인프라펀드업무처리기준,NOTICE_ONLY,사전예고만,unknown,NOTICE_EVIDENCE_ONLY,1,BTL 특별 인프라펀드 업무처리기준: 사전예고만,2,OFFICIAL_NOTICE_ONLY,사전예고 공식 기록은 있으나 현행 규정 전문을 확인하지 못함,1,0,False,2026-09-08T19:20:38+09:00,2026-09-08T19:20:38+09:00,https://www.kodit.or.kr/common/nttFileDownload.do?fileKey=30c6eba820cc9e6f3460f6a4125e6000,,unknown,,사전예고만 확인,사전예고만 확인,v0.4,review_pending
3b5eb716398d42af,Campus Start-up 보증 업무처리방법,campusstartup보증업무처리방법,NOTICE_ONLY,사전예고만,unknown,NOTICE_EVIDENCE_ONLY,1,Campus Start-up 보증 업무처리방법: 사전예고만,2,OFFICIAL_NOTICE_ONLY,사전예고 공식 기록은 있으나 현행 규정 전문을 확인하지 못함,1,0,False,2026-09-08T19:20:38+09:00,2026-09-08T19:20:38+09:00,https://www.kodit.or.kr/common/nttFileDownload.do?fileKey=376984eeca2adbac0983fc7b2f457974,,unknown,,사전예고만 확인,사전예고만 확인,v0.4,review_pending
a8d1e9bfe02699b8,Campus Start-up 보증 업무처리방법 외 1개 규정,campusstartup보증업무처리방법외1개규정,NOTICE_ONLY,사전예고만,unknown,NOTICE_EVIDENCE_ONLY,1,Campus Start-up 보증 업무처리방법 외 1개 규정: 사전예고만,2,OFFICIAL_NOTICE_ONLY,사전예고 공식 기록은 있으나 현행 규정 전문을 확인하지 못함,1,0,False,2026-09-08T19:20:38+09:00,2026-09-08T19:20:38+09:00,https://www.kodit.or.kr/common/nttFileDownload.do?fileKey=376984eeca2adbac0983fc7b2f457974,,unknown,,사전예고만 확인,사전예고만 확인,v0.4,review_pending
08fe24f84b976e92,Campus Start-up 보증 운용기준,campusstartup보증운용기준,NOTICE_ONLY,사전예고만,unknown,NOTICE_EVIDENCE_ONLY,1,Campus Start-up 보증 운용기준: 사전예고만,2,OFFICIAL_NOTICE_ONLY,사전예고 공식 기록은 있으나 현행 규정 전문을 확인하지 못함,1,0,False,2026-09-08T19:20:38+09:00,2026-09-08T19:20:38+09:00,https://www.kodit.or.kr/common/nttFileDownload.do?fileKey=4b491fa30ea2fc44444a6687ade834fa,,unknown,,사전예고만 확인,사전예고만 확인,v0.4,review_pending
7311f65785ab2667,CI운용요령,ci운용요령,EXTRACTION_PENDING,판정대기,current,EXTRACTION_PENDING,1,CI운용요령: 판정대기,2,EXTRACTION_PENDING,공식 원문은 발견했으나 본문 추출·확인이 완료되지 않음,1,0,False,2026-09-08T19:20:38+09:00,2026-09-08T19:20:38+09:00,https://www.alio.go.kr/download/rulefiledown.json?fileNo=12039,e82e78c41f9b4325290327dc36365d346e0e1368201920aaa7756788d8371d6e,hwp,2011.07.29,,,v0.4,review_pending
eae1ca94978992e3,Easy-One 보증 운용기준,easyone보증운용기준,NOTICE_ONLY,사전예고만,unknown,NOTICE_EVIDENCE_ONLY,1,Easy-One 보증 운용기준: 사전예고만,2,OFFICIAL_NOTICE_ONLY,사전예고 공식 기록은 있으나 현행 규정 전문을 확인하지 못함,1,0,False,2026-09-08T19:20:38+09:00,2026-09-08T19:20:38+09:00,https://www.kodit.or.kr/common/nttFileDownload.do?fileKey=be01865dd1422c5bdd2751c8530e7d1d,,unknown,,사전예고만 확인,사전예고만 확인,v0.4,review_pending
b7f79300dcd97c89,Easy-Start 보증 운용기준,easystart보증운용기준,NOTICE_ONLY,사전예고만,unknown,NOTICE_EVIDENCE_ONLY,1,Easy-Start 보증 운용기준: 사전예고만,2,OFFICIAL_NOTICE_ONLY,사전예고 공식 기록은 있으나 현행 규정 전문을 확인하지 못함,1,0,False,2026-09-08T19:20:38+09:00,2026-09-08T19:20:38+09:00,https://www.kodit.or.kr/common/nttFileDownload.do?fileKey=cd99c1387902702642006e17b4aa2bbd,,unknown,,사전예고만 확인,사전예고만 확인,v0.4,review_pending
5d741b46e26c56b7,ESG경영 역량에 따른 보증 운용기준,esg경영역량에따른보증운용기준,EXTRACTION_PENDING,판정대기,current,EXTRACTION_PENDING,1,ESG경영 역량에 따른 보증 운용기준: 판정대기,2,EXTRACTION_PENDING,공식 원문은 발견했으나 본문 추출·확인이 완료되지 않음,2,0,False,2026-09-08T19:20:38+09:00,2026-09-08T19:20:38+09:00,https://www.alio.go.kr/download/rulefiledown.json?fileNo=239112,90d1e5e251922894a74c4d56904353a05c7987c015178e9ef1fe5f2c8faeb871,hwp,2026.07.16,공개 확인,공개 확인,v0.4,review_pending
310cd7299ff588b5,ESG경영 역량 우수기업에 대한 매출채권보험 운용기준,esg경영역량우수기업에대한매출채권보험운용기준,NOTICE_ONLY,사전예고만,unknown,NOTICE_EVIDENCE_ONLY,1,ESG경영 역량 우수기업에 대한 매출채권보험 운용기준: 사전예고만,2,OFFICIAL_NOTICE_ONLY,사전예고 공식 기록은 있으나 현행 규정 전문을 확인하지 못함,1,0,False,2026-09-08T19:20:38+09:00,2026-09-08T19:20:38+09:00,https://www.kodit.or.kr/common/nttFileDownload.do?fileKey=9e2e3d89c0cb32fd0f390067974b4b2b,,unknown,,사전예고만 확인,사전예고만 확인,v0.4,review_pending
3803f7f4c4053784,ESG경영 추진 업무처리기준,esg경영추진업무처리기준,NOTICE_ONLY,사전예고만,unknown,NOTICE_EVIDENCE_ONLY,1,ESG경영 추진 업무처리기준: 사전예고만,2,OFFICIAL_NOTICE_ONLY,사전예고 공식 기록은 있으나 현행 규정 전문을 확인하지 못함,1,0,False,2026-09-08T19:20:38+09:00,2026-09-08T19:20:38+09:00,https://www.kodit.or.kr/common/nttFileDownload.do?fileKey=b7493c8612bb0a33bbe9ad635f7bc1e0,,unknown,,사전예고만 확인,사전예고만 확인,v0.4,review_pending
a72aafae68284ab5,ESG 기업에 대한 유동화회사보증 운용기준,esg기업에대한유동화회사보증운용기준,EXTRACTION_PENDING,판정대기,current,EXTRACTION_PENDING,1,ESG 기업에 대한 유동화회사보증 운용기준: 판정대기,2,EXTRACTION_PENDING,공식 원문은 발견했으나 본문 추출·확인이 완료되지 않음,2,0,False,2026-09-08T19:20:38+09:00,2026-09-08T19:20:38+09:00,https://www.alio.go.kr/download/rulefiledown.json?fileNo=176745,449a832c209a4fef22dee6654b416bef4e104f032660532f14d29ecadde624b1,hwp,2023.08.16,공개 확인,공개 확인,v0.4,review_pending
de6f1f880e87fe75,ESG 평가시스템 운용기준,esg평가시스템운용기준,NOTICE_ONLY,사전예고만,unknown,NOTICE_EVIDENCE_ONLY,1,ESG 평가시스템 운용기준: 사전예고만,2,OFFICIAL_NOTICE_ONLY,사전예고 공식 기록은 있으나 현행 규정 전문을 확인하지 못함,1,0,False,2026-09-08T19:20:38+09:00,2026-09-08T19:20:38+09:00,https://www.kodit.or.kr/common/nttFileDownload.do?fileKey=b55b8e2c4133295ab120a2ff526883ba,,unknown,,사전예고만 확인,사전예고만 확인,v0.4,review_pending
44dce38aba5b0386,e-커뮤니케이션 운영기준,e커뮤니케이션운영기준,NOTICE_ONLY,사전예고만,unknown,NOTICE_EVIDENCE_ONLY,1,e-커뮤니케이션 운영기준: 사전예고만,2,OFFICIAL_NOTICE_ONLY,사전예고 공식 기록은 있으나 현행 규정 전문을 확인하지 못함,1,0,False,2026-09-08T19:20:38+09:00,2026-09-08T19:20:38+09:00,https://www.kodit.or.kr/common/nttFileDownload.do?fileKey=00c3c313bef3561952d2416a3d3cf2ca,,unknown,,사전예고만 확인,사전예고만 확인,v0.4,review_pending
a11b1b38dbefa9d0,e-커뮤니케이션 운용기준,e커뮤니케이션운용기준,NOTICE_ONLY,사전예고만,unknown,NOTICE_EVIDENCE_ONLY,1,e-커뮤니케이션 운용기준: 사전예고만,2,OFFICIAL_NOTICE_ONLY,사전예고 공식 기록은 있으나 현행 규정 전문을 확인하지 못함,1,0,False,2026-09-08T19:20:38+09:00,2026-09-08T19:20:38+09:00,https://www.kodit.or.kr/common/nttFileDownload.do?fileKey=00c3c313bef3561952d2416a3d3cf2ca,,unknown,,사전예고만 확인,사전예고만 확인,v0.4,review_pending
cb10061cc664dfac,ICT GROWTH 협약보증 운용기준,ictgrowth협약보증운용기준,EXTRACTION_PENDING,판정대기,current,EXTRACTION_PENDING,1,ICT GROWTH 협약보증 운용기준: 판정대기,2,EXTRACTION_PENDING,공식 원문은 발견했으나 본문 추출·확인이 완료되지 않음,2,0,False,2026-09-08T19:20:38+09:00,2026-09-08T19:20:38+09:00,https://www.alio.go.kr/download/rulefiledown.json?fileNo=230466,61ce05342e6a2e117cf84e3ac04cbb87d6377a5e7d03f05f7bdd6d22f70a21c5,hwp,2026.01.26,공개 확인,공개 확인,v0.4,review_pending
c6bdf3c60265b88c,IP-Value 보증 운용기준,ipvalue보증운용기준,NOTICE_ONLY,사전예고만,abolished,NOTICE_EVIDENCE_ONLY,1,IP-Value 보증 운용기준: 사전예고만,2,OFFICIAL_NOTICE_ONLY,사전예고 공식 기록은 있으나 현행 규정 전문을 확인하지 못함,1,0,False,2026-09-08T19:20:38+09:00,2026-09-08T19:20:38+09:00,https://www.kodit.or.kr/common/nttFileDownload.do?fileKey=2ffc1a4a013e0740d84c2c0d890622b8,,unknown,,사전예고만 확인,사전예고만 확인,v0.4,review_pending
ae45d5cc8c167466,IT감리기준,it감리기준,NOTICE_ONLY,사전예고만,unknown,NOTICE_EVIDENCE_ONLY,1,IT감리기준: 사전예고만,2,OFFICIAL_NOTICE_ONLY,사전예고 공식 기록은 있으나 현행 규정 전문을 확인하지 못함,1,0,False,2026-09-08T19:20:38+09:00,2026-09-08T19:20:38+09:00,https://www.kodit.or.kr/common/nttFileDownload.do?fileKey=4fbfa8818848e5349a8e49ace0ef6135,,unknown,,사전예고만 확인,사전예고만 확인,v0.4,review_pending
1f00f14358660939,IT 아웃소싱 기준,it아웃소싱기준,NOTICE_ONLY,사전예고만,abolished,NOTICE_EVIDENCE_ONLY,1,IT 아웃소싱 기준: 사전예고만,2,OFFICIAL_NOTICE_ONLY,사전예고 공식 기록은 있으나 현행 규정 전문을 확인하지 못함,1,0,False,2026-09-08T19:20:38+09:00,2026-09-08T19:20:38+09:00,https://www.kodit.or.kr/common/nttFileDownload.do?fileKey=3d1ddbfd05304f117b6fc470ed6e07b4,,unknown,,사전예고만 확인,사전예고만 확인,v0.4,review_pending
9a3880dd021ed494,IT 자산관리 기준,it자산관리기준,NOTICE_ONLY,사전예고만,abolished,NOTICE_EVIDENCE_ONLY,1,IT 자산관리 기준: 사전예고만,2,OFFICIAL_NOTICE_ONLY,사전예고 공식 기록은 있으나 현행 규정 전문을 확인하지 못함,1,0,False,2026-09-08T19:20:38+09:00,2026-09-08T19:20:38+09:00,https://www.kodit.or.kr/common/nttFileDownload.do?fileKey=3d1ddbfd05304f117b6fc470ed6e07b4,,unknown,,사전예고만 확인,사전예고만 확인,v0.4,review_pending
75b910da81d0a14b,M&A보증 운영기준,ma보증운영기준,NOTICE_ONLY,사전예고만,unknown,NOTICE_EVIDENCE_ONLY,1,M&A보증 운영기준: 사전예고만,2,OFFICIAL_NOTICE_ONLY,사전예고 공식 기록은 있으나 현행 규정 전문을 확인하지 못함,1,0,False,2026-09-08T19:20:38+09:00,2026-09-08T19:20:38+09:00,https://www.kodit.or.kr/common/nttFileDownload.do?fileKey=5379e25e3d76c4b3a35d814e089ec560,,unknown,,사전예고만 확인,사전예고만 확인,v0.4,review_pending
69b3f3f56e8d11a4,M&A보증 운용기준,ma보증운용기준,NOTICE_ONLY,사전예고만,unknown,NOTICE_EVIDENCE_ONLY,1,M&A보증 운용기준: 사전예고만,2,OFFICIAL_NOTICE_ONLY,사전예고 공식 기록은 있으나 현행 규정 전문을 확인하지 못함,1,0,False,2026-09-08T19:20:38+09:00,2026-09-08T19:20:38+09:00,https://www.kodit.or.kr/common/nttFileDownload.do?fileKey=d9203902cb67574b6e4ef257ac774a43,,unknown,,사전예고만 확인,사전예고만 확인,v0.4,review_pending
386e696ab7b3ba59,NEST Space 운영기준,nestspace운영기준,NOTICE_ONLY,사전예고만,unknown,NOTICE_EVIDENCE_ONLY,1,NEST Space 운영기준: 사전예고만,2,OFFICIAL_NOTICE_ONLY,사전예고 공식 기록은 있으나 현행 규정 전문을 확인하지 못함,1,0,False,2026-09-08T19:20:38+09:00,2026-09-08T19:20:38+09:00,https://www.kodit.or.kr/common/nttFileDownload.do?fileKey=9c38e720a1370ca4a16935078cdcdce8,,unknown,,사전예고만 확인,사전예고만 확인,v0.4,review_pending
08469149ce210cc6,NESTSpace운용기준,nestspace운용기준,NOTICE_ONLY,사전예고만,unknown,NOTICE_EVIDENCE_ONLY,1,NESTSpace운용기준: 사전예고만,2,OFFICIAL_NOTICE_ONLY,사전예고 공식 기록은 있으나 현행 규정 전문을 확인하지 못함,1,0,False,2026-09-08T19:20:38+09:00,2026-09-08T19:20:38+09:00,https://www.kodit.or.kr/common/nttFileDownload.do?fileKey=c68af2a3b373fd031b54a45dcbc9de59,,unknown,,사전예고만 확인,사전예고만 확인,v0.4,review_pending
d9f125ee752afac1,Network Loan보증 운용기준,networkloan보증운용기준,NOTICE_ONLY,사전예고만,unknown,NOTICE_EVIDENCE_ONLY,1,Network Loan보증 운용기준: 사전예고만,2,OFFICIAL_NOTICE_ONLY,사전예고 공식 기록은 있으나 현행 규정 전문을 확인하지 못함,1,0,False,2026-09-08T19:20:38+09:00,2026-09-08T19:20:38+09:00,https://www.kodit.or.kr/common/nttFileDownload.do?fileKey=10214dc6c28d958067437b20db1876f5,,unknown,,사전예고만 확인,사전예고만 확인,v0.4,review_pending
3a980344b6815edf,pay-One 보증 업무처리방법,payone보증업무처리방법,NOTICE_ONLY,사전예고만,unknown,NOTICE_EVIDENCE_ONLY,1,pay-One 보증 업무처리방법: 사전예고만,2,OFFICIAL_NOTICE_ONLY,사전예고 공식 기록은 있으나 현행 규정 전문을 확인하지 못함,1,0,False,2026-09-08T19:20:38+09:00,2026-09-08T19:20:38+09:00,https://www.kodit.or.kr/common/nttFileDownload.do?fileKey=ae66c4adbb75d1cd019bee4988b0371b,,unknown,,사전예고만 확인,사전예고만 확인,v0.4,review_pending
493b7ebeabc7ef19,RPA시스템 운영기준,rpa시스템운영기준,NOTICE_ONLY,사전예고만,unknown,NOTICE_EVIDENCE_ONLY,1,RPA시스템 운영기준: 사전예고만,2,OFFICIAL_NOTICE_ONLY,사전예고 공식 기록은 있으나 현행 규정 전문을 확인하지 못함,1,0,False,2026-09-08T19:20:38+09:00,2026-09-08T19:20:38+09:00,https://www.kodit.or.kr/common/nttFileDownload.do?fileKey=97944cbe99669b7aaff5f3f1e6c4869d,,unknown,,사전예고만 확인,사전예고만 확인,v0.4,review_pending
59a71f2c12a4fc31,SMART 공장 특화지원 프로그램 운용기준,smart공장특화지원프로그램운용기준,NOTICE_ONLY,사전예고만,unknown,NOTICE_EVIDENCE_ONLY,1,SMART 공장 특화지원 프로그램 운용기준: 사전예고만,2,OFFICIAL_NOTICE_ONLY,사전예고 공식 기록은 있으나 현행 규정 전문을 확인하지 못함,1,0,False,2026-09-08T19:20:38+09:00,2026-09-08T19:20:38+09:00,https://www.kodit.or.kr/common/nttFileDownload.do?fileKey=4cd7b2c454a3ef0bdb877b334aa0e6f1,,unknown,,사전예고만 확인,사전예고만 확인,v0.4,review_pending
74f65ea9db82c020,SMART 융합보증 업무처리방법,smart융합보증업무처리방법,NOTICE_ONLY,사전예고만,unknown,NOTICE_EVIDENCE_ONLY,1,SMART 융합보증 업무처리방법: 사전예고만,2,OFFICIAL_NOTICE_ONLY,사전예고 공식 기록은 있으나 현행 규정 전문을 확인하지 못함,1,0,False,2026-09-08T19:20:38+09:00,2026-09-08T19:20:38+09:00,https://www.kodit.or.kr/common/nttFileDownload.do?fileKey=73685772edd358666c44e6c7f132af32,,unknown,,사전예고만 확인,사전예고만 확인,v0.4,review_pending
9ce7dba9f7bd31e5,SMART 융합보증 운영기준,smart융합보증운영기준,NOTICE_ONLY,사전예고만,unknown,NOTICE_EVIDENCE_ONLY,1,SMART 융합보증 운영기준: 사전예고만,2,OFFICIAL_NOTICE_ONLY,사전예고 공식 기록은 있으나 현행 규정 전문을 확인하지 못함,1,0,False,2026-09-08T19:20:38+09:00,2026-09-08T19:20:38+09:00,https://www.kodit.or.kr/common/nttFileDownload.do?fileKey=fcde5896ef9087b42b93c9f80ad5c654,,unknown,,사전예고만 확인,사전예고만 확인,v0.4,review_pending
67efc70684ce49b0,SMART 융합보증 운용기준,smart융합보증운용기준,NOTICE_ONLY,사전예고만,unknown,NOTICE_EVIDENCE_ONLY,1,SMART 융합보증 운용기준: 사전예고만,2,OFFICIAL_NOTICE_ONLY,사전예고 공식 기록은 있으나 현행 규정 전문을 확인하지 못함,1,0,False,2026-09-08T19:20:38+09:00,2026-09-08T19:20:38+09:00,https://www.kodit.or.kr/common/nttFileDownload.do?fileKey=4ac77f1f8f9514be86c545328ced3f24,,unknown,,사전예고만 확인,사전예고만 확인,v0.4,review_pending
68d9a03ec5a68f79,S-Plus 보증 업무처리방법,splus보증업무처리방법,NOTICE_ONLY,사전예고만,unknown,NOTICE_EVIDENCE_ONLY,1,S-Plus 보증 업무처리방법: 사전예고만,2,OFFICIAL_NOTICE_ONLY,사전예고 공식 기록은 있으나 현행 규정 전문을 확인하지 못함,1,0,False,2026-09-08T19:20:38+09:00,2026-09-08T19:20:38+09:00,https://www.kodit.or.kr/common/nttFileDownload.do?fileKey=c6a0fe2c3c4d26b2de077bd0c813e4b8,,unknown,,사전예고만 확인,사전예고만 확인,v0.4,review_pending
a3c0f3a04db20f7d,Start-up 보증 업무처리방법,startup보증업무처리방법,NOTICE_ONLY,사전예고만,unknown,NOTICE_EVIDENCE_ONLY,1,Start-up 보증 업무처리방법: 사전예고만,2,OFFICIAL_NOTICE_ONLY,사전예고 공식 기록은 있으나 현행 규정 전문을 확인하지 못함,1,0,False,2026-09-08T19:20:38+09:00,2026-09-08T19:20:38+09:00,https://www.kodit.or.kr/common/nttFileDownload.do?fileKey=51ffeb94a7a5536af339841c6e42b090,,unknown,,사전예고만 확인,사전예고만 확인,v0.4,review_pending
6dc2c2d74c32a6fe,Start-up 보증 운용기준,startup보증운용기준,NOTICE_ONLY,사전예고만,unknown,NOTICE_EVIDENCE_ONLY,1,Start-up 보증 운용기준: 사전예고만,2,OFFICIAL_NOTICE_ONLY,사전예고 공식 기록은 있으나 현행 규정 전문을 확인하지 못함,1,0,False,2026-09-08T19:20:38+09:00,2026-09-08T19:20:38+09:00,https://www.kodit.or.kr/common/nttFileDownload.do?fileKey=4b491fa30ea2fc44444a6687ade834fa,,unknown,,사전예고만 확인,사전예고만 확인,v0.4,review_pending
e5865ebef470ce86,Start-up 신속투자 프로그램 운용기준,startup신속투자프로그램운용기준,NOTICE_ONLY,사전예고만,unknown,NOTICE_EVIDENCE_ONLY,1,Start-up 신속투자 프로그램 운용기준: 사전예고만,2,OFFICIAL_NOTICE_ONLY,사전예고 공식 기록은 있으나 현행 규정 전문을 확인하지 못함,1,0,False,2026-09-08T19:20:38+09:00,2026-09-08T19:20:38+09:00,https://www.kodit.or.kr/common/nttFileDownload.do?fileKey=2d6752c1036c46d5697103e69714b44b,,unknown,,사전예고만 확인,사전예고만 확인,v0.4,review_pending
35dcaf7799f8edd2,Tech-Value 보증 운용기준,techvalue보증운용기준,NOTICE_ONLY,사전예고만,unknown,NOTICE_EVIDENCE_ONLY,1,Tech-Value 보증 운용기준: 사전예고만,2,OFFICIAL_NOTICE_ONLY,사전예고 공식 기록은 있으나 현행 규정 전문을 확인하지 못함,1,0,False,2026-09-08T19:20:38+09:00,2026-09-08T19:20:38+09:00,https://www.kodit.or.kr/common/nttFileDownload.do?fileKey=1ac48eccf4aa50382fbfd96cf2e8f0c3,,unknown,,명칭변경·통합·폐지 확인,명칭변경·통합·폐지 확인,v0.4,review_pending
fa55dc85c4ce2d64,Trust-On 보증 운용기준,truston보증운용기준,EXTRACTION_PENDING,판정대기,current,EXTRACTION_PENDING,1,Trust-On 보증 운용기준: 판정대기,2,EXTRACTION_PENDING,공식 원문은 발견했으나 본문 추출·확인이 완료되지 않음,2,0,False,2026-09-08T19:20:38+09:00,2026-09-08T19:20:38+09:00,https://www.alio.go.kr/download/rulefiledown.json?fileNo=211173,d95d312be510baebd245e3ee32055f72849fd671999fcdb6ae7a470d95bdfee2,hwp,2025.01.20,공개 확인,공개 확인,v0.4,review_pending
54c24bab00621aec,T증후군의업무상질병에관한기준,t증후군의업무상질병에관한기준,NOTICE_ONLY,사전예고만,unknown,NOTICE_EVIDENCE_ONLY,1,T증후군의업무상질병에관한기준: 사전예고만,2,OFFICIAL_NOTICE_ONLY,사전예고 공식 기록은 있으나 현행 규정 전문을 확인하지 못함,1,0,False,2026-09-08T19:20:38+09:00,2026-09-08T19:20:38+09:00,https://www.kodit.or.kr/common/nttFileDownload.do?fileKey=d106207f6435d4cedd8a0dfa4200bd60,,unknown,,사전예고만 확인,사전예고만 확인,v0.4,review_pending
b864f2f18ad14da8,U-CONNECT 보증 운용기준,uconnect보증운용기준,NOTICE_ONLY,사전예고만,unknown,NOTICE_EVIDENCE_ONLY,1,U-CONNECT 보증 운용기준: 사전예고만,2,OFFICIAL_NOTICE_ONLY,사전예고 공식 기록은 있으나 현행 규정 전문을 확인하지 못함,1,0,False,2026-09-08T19:20:38+09:00,2026-09-08T19:20:38+09:00,https://www.kodit.or.kr/common/nttFileDownload.do?fileKey=4b491fa30ea2fc44444a6687ade834fa,,unknown,,사전예고만 확인,사전예고만 확인,v0.4,review_pending
f52ca9cc72b68f2a,Up-Down System 운용기준,updownsystem운용기준,NOTICE_ONLY,사전예고만,unknown,NOTICE_EVIDENCE_ONLY,1,Up-Down System 운용기준: 사전예고만,2,OFFICIAL_NOTICE_ONLY,사전예고 공식 기록은 있으나 현행 규정 전문을 확인하지 못함,1,0,False,2026-09-08T19:20:38+09:00,2026-09-08T19:20:38+09:00,https://www.kodit.or.kr/common/nttFileDownload.do?fileKey=7cc6eaf060acef1c1a2ddbeea0f3c3e8,,unknown,,명칭변경·통합·폐지 확인,명칭변경·통합·폐지 확인,v0.4,review_pending
10073207648ca29a,VC펀드 출자금보증 업무처리방법,vc펀드출자금보증업무처리방법,EXTRACTION_PENDING,판정대기,current,EXTRACTION_PENDING,1,VC펀드 출자금보증 업무처리방법: 판정대기,2,EXTRACTION_PENDING,공식 원문은 발견했으나 본문 추출·확인이 완료되지 않음,2,0,False,2026-09-08T19:20:38+09:00,2026-09-08T19:20:38+09:00,https://www.alio.go.kr/download/rulefiledown.json?fileNo=238901,8732d394ccc8362931379f5699ad6b0496b089cf6a9f7057b73403fa4a8d3513,hwp,2026.07.20,공개 확인,공개 확인,v0.4,review_pending
a0a9227a6c1f244d,V.D.T증후군의업무상질병에관한기준,vdt증후군의업무상질병에관한기준,NOTICE_ONLY,사전예고만,unknown,NOTICE_EVIDENCE_ONLY,1,V.D.T증후군의업무상질병에관한기준: 사전예고만,2,OFFICIAL_NOTICE_ONLY,사전예고 공식 기록은 있으나 현행 규정 전문을 확인하지 못함,1,0,False,2026-09-08T19:20:38+09:00,2026-09-08T19:20:38+09:00,https://www.kodit.or.kr/common/nttFileDownload.do?fileKey=d106207f6435d4cedd8a0dfa4200bd60,,unknown,,사전예고만 확인,사전예고만 확인,v0.4,review_pending
0ceca8704e4176d8,V-Plus 보증 업무처리방법,vplus보증업무처리방법,NOTICE_ONLY,사전예고만,unknown,NOTICE_EVIDENCE_ONLY,1,V-Plus 보증 업무처리방법: 사전예고만,2,OFFICIAL_NOTICE_ONLY,사전예고 공식 기록은 있으나 현행 규정 전문을 확인하지 못함,1,0,False,2026-09-08T19:20:38+09:00,2026-09-08T19:20:38+09:00,https://www.kodit.or.kr/common/nttFileDownload.do?fileKey=ad0b770e03180fe7ea8d130b517adea0,,unknown,,사전예고만 확인,사전예고만 확인,v0.4,review_pending
d57da821bf29f06a,Young Start-up 보증 업무처리방법,youngstartup보증업무처리방법,NOTICE_ONLY,사전예고만,unknown,NOTICE_EVIDENCE_ONLY,1,Young Start-up 보증 업무처리방법: 사전예고만,2,OFFICIAL_NOTICE_ONLY,사전예고 공식 기록은 있으나 현행 규정 전문을 확인하지 못함,1,0,False,2026-09-08T19:20:38+09:00,2026-09-08T19:20:38+09:00,https://www.kodit.or.kr/common/nttFileDownload.do?fileKey=e3120ee2c9c0478fa3bc2d7d1a17bad9,,unknown,,사전예고만 확인,사전예고만 확인,v0.4,review_pending
4c1213d1fac2d06d,가명정보 내부관리기준,가명정보내부관리기준,NOTICE_ONLY,사전예고만,unknown,NOTICE_EVIDENCE_ONLY,1,가명정보 내부관리기준: 사전예고만,2,OFFICIAL_NOTICE_ONLY,사전예고 공식 기록은 있으나 현행 규정 전문을 확인하지 못함,1,0,False,2026-09-08T19:20:38+09:00,2026-09-08T19:20:38+09:00,https://www.kodit.or.kr/common/nttFileDownload.do?fileKey=6a73e172caae66b9b4710e40e52cf692,,unknown,,사전예고만 확인,사전예고만 확인,v0.4,review_pending
9262473179b15781,가칭) 제정 및 보증심사방법 운용기준,가칭제정및보증심사방법운용기준,NOTICE_ONLY,사전예고만,unknown,NOTICE_EVIDENCE_ONLY,1,가칭) 제정 및 보증심사방법 운용기준: 사전예고만,2,OFFICIAL_NOTICE_ONLY,사전예고 공식 기록은 있으나 현행 규정 전문을 확인하지 못함,1,0,False,2026-09-08T19:20:38+09:00,2026-09-08T19:20:38+09:00,https://www.kodit.or.kr/common/nttFileDownload.do?fileKey=252a2e93ed4c2913b21fba11183301a6,,unknown,,사전예고만 확인,사전예고만 확인,v0.4,review_pending
4ba68a6b660f7460,가칭) 제정 및 보증심사 운용요령,가칭제정및보증심사운용요령,NOTICE_ONLY,사전예고만,unknown,NOTICE_EVIDENCE_ONLY,1,가칭) 제정 및 보증심사 운용요령: 사전예고만,2,OFFICIAL_NOTICE_ONLY,사전예고 공식 기록은 있으나 현행 규정 전문을 확인하지 못함,1,0,False,2026-09-08T19:20:38+09:00,2026-09-08T19:20:38+09:00,https://www.kodit.or.kr/common/nttFileDownload.do?fileKey=bb03f68b9d04c02d42171380f7d0de43,,unknown,,사전예고만 확인,사전예고만 확인,v0.4,review_pending
689b526b788266ad,간편보험매출채권보험운용기준,간편보험매출채권보험운용기준,NOTICE_ONLY,사전예고만,unknown,NOTICE_EVIDENCE_ONLY,1,간편보험매출채권보험운용기준: 사전예고만,2,OFFICIAL_NOTICE_ONLY,사전예고 공식 기록은 있으나 현행 규정 전문을 확인하지 못함,1,0,False,2026-09-08T19:20:38+09:00,2026-09-08T19:20:38+09:00,https://www.kodit.or.kr/common/nttFileDownload.do?fileKey=b315dd06d20d2d9b40a686de6d57bf6a,,unknown,,사전예고만 확인,사전예고만 확인,v0.4,review_pending
33865733e7d0ce73,간편인수 매출채권보험 운용기준,간편인수매출채권보험운용기준,NOTICE_ONLY,사전예고만,unknown,NOTICE_EVIDENCE_ONLY,1,간편인수 매출채권보험 운용기준: 사전예고만,2,OFFICIAL_NOTICE_ONLY,사전예고 공식 기록은 있으나 현행 규정 전문을 확인하지 못함,1,0,False,2026-09-08T19:20:38+09:00,2026-09-08T19:20:38+09:00,https://www.kodit.or.kr/common/nttFileDownload.do?fileKey=8c2fb6fc391d6613f967f3067e4475aa,,unknown,,사전예고만 확인,사전예고만 확인,v0.4,review_pending
e04361f9b2fd0c88,감사규정,감사규정,EXTRACTION_PENDING,판정대기,current,EXTRACTION_PENDING,1,감사규정: 판정대기,2,EXTRACTION_PENDING,공식 원문은 발견했으나 본문 추출·확인이 완료되지 않음,2,0,False,2026-09-08T19:20:38+09:00,2026-09-08T19:20:38+09:00,https://www.alio.go.kr/download/rulefiledown.json?fileNo=80538,df29ac15a3d5fbeefd103e41e9a7e8ff45a0225a587f288135ab5465c36aeb4e,hwp,2019.03.27,공개 확인,공개 확인,v0.4,review_pending
e57e75ebddb1d768,감사규정시행기준,감사규정시행기준,NOTICE_ONLY,사전예고만,abolished,NOTICE_EVIDENCE_ONLY,1,감사규정시행기준: 사전예고만,2,OFFICIAL_NOTICE_ONLY,사전예고 공식 기록은 있으나 현행 규정 전문을 확인하지 못함,1,0,False,2026-09-08T19:20:38+09:00,2026-09-08T19:20:38+09:00,https://www.kodit.or.kr/common/nttFileDownload.do?fileKey=955398f815182e8872a21317c063ef2d,,unknown,,사전예고만 확인,사전예고만 확인,v0.4,review_pending
bb4bba3adb19b952,감사업무처리기준,감사업무처리기준,NOTICE_ONLY,사전예고만,unknown,NOTICE_EVIDENCE_ONLY,1,감사업무처리기준: 사전예고만,2,OFFICIAL_NOTICE_ONLY,사전예고 공식 기록은 있으나 현행 규정 전문을 확인하지 못함,1,0,False,2026-09-08T19:20:38+09:00,2026-09-08T19:20:38+09:00,https://www.kodit.or.kr/common/nttFileDownload.do?fileKey=ef14c79637e9c1dc1cd8525d7bcc4f26,,unknown,,매칭 불명,매칭 불명,v0.4,review_pending
29d9400da413ac9e,감사자문위원회 운영기준,감사자문위원회운영기준,NOTICE_ONLY,사전예고만,abolished,NOTICE_EVIDENCE_ONLY,1,감사자문위원회 운영기준: 사전예고만,2,OFFICIAL_NOTICE_ONLY,사전예고 공식 기록은 있으나 현행 규정 전문을 확인하지 못함,1,0,False,2026-09-08T19:20:38+09:00,2026-09-08T19:20:38+09:00,https://www.kodit.or.kr/common/nttFileDownload.do?fileKey=955398f815182e8872a21317c063ef2d,,unknown,,사전예고만 확인,사전예고만 확인,v0.4,review_pending
9b3ac748c34f9d8d,강제집행및집행보조절차업무처리기준,강제집행및집행보조절차업무처리기준,NOTICE_ONLY,사전예고만,abolished,NOTICE_EVIDENCE_ONLY,1,강제집행및집행보조절차업무처리기준: 사전예고만,2,OFFICIAL_NOTICE_ONLY,사전예고 공식 기록은 있으나 현행 규정 전문을 확인하지 못함,1,0,False,2026-09-08T19:20:38+09:00,2026-09-08T19:20:38+09:00,https://www.kodit.or.kr/common/nttFileDownload.do?fileKey=a0d8e8b9b500a2434d42cdc8f908f2ef,,unknown,,사전예고만 확인,사전예고만 확인,v0.4,review_pending
2f88d025a718fa88,강제집행에 관한 업무처리기준,강제집행에관한업무처리기준,NOTICE_ONLY,사전예고만,abolished,NOTICE_EVIDENCE_ONLY,1,강제집행에 관한 업무처리기준: 사전예고만,2,OFFICIAL_NOTICE_ONLY,사전예고 공식 기록은 있으나 현행 규정 전문을 확인하지 못함,1,0,False,2026-09-08T19:20:38+09:00,2026-09-08T19:20:38+09:00,https://www.kodit.or.kr/common/nttFileDownload.do?fileKey=61fe4e05180fae1d98d6c9a562280a05,,unknown,,사전예고만 확인,사전예고만 확인,v0.4,review_pending
f67a6b18046e794a,개방형 직위 운영기준,개방형직위운영기준,EXTRACTION_PENDING,판정대기,current,EXTRACTION_PENDING,1,개방형 직위 운영기준: 판정대기,2,EXTRACTION_PENDING,공식 원문은 발견했으나 본문 추출·확인이 완료되지 않음,2,0,False,2026-09-08T19:20:38+09:00,2026-09-08T19:20:38+09:00,https://www.alio.go.kr/download/rulefiledown.json?fileNo=225121,ffae667b59a59548d0e8783d82c68bf99ccf3927004bbfd05db1455b117d5577,hwp,2025.12.03,공개 확인,공개 확인,v0.4,review_pending
b80d9f7c6e371e19,개성공단 특례보증 운용기준,개성공단특례보증운용기준,NOTICE_ONLY,사전예고만,unknown,NOTICE_EVIDENCE_ONLY,1,개성공단 특례보증 운용기준: 사전예고만,2,OFFICIAL_NOTICE_ONLY,사전예고 공식 기록은 있으나 현행 규정 전문을 확인하지 못함,1,0,False,2026-09-08T19:20:38+09:00,2026-09-08T19:20:38+09:00,https://www.kodit.or.kr/common/nttFileDownload.do?fileKey=ca91e3feeff380a3f63289fb38ed251f,,unknown,,사전예고만 확인,사전예고만 확인,v0.4,review_pending
fec837cce89eedea,개인금융채권 업무처리기준,개인금융채권업무처리기준,NOTICE_ONLY,사전예고만,unknown,NOTICE_EVIDENCE_ONLY,1,개인금융채권 업무처리기준: 사전예고만,2,OFFICIAL_NOTICE_ONLY,사전예고 공식 기록은 있으나 현행 규정 전문을 확인하지 못함,1,0,False,2026-09-08T19:20:38+09:00,2026-09-08T19:20:38+09:00,https://www.kodit.or.kr/common/nttFileDownload.do?fileKey=b9fe04e07115724480b6f8bcf129e63e,,unknown,,매칭 불명,매칭 불명,v0.4,review_pending
2494eb11db91ffb5,개인금융채권 채무조정규정,개인금융채권채무조정규정,EXTRACTION_PENDING,판정대기,current,EXTRACTION_PENDING,1,개인금융채권 채무조정규정: 판정대기,2,EXTRACTION_PENDING,공식 원문은 발견했으나 본문 추출·확인이 완료되지 않음,2,0,False,2026-09-08T19:20:38+09:00,2026-09-08T19:20:38+09:00,https://www.alio.go.kr/download/rulefiledown.json?fileNo=214764,d97266be49b23be948fc5291d3b25d2fac173fb277c5055b4602ebc02ef0d6e5,hwp,2025.04.04,공개 확인,공개 확인,v0.4,review_pending
837538172c91f560,개인기업 구매자 보험인수 제한 완화 업무처리방법,개인기업구매자보험인수제한완화업무처리방법,NOTICE_ONLY,사전예고만,unknown,NOTICE_EVIDENCE_ONLY,1,개인기업 구매자 보험인수 제한 완화 업무처리방법: 사전예고만,2,OFFICIAL_NOTICE_ONLY,사전예고 공식 기록은 있으나 현행 규정 전문을 확인하지 못함,1,0,False,2026-09-08T19:20:38+09:00,2026-09-08T19:20:38+09:00,https://www.kodit.or.kr/common/nttFileDownload.do?fileKey=8c2fb6fc391d6613f967f3067e4475aa,,unknown,,사전예고만 확인,사전예고만 확인,v0.4,review_pending
a62b52a77a5e92da,개인기여도평가기준,개인기여도평가기준,EXTRACTION_PENDING,판정대기,current,EXTRACTION_PENDING,1,개인기여도평가기준: 판정대기,2,EXTRACTION_PENDING,공식 원문은 발견했으나 본문 추출·확인이 완료되지 않음,1,0,False,2026-09-08T19:20:38+09:00,2026-09-08T19:20:38+09:00,https://www.alio.go.kr/download/rulefiledown.json?fileNo=12165,52f34b70ed3be66cfb26e367559048bd7a842aed8de71efef497fddd80ed37df,hwp,2011.09.23,,,v0.4,review_pending
5563028e8f4d57b3,개인정보보호기준,개인정보보호기준,NOTICE_ONLY,사전예고만,unknown,NOTICE_EVIDENCE_ONLY,1,개인정보보호기준: 사전예고만,2,OFFICIAL_NOTICE_ONLY,사전예고 공식 기록은 있으나 현행 규정 전문을 확인하지 못함,1,0,False,2026-09-08T19:20:38+09:00,2026-09-08T19:20:38+09:00,https://www.kodit.or.kr/common/nttFileDownload.do?fileKey=9d83a743117c8fbbb69cd940c0ed7182,,unknown,,사전예고만 확인,사전예고만 확인,v0.4,review_pending
98d7186af9257a4a,개인정보보호요령,개인정보보호요령,FULLTEXT_PUBLIC,전문 공개,current,ANCHORS_CONFIRMED,0,개인정보보호요령: 전문 공개,4,ANCHORS_CONFIRMED,공식 원문 본문에서 규정명·개정일·조문을 확인함,2,0,False,2026-09-08T19:20:38+09:00,2026-09-08T19:20:38+09:00,https://www.alio.go.kr/download/rulefiledown.json?fileNo=229447,b872b3afee1728edabcfb28ed062336ffa1e7020526d119826a2640bc488b12d,hwpx,2026.01.12,공개 확인,공개 확인,v0.4,review_pending
67310aecf58e9bcf,개인회생절차 신청 채무관계자에 대한 업무처리기준,개인회생절차신청채무관계자에대한업무처리기준,NOTICE_ONLY,사전예고만,unknown,NOTICE_EVIDENCE_ONLY,1,개인회생절차 신청 채무관계자에 대한 업무처리기준: 사전예고만,2,OFFICIAL_NOTICE_ONLY,사전예고 공식 기록은 있으나 현행 규정 전문을 확인하지 못함,1,0,False,2026-09-08T19:20:38+09:00,2026-09-08T19:20:38+09:00,https://www.kodit.or.kr/common/nttFileDownload.do?fileKey=51cc9999a3361f3a4d97736b68bce890,,unknown,,사전예고만 확인,사전예고만 확인,v0.4,review_pending
aa616a2b2446649e,개정규정,개정규정,NOTICE_ONLY,사전예고만,unknown,NOTICE_EVIDENCE_ONLY,1,개정규정: 사전예고만,2,OFFICIAL_NOTICE_ONLY,사전예고 공식 기록은 있으나 현행 규정 전문을 확인하지 못함,1,0,False,2026-09-08T19:20:38+09:00,2026-09-08T19:20:38+09:00,https://www.kodit.or.kr/common/nttFileDownload.do?fileKey=87065be713880f16177761f3d71a21b1,,unknown,,사전예고만 확인,사전예고만 확인,v0.4,review_pending
8ae7a3a1f5058c54,갱신보증 운용기준,갱신보증운용기준,NOTICE_ONLY,사전예고만,abolished,NOTICE_EVIDENCE_ONLY,1,갱신보증 운용기준: 사전예고만,2,OFFICIAL_NOTICE_ONLY,사전예고 공식 기록은 있으나 현행 규정 전문을 확인하지 못함,1,0,False,2026-09-08T19:20:38+09:00,2026-09-08T19:20:38+09:00,https://www.kodit.or.kr/common/nttFileDownload.do?fileKey=47242ce7a80dab032bd8804d7e96c91f,,unknown,,사전예고만 확인,사전예고만 확인,v0.4,review_pending
b5e1f8fc6caf9e32,건물관리기준,건물관리기준,NOTICE_ONLY,사전예고만,unknown,NOTICE_EVIDENCE_ONLY,1,건물관리기준: 사전예고만,2,OFFICIAL_NOTICE_ONLY,사전예고 공식 기록은 있으나 현행 규정 전문을 확인하지 못함,1,0,False,2026-09-08T19:20:38+09:00,2026-09-08T19:20:38+09:00,https://www.kodit.or.kr/common/nttFileDownload.do?fileKey=46bc8ae1e5ebdc227c870ae126ea58a5,,unknown,,사전예고만 확인,사전예고만 확인,v0.4,review_pending
8cf179ba91022a4b,겸직관리 운영기준,겸직관리운영기준,EXTRACTION_PENDING,판정대기,current,EXTRACTION_PENDING,1,겸직관리 운영기준: 판정대기,2,EXTRACTION_PENDING,공식 원문은 발견했으나 본문 추출·확인이 완료되지 않음,2,0,False,2026-09-08T19:20:38+09:00,2026-09-08T19:20:38+09:00,https://www.alio.go.kr/download/rulefiledown.json?fileNo=219732,4934f723733157fa45c4c147bfee719b5c82eb8fde430f016b84c2883486cc63,hwp,2025.08.07,공개 확인,공개 확인,v0.4,review_pending
069d0100052ed629,경남도 스마트공장 구축 지원 협약보증 업무처리방법,경남도스마트공장구축지원협약보증업무처리방법,NOTICE_ONLY,사전예고만,unknown,NOTICE_EVIDENCE_ONLY,1,경남도 스마트공장 구축 지원 협약보증 업무처리방법: 사전예고만,2,OFFICIAL_NOTICE_ONLY,사전예고 공식 기록은 있으나 현행 규정 전문을 확인하지 못함,1,0,False,2026-09-08T19:20:38+09:00,2026-09-08T19:20:38+09:00,https://www.kodit.or.kr/common/nttFileDownload.do?fileKey=c864d239a3dda782b83d860fedf85239,,unknown,,사전예고만 확인,사전예고만 확인,v0.4,review_pending
933b4c8ee0c43575,경비기준,경비기준,EXTRACTION_PENDING,판정대기,current,EXTRACTION_PENDING,1,경비기준: 판정대기,2,EXTRACTION_PENDING,공식 원문은 발견했으나 본문 추출·확인이 완료되지 않음,2,0,False,2026-09-08T19:20:38+09:00,2026-09-08T19:20:38+09:00,https://www.alio.go.kr/download/rulefiledown.json?fileNo=225261,03d0747ea464d4fbc5295049ddf3f9ff80b7a29716cf4be4e374055481264ec0,hwp,2025.12.08,공개 확인,공개 확인,v0.4,review_pending
a8d6a9ee786ff800,경영공시업무 운영기준,경영공시업무운영기준,NOTICE_ONLY,사전예고만,unknown,NOTICE_EVIDENCE_ONLY,1,경영공시업무 운영기준: 사전예고만,2,OFFICIAL_NOTICE_ONLY,사전예고 공식 기록은 있으나 현행 규정 전문을 확인하지 못함,1,0,False,2026-09-08T19:20:38+09:00,2026-09-08T19:20:38+09:00,https://www.kodit.or.kr/common/nttFileDownload.do?fileKey=4e8523d6029244b385e2650651ae43f2,,unknown,,사전예고만 확인,사전예고만 확인,v0.4,review_pending
90ffd7fdeb27fc40,경영공시 운영기준,경영공시운영기준,NOTICE_ONLY,사전예고만,unknown,NOTICE_EVIDENCE_ONLY,1,경영공시 운영기준: 사전예고만,2,OFFICIAL_NOTICE_ONLY,사전예고 공식 기록은 있으나 현행 규정 전문을 확인하지 못함,1,0,False,2026-09-08T19:20:38+09:00,2026-09-08T19:20:38+09:00,https://www.kodit.or.kr/common/nttFileDownload.do?fileKey=1f531d97f48697a36c417478dc3e9e6d,,unknown,,사전예고만 확인,사전예고만 확인,v0.4,review_pending
ea4a7a723bc61539,경영자문요령,경영자문요령,EXTRACTION_PENDING,판정대기,current,EXTRACTION_PENDING,1,경영자문요령: 판정대기,2,EXTRACTION_PENDING,공식 원문은 발견했으나 본문 추출·확인이 완료되지 않음,1,0,False,2026-09-08T19:20:38+09:00,2026-09-08T19:20:38+09:00,https://www.alio.go.kr/download/rulefiledown.json?fileNo=11991,efa2980fc9c56957eea3228d4fda9e29690b592b829644b58e7c32771ce7c358,hwp,2011.11.28,,,v0.4,review_pending
251e8c6f8a8d9aaf,경영정보 제공 운영기준,경영정보제공운영기준,NOTICE_ONLY,사전예고만,unknown,NOTICE_EVIDENCE_ONLY,1,경영정보 제공 운영기준: 사전예고만,2,OFFICIAL_NOTICE_ONLY,사전예고 공식 기록은 있으나 현행 규정 전문을 확인하지 못함,1,0,False,2026-09-08T19:20:38+09:00,2026-09-08T19:20:38+09:00,https://www.kodit.or.kr/common/nttFileDownload.do?fileKey=ec8abd2c0852edd4000afcadf1b949e8,,unknown,,사전예고만 확인,사전예고만 확인,v0.4,review_pending
f7913f6d79910cf9,경영정보제공운용기준,경영정보제공운용기준,NOTICE_ONLY,사전예고만,unknown,NOTICE_EVIDENCE_ONLY,1,경영정보제공운용기준: 사전예고만,2,OFFICIAL_NOTICE_ONLY,사전예고 공식 기록은 있으나 현행 규정 전문을 확인하지 못함,1,0,False,2026-09-08T19:20:38+09:00,2026-09-08T19:20:38+09:00,https://www.kodit.or.kr/common/nttFileDownload.do?fileKey=7850038cd742eb5c372db4928372d85f,,unknown,,사전예고만 확인,사전예고만 확인,v0.4,review_pending
47e4b21983ee2e52,경영지도수수료 등 운영기준,경영지도수수료등운영기준,NOTICE_ONLY,사전예고만,unknown,NOTICE_EVIDENCE_ONLY,1,경영지도수수료 등 운영기준: 사전예고만,2,OFFICIAL_NOTICE_ONLY,사전예고 공식 기록은 있으나 현행 규정 전문을 확인하지 못함,1,0,False,2026-09-08T19:20:38+09:00,2026-09-08T19:20:38+09:00,https://www.kodit.or.kr/common/nttFileDownload.do?fileKey=2d021f978261dc481af4d1041697528f,,unknown,,사전예고만 확인,사전예고만 확인,v0.4,review_pending
5a4f44b74d11b5fa,경영지도수수료 등 운용기준,경영지도수수료등운용기준,NOTICE_ONLY,사전예고만,unknown,NOTICE_EVIDENCE_ONLY,1,경영지도수수료 등 운용기준: 사전예고만,2,OFFICIAL_NOTICE_ONLY,사전예고 공식 기록은 있으나 현행 규정 전문을 확인하지 못함,1,0,False,2026-09-08T19:20:38+09:00,2026-09-08T19:20:38+09:00,https://www.kodit.or.kr/common/nttFileDownload.do?fileKey=b0d9b550b2b5903475d9f12badd1b62c,,unknown,,사전예고만 확인,사전예고만 확인,v0.4,review_pending
e75ff1896e1f441d,경영지도요령,경영지도요령,EXTRACTION_PENDING,판정대기,current,EXTRACTION_PENDING,1,경영지도요령: 판정대기,2,EXTRACTION_PENDING,공식 원문은 발견했으나 본문 추출·확인이 완료되지 않음,2,0,False,2026-09-08T19:20:38+09:00,2026-09-08T19:20:38+09:00,https://www.alio.go.kr/download/rulefiledown.json?fileNo=182069,721498fbe34723e1f714a6bdebbffd1fd66731a8b89e9d41b1c12a2fa5465fb5,hwp,2023.11.24,공개 확인,공개 확인,v0.4,review_pending
b3581de23f16a874,경영혁신형 중소기업 선정평가 업무처리 기준,경영혁신형중소기업선정평가업무처리기준,NOTICE_ONLY,사전예고만,unknown,NOTICE_EVIDENCE_ONLY,1,경영혁신형 중소기업 선정평가 업무처리 기준: 사전예고만,2,OFFICIAL_NOTICE_ONLY,사전예고 공식 기록은 있으나 현행 규정 전문을 확인하지 못함,1,0,False,2026-09-08T19:20:38+09:00,2026-09-08T19:20:38+09:00,https://www.kodit.or.kr/common/nttFileDownload.do?fileKey=0a2ed9c0174c54e588111fb1f9b3e649,,unknown,,사전예고만 확인,사전예고만 확인,v0.4,review_pending
de035434dc21a2fc,경쟁력 향상 및 신용관리 프로그램 운용기준,경쟁력향상및신용관리프로그램운용기준,NOTICE_ONLY,사전예고만,unknown,NOTICE_EVIDENCE_ONLY,1,경쟁력 향상 및 신용관리 프로그램 운용기준: 사전예고만,2,OFFICIAL_NOTICE_ONLY,사전예고 공식 기록은 있으나 현행 규정 전문을 확인하지 못함,1,0,False,2026-09-08T19:20:38+09:00,2026-09-08T19:20:38+09:00,https://www.kodit.or.kr/common/nttFileDownload.do?fileKey=ab1b04950b897a3b6793682563c4712b,,unknown,,사전예고만 확인,사전예고만 확인,v0.4,review_pending
5c6ec7d6496f7f5a,경제발전경험 공유사업 업무처리기준,경제발전경험공유사업업무처리기준,NOTICE_ONLY,사전예고만,unknown,NOTICE_EVIDENCE_ONLY,1,경제발전경험 공유사업 업무처리기준: 사전예고만,2,OFFICIAL_NOTICE_ONLY,사전예고 공식 기록은 있으나 현행 규정 전문을 확인하지 못함,1,0,False,2026-09-08T19:20:38+09:00,2026-09-08T19:20:38+09:00,https://www.kodit.or.kr/common/nttFileDownload.do?fileKey=f27c277b25e7ef55539e6ab327772903,,unknown,,사전예고만 확인,사전예고만 확인,v0.4,review_pending
f5a9608380b9c04c,계약요령,계약요령,EXTRACTION_PENDING,판정대기,current,EXTRACTION_PENDING,1,계약요령: 판정대기,2,EXTRACTION_PENDING,공식 원문은 발견했으나 본문 추출·확인이 완료되지 않음,2,0,False,2026-09-08T19:20:38+09:00,2026-09-08T19:20:38+09:00,https://www.alio.go.kr/download/rulefiledown.json?fileNo=208804,e3c533ffd123acffc39116c76f2f70751e2b191019314b53f8000874f508f81a,hwp,2024.12.26,공개 확인,공개 확인,v0.4,review_pending
79a2d7b16d39e126,계약직원 관리기준,계약직원관리기준,NOTICE_ONLY,사전예고만,unknown,NOTICE_EVIDENCE_ONLY,1,계약직원 관리기준: 사전예고만,2,OFFICIAL_NOTICE_ONLY,사전예고 공식 기록은 있으나 현행 규정 전문을 확인하지 못함,1,0,False,2026-09-08T19:20:38+09:00,2026-09-08T19:20:38+09:00,https://www.kodit.or.kr/common/nttFileDownload.do?fileKey=dde331ea988801723b1d0d19da9fbd6c,,unknown,,사전예고만 확인,사전예고만 확인,v0.4,review_pending
3c49a1a84881670b,고객자문단 운영기준,고객자문단운영기준,NOTICE_ONLY,사전예고만,unknown,NOTICE_EVIDENCE_ONLY,1,고객자문단 운영기준: 사전예고만,2,OFFICIAL_NOTICE_ONLY,사전예고 공식 기록은 있으나 현행 규정 전문을 확인하지 못함,1,0,False,2026-09-08T19:20:38+09:00,2026-09-08T19:20:38+09:00,https://www.kodit.or.kr/common/nttFileDownload.do?fileKey=2fb91f2b180bcc7400ffd3c005b81d32,,unknown,,사전예고만 확인,사전예고만 확인,v0.4,review_pending
5068a446085ed142,고문변호사 운영기준,고문변호사운영기준,NOTICE_ONLY,사전예고만,unknown,NOTICE_EVIDENCE_ONLY,1,고문변호사 운영기준: 사전예고만,2,OFFICIAL_NOTICE_ONLY,사전예고 공식 기록은 있으나 현행 규정 전문을 확인하지 못함,1,0,False,2026-09-08T19:20:38+09:00,2026-09-08T19:20:38+09:00,https://www.kodit.or.kr/common/nttFileDownload.do?fileKey=05347b61d511c5d63a9066bb6d1334f9,,unknown,,사전예고만 확인,사전예고만 확인,v0.4,review_pending
9e96c1957be8e5c2,고부가가치 유망서비스기업에 대한 보증 운용기준,고부가가치유망서비스기업에대한보증운용기준,NOTICE_ONLY,사전예고만,unknown,NOTICE_EVIDENCE_ONLY,1,고부가가치 유망서비스기업에 대한 보증 운용기준: 사전예고만,2,OFFICIAL_NOTICE_ONLY,사전예고 공식 기록은 있으나 현행 규정 전문을 확인하지 못함,1,0,False,2026-09-08T19:20:38+09:00,2026-09-08T19:20:38+09:00,https://www.kodit.or.kr/common/nttFileDownload.do?fileKey=3d078319f8eb6ea740582ec66c23b679,,unknown,,사전예고만 확인,사전예고만 확인,v0.4,review_pending
7a68fa40890cab09,고용창출기업군에 대한 유동화회사보증 운용기준,고용창출기업군에대한유동화회사보증운용기준,NOTICE_ONLY,사전예고만,unknown,NOTICE_EVIDENCE_ONLY,1,고용창출기업군에 대한 유동화회사보증 운용기준: 사전예고만,2,OFFICIAL_NOTICE_ONLY,사전예고 공식 기록은 있으나 현행 규정 전문을 확인하지 못함,1,0,False,2026-09-08T19:20:38+09:00,2026-09-08T19:20:38+09:00,https://www.kodit.or.kr/common/nttFileDownload.do?fileKey=82a1709ca216a3282e7640dd73d908cc,,unknown,,매칭 불명,매칭 불명,v0.4,review_pending
ca76e3540f5221ac,고용창출기업에 대한 보증 운용기준,고용창출기업에대한보증운용기준,NOTICE_ONLY,사전예고만,unknown,NOTICE_EVIDENCE_ONLY,1,고용창출기업에 대한 보증 운용기준: 사전예고만,2,OFFICIAL_NOTICE_ONLY,사전예고 공식 기록은 있으나 현행 규정 전문을 확인하지 못함,1,0,False,2026-09-08T19:20:38+09:00,2026-09-08T19:20:38+09:00,https://www.kodit.or.kr/common/nttFileDownload.do?fileKey=f8356da71059f87fcc81dd776da504f9,,unknown,,매칭 불명,매칭 불명,v0.4,review_pending
2bff37627e977691,고용창출기업에 대한 보증 운용기준 외 3개 기준,고용창출기업에대한보증운용기준외3개기준,NOTICE_ONLY,사전예고만,unknown,NOTICE_EVIDENCE_ONLY,1,고용창출기업에 대한 보증 운용기준 외 3개 기준: 사전예고만,2,OFFICIAL_NOTICE_ONLY,사전예고 공식 기록은 있으나 현행 규정 전문을 확인하지 못함,1,0,False,2026-09-08T19:20:38+09:00,2026-09-08T19:20:38+09:00,https://www.kodit.or.kr/common/nttFileDownload.do?fileKey=7a8e05457816fb7f32f8f6cb2995fad6,,unknown,,매칭 불명,매칭 불명,v0.4,review_pending
112bc33f19c7ec41,고용창출기업에 대한 보증프로그램 운용기준,고용창출기업에대한보증프로그램운용기준,EXTRACTION_PENDING,판정대기,current,EXTRACTION_PENDING,1,고용창출기업에 대한 보증프로그램 운용기준: 판정대기,2,EXTRACTION_PENDING,공식 원문은 발견했으나 본문 추출·확인이 완료되지 않음,2,0,False,2026-09-08T19:20:38+09:00,2026-09-08T19:20:38+09:00,https://www.alio.go.kr/download/rulefiledown.json?fileNo=239075,a61758c6f6ecaf4e650edfe56380dd679e56ef8758cd91698d29cceef836da02,hwp,2026.07.16,공개 확인,공개 확인,v0.4,review_pending
6477c5227794df93,고용창출 특례보증,고용창출특례보증,NOTICE_ONLY,사전예고만,unknown,NOTICE_EVIDENCE_ONLY,1,고용창출 특례보증: 사전예고만,2,OFFICIAL_NOTICE_ONLY,사전예고 공식 기록은 있으나 현행 규정 전문을 확인하지 못함,1,0,False,2026-09-08T19:20:38+09:00,2026-09-08T19:20:38+09:00,https://www.kodit.or.kr/common/nttFileDownload.do?fileKey=28a9f65b907b8b678cb125eec11e34b3,,unknown,,,,v0.4,review_pending
3018c54f27504366,고용창출 특례보증 업무처리방법,고용창출특례보증업무처리방법,NOTICE_ONLY,사전예고만,unknown,NOTICE_EVIDENCE_ONLY,1,고용창출 특례보증 업무처리방법: 사전예고만,2,OFFICIAL_NOTICE_ONLY,사전예고 공식 기록은 있으나 현행 규정 전문을 확인하지 못함,1,0,False,2026-09-08T19:20:38+09:00,2026-09-08T19:20:38+09:00,https://www.kodit.or.kr/common/nttFileDownload.do?fileKey=0c65817ce28e1ab01ebe48e90b9e1943,,unknown,,사전예고만 확인,사전예고만 확인,v0.4,review_pending
69bc5562a5c5b742,고용창출 특례보증 운용기준,고용창출특례보증운용기준,NOTICE_ONLY,사전예고만,unknown,NOTICE_EVIDENCE_ONLY,1,고용창출 특례보증 운용기준: 사전예고만,2,OFFICIAL_NOTICE_ONLY,사전예고 공식 기록은 있으나 현행 규정 전문을 확인하지 못함,1,0,False,2026-09-08T19:20:38+09:00,2026-09-08T19:20:38+09:00,https://www.kodit.or.kr/common/nttFileDownload.do?fileKey=123fa4d63f0b104b98a1bdb12c78ae49,,unknown,,사전예고만 확인,사전예고만 확인,v0.4,review_pending
cbaf1e553dc5b416,고용창출 특례보증 프로그램 운용기준,고용창출특례보증프로그램운용기준,NOTICE_ONLY,사전예고만,unknown,NOTICE_EVIDENCE_ONLY,1,고용창출 특례보증 프로그램 운용기준: 사전예고만,2,OFFICIAL_NOTICE_ONLY,사전예고 공식 기록은 있으나 현행 규정 전문을 확인하지 못함,1,0,False,2026-09-08T19:20:38+09:00,2026-09-08T19:20:38+09:00,https://www.kodit.or.kr/common/nttFileDownload.do?fileKey=765b9f002f4ce079724ecd3bfcaa9812,,unknown,,매칭 불명,매칭 불명,v0.4,review_pending
4f6189af14fa3011,고용창출형 Start-up 보증 업무처리방법,고용창출형startup보증업무처리방법,NOTICE_ONLY,사전예고만,abolished,NOTICE_EVIDENCE_ONLY,1,고용창출형 Start-up 보증 업무처리방법: 사전예고만,2,OFFICIAL_NOTICE_ONLY,사전예고 공식 기록은 있으나 현행 규정 전문을 확인하지 못함,1,0,False,2026-09-08T19:20:38+09:00,2026-09-08T19:20:38+09:00,https://www.kodit.or.kr/common/nttFileDownload.do?fileKey=ed5d38a7e970a8dc9bd5178f31027f43,,unknown,,사전예고만 확인,사전예고만 확인,v0.4,review_pending
912b14a113e4b6aa,공공구매론협약보증업무처리방법,공공구매론협약보증업무처리방법,NOTICE_ONLY,사전예고만,abolished,NOTICE_EVIDENCE_ONLY,1,공공구매론협약보증업무처리방법: 사전예고만,2,OFFICIAL_NOTICE_ONLY,사전예고 공식 기록은 있으나 현행 규정 전문을 확인하지 못함,1,0,False,2026-09-08T19:20:38+09:00,2026-09-08T19:20:38+09:00,https://www.kodit.or.kr/common/nttFileDownload.do?fileKey=af1d9224d9f4d7bdc7f889bc3f6fa53a,,unknown,,사전예고만 확인,사전예고만 확인,v0.4,review_pending
3309fd33e8289f3b,공공기관 정상화 비상대책위원회 운영 요령,공공기관정상화비상대책위원회운영요령,EXTRACTION_PENDING,판정대기,current,EXTRACTION_PENDING,1,공공기관 정상화 비상대책위원회 운영 요령: 판정대기,2,EXTRACTION_PENDING,공식 원문은 발견했으나 본문 추출·확인이 완료되지 않음,1,0,False,2026-09-08T19:20:38+09:00,2026-09-08T19:20:38+09:00,https://www.alio.go.kr/download/rulefiledown.json?fileNo=11993,3a92cdd444241d9c6afece4683a34cd32e195da615a303839a2be9514061ddb6,hwp,2014.01.21,,,v0.4,review_pending
fe46f025c7906dd9,공공데이터 제공 및 관리 등에 관한 기준,공공데이터제공및관리등에관한기준,NOTICE_ONLY,사전예고만,unknown,NOTICE_EVIDENCE_ONLY,1,공공데이터 제공 및 관리 등에 관한 기준: 사전예고만,2,OFFICIAL_NOTICE_ONLY,사전예고 공식 기록은 있으나 현행 규정 전문을 확인하지 못함,1,0,False,2026-09-08T19:20:38+09:00,2026-09-08T19:20:38+09:00,https://www.kodit.or.kr/common/nttFileDownload.do?fileKey=004bbf1c110c3fd4b917d7eabf107124,,unknown,,사전예고만 확인,사전예고만 확인,v0.4,review_pending
006c12619e1bd238,공급망 안정화 보증프로그램 운용기준,공급망안정화보증프로그램운용기준,NOTICE_ONLY,사전예고만,unknown,NOTICE_EVIDENCE_ONLY,1,공급망 안정화 보증프로그램 운용기준: 사전예고만,2,OFFICIAL_NOTICE_ONLY,사전예고 공식 기록은 있으나 현행 규정 전문을 확인하지 못함,1,0,False,2026-09-08T19:20:38+09:00,2026-09-08T19:20:38+09:00,https://www.kodit.or.kr/common/nttFileDownload.do?fileKey=f23fa8e15072e23595f2af45b34fcf07,,unknown,,사전예고만 확인,사전예고만 확인,v0.4,review_pending
bcdda7319b40692f,공동 프로젝트 보증 업무처리방법,공동프로젝트보증업무처리방법,EXTRACTION_PENDING,판정대기,current,EXTRACTION_PENDING,1,공동 프로젝트 보증 업무처리방법: 판정대기,2,EXTRACTION_PENDING,공식 원문은 발견했으나 본문 추출·확인이 완료되지 않음,2,0,False,2026-09-08T19:20:38+09:00,2026-09-08T19:20:38+09:00,https://www.alio.go.kr/download/rulefiledown.json?fileNo=239113,44c0befd6fce0bcfdfeb0710063425a0f4a211f63cb00c96f3d4748c321e07f1,hwp,2026.07.16,공개 확인,공개 확인,v0.4,review_pending
d843995bdf6ebe64,공무국외여행기준,공무국외여행기준,NOTICE_ONLY,사전예고만,unknown,NOTICE_EVIDENCE_ONLY,1,공무국외여행기준: 사전예고만,2,OFFICIAL_NOTICE_ONLY,사전예고 공식 기록은 있으나 현행 규정 전문을 확인하지 못함,1,0,False,2026-09-08T19:20:38+09:00,2026-09-08T19:20:38+09:00,https://www.kodit.or.kr/common/nttFileDownload.do?fileKey=3b190dfa112736a42081b90028e16826,,unknown,,매칭 불명,매칭 불명,v0.4,review_pending
a2aba7fde3ea0559,공무국외여행 운영기준,공무국외여행운영기준,EXTRACTION_PENDING,판정대기,current,EXTRACTION_PENDING,1,공무국외여행 운영기준: 판정대기,2,EXTRACTION_PENDING,공식 원문은 발견했으나 본문 추출·확인이 완료되지 않음,2,0,False,2026-09-08T19:20:38+09:00,2026-09-08T19:20:38+09:00,https://www.alio.go.kr/download/rulefiledown.json?fileNo=229866,beca7fe25a96f13fcc3891efbabac73410a2643b721c5b14cd4c94e3c73b0c02,hwp,2026.01.12,공개 확인,공개 확인,v0.4,review_pending
816f1713e81015ae,공익신고 처리기준,공익신고처리기준,NOTICE_ONLY,사전예고만,abolished,NOTICE_EVIDENCE_ONLY,1,공익신고 처리기준: 사전예고만,2,OFFICIAL_NOTICE_ONLY,사전예고 공식 기록은 있으나 현행 규정 전문을 확인하지 못함,1,0,False,2026-09-08T19:20:38+09:00,2026-09-08T19:20:38+09:00,https://www.kodit.or.kr/common/nttFileDownload.do?fileKey=2929c72c79202e91df45726da89a754a,,unknown,,사전예고만 확인,사전예고만 확인,v0.4,review_pending
aef0142d10c04175,공익신고 처리 및 신고자 보호 등에 관한 운영기준,공익신고처리및신고자보호등에관한운영기준,EXTRACTION_PENDING,판정대기,current,EXTRACTION_PENDING,1,공익신고 처리 및 신고자 보호 등에 관한 운영기준: 판정대기,2,EXTRACTION_PENDING,공식 원문은 발견했으나 본문 추출·확인이 완료되지 않음,2,0,False,2026-09-08T19:20:38+09:00,2026-09-08T19:20:38+09:00,https://www.alio.go.kr/download/rulefiledown.json?fileNo=159819,df19afd4b6eda4328a6939b5add43ac3abe099d77f0d1d4aed3d3bb375cc9cf6,hwp,2022.10.27,공개 확인,공개 확인,v0.4,review_pending
72ada9e2a637db06,공인신고 처리기준,공인신고처리기준,NOTICE_ONLY,사전예고만,unknown,NOTICE_EVIDENCE_ONLY,1,공인신고 처리기준: 사전예고만,2,OFFICIAL_NOTICE_ONLY,사전예고 공식 기록은 있으나 현행 규정 전문을 확인하지 못함,1,0,False,2026-09-08T19:20:38+09:00,2026-09-08T19:20:38+09:00,https://www.kodit.or.kr/common/nttFileDownload.do?fileKey=06b9c15774e893d13217b00200afc992,,unknown,,사전예고만 확인,사전예고만 확인,v0.4,review_pending
9b1f434526ce44ad,관계기업보증운용기준,관계기업보증운용기준,NOTICE_ONLY,사전예고만,unknown,NOTICE_EVIDENCE_ONLY,1,관계기업보증운용기준: 사전예고만,2,OFFICIAL_NOTICE_ONLY,사전예고 공식 기록은 있으나 현행 규정 전문을 확인하지 못함,1,0,False,2026-09-08T19:20:38+09:00,2026-09-08T19:20:38+09:00,https://www.kodit.or.kr/common/nttFileDownload.do?fileKey=2277295ce4878ac438082135ccbd78c1,,unknown,,사전예고만 확인,사전예고만 확인,v0.4,review_pending
b44db1ad475a7bfc,관계기업에 대한 보증 운용기준,관계기업에대한보증운용기준,NOTICE_ONLY,사전예고만,abolished,NOTICE_EVIDENCE_ONLY,1,관계기업에 대한 보증 운용기준: 사전예고만,2,OFFICIAL_NOTICE_ONLY,사전예고 공식 기록은 있으나 현행 규정 전문을 확인하지 못함,1,0,False,2026-09-08T19:20:38+09:00,2026-09-08T19:20:38+09:00,https://www.kodit.or.kr/common/nttFileDownload.do?fileKey=c526ca7f708ff9d19af78a2b11439593,,unknown,,사전예고만 확인,사전예고만 확인,v0.4,review_pending
eb26d6d6b9624a11,관련 제기준,관련제기준,NOTICE_ONLY,사전예고만,unknown,NOTICE_EVIDENCE_ONLY,1,관련 제기준: 사전예고만,2,OFFICIAL_NOTICE_ONLY,사전예고 공식 기록은 있으나 현행 규정 전문을 확인하지 못함,1,0,False,2026-09-08T19:20:38+09:00,2026-09-08T19:20:38+09:00,https://www.kodit.or.kr/common/nttFileDownload.do?fileKey=61523421f79f0ce770c5396cd4c4ed2d,,unknown,,사전예고만 확인,사전예고만 확인,v0.4,review_pending
54497db96da85797,관리 등에 관한 기준,관리등에관한기준,NOTICE_ONLY,사전예고만,unknown,NOTICE_EVIDENCE_ONLY,1,관리 등에 관한 기준: 사전예고만,2,OFFICIAL_NOTICE_ONLY,사전예고 공식 기록은 있으나 현행 규정 전문을 확인하지 못함,1,0,False,2026-09-08T19:20:38+09:00,2026-09-08T19:20:38+09:00,https://www.kodit.or.kr/common/nttFileDownload.do?fileKey=16892ae7901e818f7d54166aa4985356,,unknown,,사전예고만 확인,사전예고만 확인,v0.4,review_pending
46fe0872ae30ad3d,관리및매각처분에관한기준,관리및매각처분에관한기준,NOTICE_ONLY,사전예고만,unknown,NOTICE_EVIDENCE_ONLY,1,관리및매각처분에관한기준: 사전예고만,2,OFFICIAL_NOTICE_ONLY,사전예고 공식 기록은 있으나 현행 규정 전문을 확인하지 못함,1,0,False,2026-09-08T19:20:38+09:00,2026-09-08T19:20:38+09:00,https://www.kodit.or.kr/common/nttFileDownload.do?fileKey=c3365f17be43d3aec278c8246b1ab351,,unknown,,사전예고만 확인,사전예고만 확인,v0.4,review_pending
dbb5223f8fb5f287,관할 외 보증 및 이수관 운용기준,관할외보증및이수관운용기준,NOTICE_ONLY,사전예고만,unknown,NOTICE_EVIDENCE_ONLY,1,관할 외 보증 및 이수관 운용기준: 사전예고만,2,OFFICIAL_NOTICE_ONLY,사전예고 공식 기록은 있으나 현행 규정 전문을 확인하지 못함,1,0,False,2026-09-08T19:20:38+09:00,2026-09-08T19:20:38+09:00,https://www.kodit.or.kr/common/nttFileDownload.do?fileKey=7a2f3923efac69ebe03819133b866367,,unknown,,사전예고만 확인,사전예고만 확인,v0.4,review_pending
2ed94f03ecc0fffd,구매자금융보증 운용기준,구매자금융보증운용기준,NOTICE_ONLY,사전예고만,unknown,NOTICE_EVIDENCE_ONLY,1,구매자금융보증 운용기준: 사전예고만,2,OFFICIAL_NOTICE_ONLY,사전예고 공식 기록은 있으나 현행 규정 전문을 확인하지 못함,1,0,False,2026-09-08T19:20:38+09:00,2026-09-08T19:20:38+09:00,https://www.kodit.or.kr/common/nttFileDownload.do?fileKey=73685772edd358666c44e6c7f132af32,,unknown,,사전예고만 확인,사전예고만 확인,v0.4,review_pending
1550b8260919dbfb,구상권관리규정,구상권관리규정,EXTRACTION_PENDING,판정대기,current,EXTRACTION_PENDING,1,구상권관리규정: 판정대기,2,EXTRACTION_PENDING,공식 원문은 발견했으나 본문 추출·확인이 완료되지 않음,2,0,False,2026-09-08T19:20:38+09:00,2026-09-08T19:20:38+09:00,https://www.alio.go.kr/download/rulefiledown.json?fileNo=204462,c9827536270abfd6bf97e18eb173486b3de2faa5e002005096078e11a9cb203e,hwp,2024.10.16,공개 확인,공개 확인,v0.4,review_pending
5a44eba47db6957c,구상권관리 업무처리기준,구상권관리업무처리기준,NOTICE_ONLY,사전예고만,unknown,NOTICE_EVIDENCE_ONLY,1,구상권관리 업무처리기준: 사전예고만,2,OFFICIAL_NOTICE_ONLY,사전예고 공식 기록은 있으나 현행 규정 전문을 확인하지 못함,1,0,False,2026-09-08T19:20:38+09:00,2026-09-08T19:20:38+09:00,https://www.kodit.or.kr/common/nttFileDownload.do?fileKey=580e5a25c79c8a6eec5ec31c461a3ab7,,unknown,,매칭 불명,매칭 불명,v0.4,review_pending
d0403056b5352d29,구상권 관리에 관한 업무처리기준,구상권관리에관한업무처리기준,NOTICE_ONLY,사전예고만,unknown,NOTICE_EVIDENCE_ONLY,1,구상권 관리에 관한 업무처리기준: 사전예고만,2,OFFICIAL_NOTICE_ONLY,사전예고 공식 기록은 있으나 현행 규정 전문을 확인하지 못함,1,0,False,2026-09-08T19:20:38+09:00,2026-09-08T19:20:38+09:00,https://www.kodit.or.kr/common/nttFileDownload.do?fileKey=c95197057f9059c8cd90a66d9f80a09b,,unknown,,매칭 불명,매칭 불명,v0.4,review_pending
a7188cd3e6a11134,구상권 소멸시효 관리기준,구상권소멸시효관리기준,NOTICE_ONLY,사전예고만,unknown,NOTICE_EVIDENCE_ONLY,1,구상권 소멸시효 관리기준: 사전예고만,2,OFFICIAL_NOTICE_ONLY,사전예고 공식 기록은 있으나 현행 규정 전문을 확인하지 못함,1,0,False,2026-09-08T19:20:38+09:00,2026-09-08T19:20:38+09:00,https://www.kodit.or.kr/common/nttFileDownload.do?fileKey=1d4c61eea24cdee011267fae0085d92b,,unknown,,사전예고만 확인,사전예고만 확인,v0.4,review_pending
3d572bf62eb78219,구상권 추심에 관한 업무처리기준,구상권추심에관한업무처리기준,NOTICE_ONLY,사전예고만,unknown,NOTICE_EVIDENCE_ONLY,1,구상권 추심에 관한 업무처리기준: 사전예고만,2,OFFICIAL_NOTICE_ONLY,사전예고 공식 기록은 있으나 현행 규정 전문을 확인하지 못함,1,0,False,2026-09-08T19:20:38+09:00,2026-09-08T19:20:38+09:00,https://www.kodit.or.kr/common/nttFileDownload.do?fileKey=e420c6ebfdfbfcd6cb99e1e1aceaf88e,,unknown,,사전예고만 확인,사전예고만 확인,v0.4,review_pending
dffe8c9a0aa374d6,구상권 회수활동에 관한 업무처리기준,구상권회수활동에관한업무처리기준,NOTICE_ONLY,사전예고만,unknown,NOTICE_EVIDENCE_ONLY,1,구상권 회수활동에 관한 업무처리기준: 사전예고만,2,OFFICIAL_NOTICE_ONLY,사전예고 공식 기록은 있으나 현행 규정 전문을 확인하지 못함,1,0,False,2026-09-08T19:20:38+09:00,2026-09-08T19:20:38+09:00,https://www.kodit.or.kr/common/nttFileDownload.do?fileKey=efcda1dfc29609e0a6e0a8ca67035519,,unknown,,사전예고만 확인,사전예고만 확인,v0.4,review_pending
5d44d288889f841c,구상채권상각 관련 세부업무처리기준,구상채권상각관련세부업무처리기준,NOTICE_ONLY,사전예고만,unknown,NOTICE_EVIDENCE_ONLY,1,구상채권상각 관련 세부업무처리기준: 사전예고만,2,OFFICIAL_NOTICE_ONLY,사전예고 공식 기록은 있으나 현행 규정 전문을 확인하지 못함,1,0,False,2026-09-08T19:20:38+09:00,2026-09-08T19:20:38+09:00,https://www.kodit.or.kr/common/nttFileDownload.do?fileKey=d3c882362f247bc8032e64a009f361d4,,unknown,,사전예고만 확인,사전예고만 확인,v0.4,review_pending
a89609f41abedc8e,구상채권 상각기준,구상채권상각기준,EXTRACTION_PENDING,판정대기,current,EXTRACTION_PENDING,1,구상채권 상각기준: 판정대기,2,EXTRACTION_PENDING,공식 원문은 발견했으나 본문 추출·확인이 완료되지 않음,2,0,False,2026-09-08T19:20:38+09:00,2026-09-08T19:20:38+09:00,https://www.alio.go.kr/download/rulefiledown.json?fileNo=178085,a6221234de384a664fd74e7297442f80742da1a743383adf9a51b874b4f60cce,hwp,2023.09.08,공개 확인,공개 확인,v0.4,review_pending
a2823701fca21d63,구상채무 인수보증 운용기준,구상채무인수보증운용기준,NOTICE_ONLY,사전예고만,unknown,NOTICE_EVIDENCE_ONLY,1,구상채무 인수보증 운용기준: 사전예고만,2,OFFICIAL_NOTICE_ONLY,사전예고 공식 기록은 있으나 현행 규정 전문을 확인하지 못함,1,0,False,2026-09-08T19:20:38+09:00,2026-09-08T19:20:38+09:00,https://www.kodit.or.kr/common/nttFileDownload.do?fileKey=283216972e6224e6ff1c8a84585f1b10,,unknown,,사전예고만 확인,사전예고만 확인,v0.4,review_pending
ca5ec8037766e23e,구조적경영애로기업에대한보증업무처리방법,구조적경영애로기업에대한보증업무처리방법,NOTICE_ONLY,사전예고만,unknown,NOTICE_EVIDENCE_ONLY,1,구조적경영애로기업에대한보증업무처리방법: 사전예고만,2,OFFICIAL_NOTICE_ONLY,사전예고 공식 기록은 있으나 현행 규정 전문을 확인하지 못함,1,0,False,2026-09-08T19:20:38+09:00,2026-09-08T19:20:38+09:00,https://www.kodit.or.kr/common/nttFileDownload.do?fileKey=81a03da897e3e8090cc3aef1b18510df,,unknown,,사전예고만 확인,사전예고만 확인,v0.4,review_pending
552b7fb02fe2b655,국가첨단전략산업 기술혁신 융자사업 우대보증,국가첨단전략산업기술혁신융자사업우대보증,NOTICE_ONLY,사전예고만,unknown,NOTICE_EVIDENCE_ONLY,1,국가첨단전략산업 기술혁신 융자사업 우대보증: 사전예고만,2,OFFICIAL_NOTICE_ONLY,사전예고 공식 기록은 있으나 현행 규정 전문을 확인하지 못함,1,0,False,2026-09-08T19:20:38+09:00,2026-09-08T19:20:38+09:00,https://www.kodit.or.kr/common/nttFileDownload.do?fileKey=4e8b09ec54b57eb60182d5b1213026a1,,unknown,,,,v0.4,review_pending
5ea50e0a16819427,국가첨단전략산업 기술혁신 융자사업 우대보증 업무처리방법,국가첨단전략산업기술혁신융자사업우대보증업무처리방법,NOTICE_ONLY,사전예고만,unknown,NOTICE_EVIDENCE_ONLY,1,국가첨단전략산업 기술혁신 융자사업 우대보증 업무처리방법: 사전예고만,2,OFFICIAL_NOTICE_ONLY,사전예고 공식 기록은 있으나 현행 규정 전문을 확인하지 못함,1,0,False,2026-09-08T19:20:38+09:00,2026-09-08T19:20:38+09:00,https://www.kodit.or.kr/common/nttFileDownload.do?fileKey=4e8b09ec54b57eb60182d5b1213026a1,,unknown,,사전예고만 확인,사전예고만 확인,v0.4,review_pending
655b430654942c7e,국내동반 투자자금 보증 업무처리방법,국내동반투자자금보증업무처리방법,NOTICE_ONLY,사전예고만,unknown,NOTICE_EVIDENCE_ONLY,1,국내동반 투자자금 보증 업무처리방법: 사전예고만,2,OFFICIAL_NOTICE_ONLY,사전예고 공식 기록은 있으나 현행 규정 전문을 확인하지 못함,1,0,False,2026-09-08T19:20:38+09:00,2026-09-08T19:20:38+09:00,https://www.kodit.or.kr/common/nttFileDownload.do?fileKey=adff9452fca0193cb8a0ba88a19b608b,,unknown,,사전예고만 확인,사전예고만 확인,v0.4,review_pending
a340c3643b064c1a,규정관리요령,규정관리요령,EXTRACTION_PENDING,판정대기,current,EXTRACTION_PENDING,1,규정관리요령: 판정대기,2,EXTRACTION_PENDING,공식 원문은 발견했으나 본문 추출·확인이 완료되지 않음,2,0,False,2026-09-08T19:20:38+09:00,2026-09-08T19:20:38+09:00,https://www.alio.go.kr/download/rulefiledown.json?fileNo=230315,9cd59a7f753179a8fa2d4271ab3ffccb3f207208704a63c986ce915dc76ce5e8,hwp,2026.01.22,공개 확인,공개 확인,v0.4,review_pending
dd3f012b6e0f1b3e,규제심의위원회 운영기준,규제심의위원회운영기준,NOTICE_ONLY,사전예고만,unknown,NOTICE_EVIDENCE_ONLY,1,규제심의위원회 운영기준: 사전예고만,2,OFFICIAL_NOTICE_ONLY,사전예고 공식 기록은 있으나 현행 규정 전문을 확인하지 못함,1,0,False,2026-09-08T19:20:38+09:00,2026-09-08T19:20:38+09:00,https://www.kodit.or.kr/common/nttFileDownload.do?fileKey=b3a3ec335c5137c205d7c8a1742c9124,,unknown,,매칭 불명,매칭 불명,v0.4,review_pending
3714e23281b842fc,규제입증위원회 운영기준,규제입증위원회운영기준,NOTICE_ONLY,사전예고만,unknown,NOTICE_EVIDENCE_ONLY,1,규제입증위원회 운영기준: 사전예고만,2,OFFICIAL_NOTICE_ONLY,사전예고 공식 기록은 있으나 현행 규정 전문을 확인하지 못함,1,0,False,2026-09-08T19:20:38+09:00,2026-09-08T19:20:38+09:00,https://www.kodit.or.kr/common/nttFileDownload.do?fileKey=b3a3ec335c5137c205d7c8a1742c9124,,unknown,,사전예고만 확인,사전예고만 확인,v0.4,review_pending
b81cdd695731af57,근거당권이전에 관한 업무처리기준,근거당권이전에관한업무처리기준,NOTICE_ONLY,사전예고만,unknown,NOTICE_EVIDENCE_ONLY,1,근거당권이전에 관한 업무처리기준: 사전예고만,2,OFFICIAL_NOTICE_ONLY,사전예고 공식 기록은 있으나 현행 규정 전문을 확인하지 못함,1,0,False,2026-09-08T19:20:38+09:00,2026-09-08T19:20:38+09:00,https://www.kodit.or.kr/common/nttFileDownload.do?fileKey=512c6e553a7fb8428bbd7541431b9c97,,unknown,,사전예고만 확인,사전예고만 확인,v0.4,review_pending
7b9cc281ea52c0e2,근저당권이전에 관한 업무처리기준,근저당권이전에관한업무처리기준,NOTICE_ONLY,사전예고만,unknown,NOTICE_EVIDENCE_ONLY,1,근저당권이전에 관한 업무처리기준: 사전예고만,2,OFFICIAL_NOTICE_ONLY,사전예고 공식 기록은 있으나 현행 규정 전문을 확인하지 못함,1,0,False,2026-09-08T19:20:38+09:00,2026-09-08T19:20:38+09:00,https://www.kodit.or.kr/common/nttFileDownload.do?fileKey=54a1f5e6468d874c56ae1d9e4c63d192,,unknown,,사전예고만 확인,사전예고만 확인,v0.4,review_pending
180e9ddf8109b40f,글로벌 지식공유사업 업무처리기준,글로벌지식공유사업업무처리기준,EXTRACTION_PENDING,판정대기,current,EXTRACTION_PENDING,1,글로벌 지식공유사업 업무처리기준: 판정대기,2,EXTRACTION_PENDING,공식 원문은 발견했으나 본문 추출·확인이 완료되지 않음,1,0,False,2026-09-08T19:20:38+09:00,2026-09-08T19:20:38+09:00,https://www.alio.go.kr/download/rulefiledown.json?fileNo=230717,3ac7de66bf02ce1ad7e8cec7d89339f0b1b66dee917c8c23adf990aedec6ae7d,hwp,2026.01.27,,,v0.4,review_pending
6f3f80c3efef7ade,금고및중요열쇠관리기준,금고및중요열쇠관리기준,NOTICE_ONLY,사전예고만,abolished,NOTICE_EVIDENCE_ONLY,1,금고및중요열쇠관리기준: 사전예고만,2,OFFICIAL_NOTICE_ONLY,사전예고 공식 기록은 있으나 현행 규정 전문을 확인하지 못함,1,0,False,2026-09-08T19:20:38+09:00,2026-09-08T19:20:38+09:00,https://www.kodit.or.kr/common/nttFileDownload.do?fileKey=718659d1570dc69905f4389f844cbe7e,,unknown,,사전예고만 확인,사전예고만 확인,v0.4,review_pending
b3f5146e25c77ae3,금융교육 운영 기준,금융교육운영기준,NOTICE_ONLY,사전예고만,unknown,NOTICE_EVIDENCE_ONLY,1,금융교육 운영 기준: 사전예고만,2,OFFICIAL_NOTICE_ONLY,사전예고 공식 기록은 있으나 현행 규정 전문을 확인하지 못함,1,0,False,2026-09-08T19:20:38+09:00,2026-09-08T19:20:38+09:00,https://www.kodit.or.kr/common/nttFileDownload.do?fileKey=a64c92b58621620b49d525dc9aab516a,,unknown,,사전예고만 확인,사전예고만 확인,v0.4,review_pending
fcfff7ca3b0433df,금융회사등의 출연금 관리기준,금융회사등의출연금관리기준,NOTICE_ONLY,사전예고만,unknown,NOTICE_EVIDENCE_ONLY,1,금융회사등의 출연금 관리기준: 사전예고만,2,OFFICIAL_NOTICE_ONLY,사전예고 공식 기록은 있으나 현행 규정 전문을 확인하지 못함,1,0,False,2026-09-08T19:20:38+09:00,2026-09-08T19:20:38+09:00,https://www.kodit.or.kr/common/nttFileDownload.do?fileKey=6fe0082550372b920bbfbd7af00178e3,,unknown,,사전예고만 확인,사전예고만 확인,v0.4,review_pending
a83c34141a852926,금융회사 특별출연 및 보증료 지원 등에 관한 협약보증 운용기준,금융회사특별출연및보증료지원등에관한협약보증운용기준,EXTRACTION_PENDING,판정대기,current,EXTRACTION_PENDING,1,금융회사 특별출연 및 보증료 지원 등에 관한 협약보증 운용기준: 판정대기,2,EXTRACTION_PENDING,공식 원문은 발견했으나 본문 추출·확인이 완료되지 않음,2,0,False,2026-09-08T19:20:38+09:00,2026-09-08T19:20:38+09:00,https://www.alio.go.kr/download/rulefiledown.json?fileNo=239079,a8c96f6f467ca0c3a8614b8f198ded541bd3cab8faf555bbc9e511d4cf8c9faa,hwp,2026.07.16,공개 확인,공개 확인,v0.4,review_pending
8d161acbf9d63229,금융회사 특별출연·보증료 지원 협약보증 운용기준,금융회사특별출연보증료지원협약보증운용기준,NOTICE_ONLY,사전예고만,unknown,NOTICE_EVIDENCE_ONLY,1,금융회사 특별출연·보증료 지원 협약보증 운용기준: 사전예고만,2,OFFICIAL_NOTICE_ONLY,사전예고 공식 기록은 있으나 현행 규정 전문을 확인하지 못함,1,0,False,2026-09-08T19:20:38+09:00,2026-09-08T19:20:38+09:00,https://www.kodit.or.kr/common/nttFileDownload.do?fileKey=a6e5d63540837d919ce9cac90cbf7f97,,unknown,,매칭 불명,매칭 불명,v0.4,review_pending
04252bda6c7bd6ae,금전 등 관리기준,금전등관리기준,NOTICE_ONLY,사전예고만,abolished,NOTICE_EVIDENCE_ONLY,1,금전 등 관리기준: 사전예고만,2,OFFICIAL_NOTICE_ONLY,사전예고 공식 기록은 있으나 현행 규정 전문을 확인하지 못함,1,0,False,2026-09-08T19:20:38+09:00,2026-09-08T19:20:38+09:00,https://www.kodit.or.kr/common/nttFileDownload.do?fileKey=0760f9a8a1c8813d0757ebb5914316b1,,unknown,,사전예고만 확인,사전예고만 확인,v0.4,review_pending
8f6e7c87e33bdced,금품등 수수의 신고사무 처리기준,금품등수수의신고사무처리기준,NOTICE_ONLY,사전예고만,unknown,NOTICE_EVIDENCE_ONLY,1,금품등 수수의 신고사무 처리기준: 사전예고만,2,OFFICIAL_NOTICE_ONLY,사전예고 공식 기록은 있으나 현행 규정 전문을 확인하지 못함,1,0,False,2026-09-08T19:20:38+09:00,2026-09-08T19:20:38+09:00,https://www.kodit.or.kr/common/nttFileDownload.do?fileKey=03d1e5fec5e32349baab2e728ed7e618,,unknown,,매칭 불명,매칭 불명,v0.4,review_pending
c153ccd13465ba5b,기록관 운영기준,기록관운영기준,NOTICE_ONLY,사전예고만,unknown,NOTICE_EVIDENCE_ONLY,1,기록관 운영기준: 사전예고만,2,OFFICIAL_NOTICE_ONLY,사전예고 공식 기록은 있으나 현행 규정 전문을 확인하지 못함,1,0,False,2026-09-08T19:20:38+09:00,2026-09-08T19:20:38+09:00,https://www.kodit.or.kr/common/nttFileDownload.do?fileKey=d7f4a5ae6d6c5c4a42884d80ef95628d,,unknown,,사전예고만 확인,사전예고만 확인,v0.4,review_pending
475859e725267eb9,기록물관리업무처리기준,기록물관리업무처리기준,NOTICE_ONLY,사전예고만,unknown,NOTICE_EVIDENCE_ONLY,1,기록물관리업무처리기준: 사전예고만,2,OFFICIAL_NOTICE_ONLY,사전예고 공식 기록은 있으나 현행 규정 전문을 확인하지 못함,1,0,False,2026-09-08T19:20:38+09:00,2026-09-08T19:20:38+09:00,https://www.kodit.or.kr/common/nttFileDownload.do?fileKey=31ba5d07e4e4566e1a568b0a5374d3e5,,unknown,,매칭 불명,매칭 불명,v0.4,review_pending
75dd98449b7cce3e,기록물관리에관한규정,기록물관리에관한규정,NOTICE_ONLY,사전예고만,unknown,NOTICE_EVIDENCE_ONLY,1,기록물관리에관한규정: 사전예고만,2,OFFICIAL_NOTICE_ONLY,사전예고 공식 기록은 있으나 현행 규정 전문을 확인하지 못함,1,0,False,2026-09-08T19:20:38+09:00,2026-09-08T19:20:38+09:00,https://www.kodit.or.kr/common/nttFileDownload.do?fileKey=56618458496416580e3c8ffb8fa339ca,,unknown,,매칭 불명,매칭 불명,v0.4,review_pending
8e4d788471e512a2,기록물 관리요령,기록물관리요령,EXTRACTION_PENDING,판정대기,current,EXTRACTION_PENDING,1,기록물 관리요령: 판정대기,2,EXTRACTION_PENDING,공식 원문은 발견했으나 본문 추출·확인이 완료되지 않음,2,0,False,2026-09-08T19:20:38+09:00,2026-09-08T19:20:38+09:00,https://www.alio.go.kr/download/rulefiledown.json?fileNo=184852,75894864c8f093a5cbcca51eab13ee868a83cfa5ba210090e1374dfa7934a91a,hwp,2023.12.21,공개 확인,공개 확인,v0.4,review_pending
716a8b2a5ec94f63,기술가치평가 및 기술평가 자문인력 운용기준,기술가치평가및기술평가자문인력운용기준,NOTICE_ONLY,사전예고만,unknown,NOTICE_EVIDENCE_ONLY,1,기술가치평가 및 기술평가 자문인력 운용기준: 사전예고만,2,OFFICIAL_NOTICE_ONLY,사전예고 공식 기록은 있으나 현행 규정 전문을 확인하지 못함,1,0,False,2026-09-08T19:20:38+09:00,2026-09-08T19:20:38+09:00,https://www.kodit.or.kr/common/nttFileDownload.do?fileKey=10ea586b7b20b4e51644ae6960e10b72,,unknown,,매칭 불명,매칭 불명,v0.4,review_pending
c3786507aafe2f18,기술가치평가 운영요령,기술가치평가운영요령,NOTICE_ONLY,사전예고만,unknown,NOTICE_EVIDENCE_ONLY,1,기술가치평가 운영요령: 사전예고만,2,OFFICIAL_NOTICE_ONLY,사전예고 공식 기록은 있으나 현행 규정 전문을 확인하지 못함,1,0,False,2026-09-08T19:20:38+09:00,2026-09-08T19:20:38+09:00,https://www.kodit.or.kr/common/nttFileDownload.do?fileKey=6ab73ed650db2d7b294fb3e9d7749bc6,,unknown,,매칭 불명,매칭 불명,v0.4,review_pending
d851892c459e0ae0,기술가치평가 운용기준,기술가치평가운용기준,NOTICE_ONLY,사전예고만,unknown,NOTICE_EVIDENCE_ONLY,1,기술가치평가 운용기준: 사전예고만,2,OFFICIAL_NOTICE_ONLY,사전예고 공식 기록은 있으나 현행 규정 전문을 확인하지 못함,1,0,False,2026-09-08T19:20:38+09:00,2026-09-08T19:20:38+09:00,https://www.kodit.or.kr/common/nttFileDownload.do?fileKey=42020e1125a621544bebd85996438e43,,unknown,,매칭 불명,매칭 불명,v0.4,review_pending
adb64632bb0c0146,기술가치평가 운용요령,기술가치평가운용요령,NOTICE_ONLY,사전예고만,unknown,NOTICE_EVIDENCE_ONLY,1,기술가치평가 운용요령: 사전예고만,2,OFFICIAL_NOTICE_ONLY,사전예고 공식 기록은 있으나 현행 규정 전문을 확인하지 못함,1,0,False,2026-09-08T19:20:38+09:00,2026-09-08T19:20:38+09:00,https://www.kodit.or.kr/common/nttFileDownload.do?fileKey=6bdbadb67514824e796ab4c0a5719d9e,,unknown,,매칭 불명,매칭 불명,v0.4,review_pending
d7210557a437738a,기술개발관련자금에대한보증운용기준,기술개발관련자금에대한보증운용기준,NOTICE_ONLY,사전예고만,abolished,NOTICE_EVIDENCE_ONLY,1,기술개발관련자금에대한보증운용기준: 사전예고만,2,OFFICIAL_NOTICE_ONLY,사전예고 공식 기록은 있으나 현행 규정 전문을 확인하지 못함,1,0,False,2026-09-08T19:20:38+09:00,2026-09-08T19:20:38+09:00,https://www.kodit.or.kr/common/nttFileDownload.do?fileKey=af1d9224d9f4d7bdc7f889bc3f6fa53a,,unknown,,사전예고만 확인,사전예고만 확인,v0.4,review_pending
0c31bc6a4ad1a0ad,기술기반 기업에 대한 보증프로그램 운용기준,기술기반기업에대한보증프로그램운용기준,NOTICE_ONLY,사전예고만,unknown,NOTICE_EVIDENCE_ONLY,1,기술기반 기업에 대한 보증프로그램 운용기준: 사전예고만,2,OFFICIAL_NOTICE_ONLY,사전예고 공식 기록은 있으나 현행 규정 전문을 확인하지 못함,1,0,False,2026-09-08T19:20:38+09:00,2026-09-08T19:20:38+09:00,https://www.kodit.or.kr/common/nttFileDownload.do?fileKey=10214dc6c28d958067437b20db1876f5,,unknown,,매칭 불명,매칭 불명,v0.4,review_pending
1d76c31cde7f51de,기술성장 지원 프로그램 운용기준,기술성장지원프로그램운용기준,EXTRACTION_PENDING,판정대기,current,EXTRACTION_PENDING,1,기술성장 지원 프로그램 운용기준: 판정대기,2,EXTRACTION_PENDING,공식 원문은 발견했으나 본문 추출·확인이 완료되지 않음,2,0,False,2026-09-08T19:20:38+09:00,2026-09-08T19:20:38+09:00,https://www.alio.go.kr/download/rulefiledown.json?fileNo=219956,9d51cf6061235cf2f3b5e2655aef9fa8ab3b4073a574636340bd141ea8d26f1d,hwp,2025.08.08,공개 확인,공개 확인,v0.4,review_pending
66fe69fae3f76963,기술역량평가시스템 운용기준,기술역량평가시스템운용기준,EXTRACTION_PENDING,판정대기,current,EXTRACTION_PENDING,1,기술역량평가시스템 운용기준: 판정대기,2,EXTRACTION_PENDING,공식 원문은 발견했으나 본문 추출·확인이 완료되지 않음,2,0,False,2026-09-08T19:20:38+09:00,2026-09-08T19:20:38+09:00,https://www.alio.go.kr/download/rulefiledown.json?fileNo=230468,20d005e22d5464a1770700b798a06b3a2ed15ec6660437022042f2e79dda91e2,hwp,2026.01.26,공개 확인,공개 확인,v0.4,review_pending
4212b37a250511b1,기술역량평가 운용기준,기술역량평가운용기준,EXTRACTION_PENDING,판정대기,current,EXTRACTION_PENDING,1,기술역량평가 운용기준: 판정대기,2,EXTRACTION_PENDING,공식 원문은 발견했으나 본문 추출·확인이 완료되지 않음,2,0,False,2026-09-08T19:20:38+09:00,2026-09-08T19:20:38+09:00,https://www.alio.go.kr/download/rulefiledown.json?fileNo=230467,2f46e6c9a47d7546467c8e30ece2359cede39180521d30003bea94596ca15223,hwp,2026.01.26,공개 확인,공개 확인,v0.4,review_pending
7cc7bc7a02ebc42b,기술역량평가 특례조치,기술역량평가특례조치,NOTICE_ONLY,사전예고만,unknown,NOTICE_EVIDENCE_ONLY,1,기술역량평가 특례조치: 사전예고만,2,OFFICIAL_NOTICE_ONLY,사전예고 공식 기록은 있으나 현행 규정 전문을 확인하지 못함,1,0,False,2026-09-08T19:20:38+09:00,2026-09-08T19:20:38+09:00,https://www.kodit.or.kr/common/nttFileDownload.do?fileKey=fd087525deee6561f65a67871a9ec897,,unknown,,,,v0.4,review_pending
de9e0218a1a364a8,기술특례상장 전문평가 운용기준,기술특례상장전문평가운용기준,NOTICE_ONLY,사전예고만,unknown,NOTICE_EVIDENCE_ONLY,1,기술특례상장 전문평가 운용기준: 사전예고만,2,OFFICIAL_NOTICE_ONLY,사전예고 공식 기록은 있으나 현행 규정 전문을 확인하지 못함,1,0,False,2026-09-08T19:20:38+09:00,2026-09-08T19:20:38+09:00,https://www.kodit.or.kr/common/nttFileDownload.do?fileKey=47f2e1248d5ed09d2e5f2593b18873c5,,unknown,,사전예고만 확인,사전예고만 확인,v0.4,review_pending
1c91f447215112cb,기술평가요령,기술평가요령,EXTRACTION_PENDING,판정대기,current,EXTRACTION_PENDING,1,기술평가요령: 판정대기,2,EXTRACTION_PENDING,공식 원문은 발견했으나 본문 추출·확인이 완료되지 않음,2,0,False,2026-09-08T19:20:38+09:00,2026-09-08T19:20:38+09:00,https://www.alio.go.kr/download/rulefiledown.json?fileNo=230389,135aa2e4732ac34cb2e9538ac64b788e4bf143c7b8da4b183b5360712fa193f7,hwp,2026.01.21,공개 확인,공개 확인,v0.4,review_pending
c5b9963fdaafc0c1,기술평가 자문인력 운용기준,기술평가자문인력운용기준,EXTRACTION_PENDING,판정대기,current,EXTRACTION_PENDING,1,기술평가 자문인력 운용기준: 판정대기,2,EXTRACTION_PENDING,공식 원문은 발견했으나 본문 추출·확인이 완료되지 않음,2,0,False,2026-09-08T19:20:38+09:00,2026-09-08T19:20:38+09:00,https://www.alio.go.kr/download/rulefiledown.json?fileNo=223262,fa13bb752c30456a0cb03f464b03029fe9d414d83470d61371580764280dffd3,hwp,2025.10.29,공개 확인,공개 확인,v0.4,review_pending
abe705a81d614906,기업가치평가보증운용기준,기업가치평가보증운용기준,NOTICE_ONLY,사전예고만,unknown,NOTICE_EVIDENCE_ONLY,1,기업가치평가보증운용기준: 사전예고만,2,OFFICIAL_NOTICE_ONLY,사전예고 공식 기록은 있으나 현행 규정 전문을 확인하지 못함,1,0,False,2026-09-08T19:20:38+09:00,2026-09-08T19:20:38+09:00,https://www.kodit.or.kr/common/nttFileDownload.do?fileKey=eaebda8421cfacb4c6e11e9173a8d23b,,unknown,,사전예고만 확인,사전예고만 확인,v0.4,review_pending
1e0f1a17597c2b65,기업구조조정 업무처리기준,기업구조조정업무처리기준,NOTICE_ONLY,사전예고만,unknown,NOTICE_EVIDENCE_ONLY,1,기업구조조정 업무처리기준: 사전예고만,2,OFFICIAL_NOTICE_ONLY,사전예고 공식 기록은 있으나 현행 규정 전문을 확인하지 못함,1,0,False,2026-09-08T19:20:38+09:00,2026-09-08T19:20:38+09:00,https://www.kodit.or.kr/common/nttFileDownload.do?fileKey=5a6b454fcc246ae7fb5963ba1c6ec825,,unknown,,사전예고만 확인,사전예고만 확인,v0.4,review_pending
6f2a09fdc6970c75,기업구조조정촉진법적용기업에대한업무처리기준,기업구조조정촉진법적용기업에대한업무처리기준,NOTICE_ONLY,사전예고만,unknown,NOTICE_EVIDENCE_ONLY,1,기업구조조정촉진법적용기업에대한업무처리기준: 사전예고만,2,OFFICIAL_NOTICE_ONLY,사전예고 공식 기록은 있으나 현행 규정 전문을 확인하지 못함,1,0,False,2026-09-08T19:20:38+09:00,2026-09-08T19:20:38+09:00,https://www.kodit.or.kr/common/nttFileDownload.do?fileKey=a2ec41b5d5d78a05d38f4c38cfa491d4,,unknown,,사전예고만 확인,사전예고만 확인,v0.4,review_pending
9e2fc2e0dc0e714f,기업구조조정촉진법 적응기업에 대한 업무처리 기준,기업구조조정촉진법적응기업에대한업무처리기준,NOTICE_ONLY,사전예고만,unknown,NOTICE_EVIDENCE_ONLY,1,기업구조조정촉진법 적응기업에 대한 업무처리 기준: 사전예고만,2,OFFICIAL_NOTICE_ONLY,사전예고 공식 기록은 있으나 현행 규정 전문을 확인하지 못함,1,0,False,2026-09-08T19:20:38+09:00,2026-09-08T19:20:38+09:00,https://www.kodit.or.kr/common/nttFileDownload.do?fileKey=a2ec41b5d5d78a05d38f4c38cfa491d4,,unknown,,사전예고만 확인,사전예고만 확인,v0.4,review_pending
5cfe267960391005,기업 금융애로 지원을 위한 업무처리기준,기업금융애로지원을위한업무처리기준,NOTICE_ONLY,사전예고만,abolished,NOTICE_EVIDENCE_ONLY,1,기업 금융애로 지원을 위한 업무처리기준: 사전예고만,2,OFFICIAL_NOTICE_ONLY,사전예고 공식 기록은 있으나 현행 규정 전문을 확인하지 못함,1,0,False,2026-09-08T19:20:38+09:00,2026-09-08T19:20:38+09:00,https://www.kodit.or.kr/common/nttFileDownload.do?fileKey=7c30b31c86fe2f580b5ce9d83ecb854c,,unknown,,사전예고만 확인,사전예고만 확인,v0.4,review_pending
cfa11ab8b59f2b86,기업신용등급제공 업무 기준,기업신용등급제공업무기준,NOTICE_ONLY,사전예고만,unknown,NOTICE_EVIDENCE_ONLY,1,기업신용등급제공 업무 기준: 사전예고만,2,OFFICIAL_NOTICE_ONLY,사전예고 공식 기록은 있으나 현행 규정 전문을 확인하지 못함,1,0,False,2026-09-08T19:20:38+09:00,2026-09-08T19:20:38+09:00,https://www.kodit.or.kr/common/nttFileDownload.do?fileKey=08b78f251f1c07b487fc0dd4039a1247,,unknown,,사전예고만 확인,사전예고만 확인,v0.4,review_pending
1e5f104d689807ce,기업어음 차환발행기업 지원 특별대출보증 업무처리방법,기업어음차환발행기업지원특별대출보증업무처리방법,EXTRACTION_PENDING,판정대기,current,EXTRACTION_PENDING,1,기업어음 차환발행기업 지원 특별대출보증 업무처리방법: 판정대기,2,EXTRACTION_PENDING,공식 원문은 발견했으나 본문 추출·확인이 완료되지 않음,2,0,False,2026-09-08T19:20:38+09:00,2026-09-08T19:20:38+09:00,https://www.alio.go.kr/download/rulefiledown.json?fileNo=239640,03bc5d3e992f2d5ba3550e7c256af1e1b1df58a73ed65108d39fa8827e7f3a95,hwp,2026.07.23,공개 확인,공개 확인,v0.4,review_pending
38a7a477680f13c3,기업연수 운영기준,기업연수운영기준,NOTICE_ONLY,사전예고만,unknown,NOTICE_EVIDENCE_ONLY,1,기업연수 운영기준: 사전예고만,2,OFFICIAL_NOTICE_ONLY,사전예고 공식 기록은 있으나 현행 규정 전문을 확인하지 못함,1,0,False,2026-09-08T19:20:38+09:00,2026-09-08T19:20:38+09:00,https://www.kodit.or.kr/common/nttFileDownload.do?fileKey=afdb49d83c5eb7b7a95d203aaffcdaa5,,unknown,,사전예고만 확인,사전예고만 확인,v0.4,review_pending
2b9a952120aa4f07,기업연수 운용기준,기업연수운용기준,NOTICE_ONLY,사전예고만,unknown,NOTICE_EVIDENCE_ONLY,1,기업연수 운용기준: 사전예고만,2,OFFICIAL_NOTICE_ONLY,사전예고 공식 기록은 있으나 현행 규정 전문을 확인하지 못함,1,0,False,2026-09-08T19:20:38+09:00,2026-09-08T19:20:38+09:00,https://www.kodit.or.kr/common/nttFileDownload.do?fileKey=79fea924f29f25bcf4b90b87e3926adf,,unknown,,사전예고만 확인,사전예고만 확인,v0.4,review_pending
97410ebea161ebf2,기업정보조회 및 기업신용등급제공 업무 기준,기업정보조회및기업신용등급제공업무기준,NOTICE_ONLY,사전예고만,unknown,NOTICE_EVIDENCE_ONLY,1,기업정보조회 및 기업신용등급제공 업무 기준: 사전예고만,2,OFFICIAL_NOTICE_ONLY,사전예고 공식 기록은 있으나 현행 규정 전문을 확인하지 못함,1,0,False,2026-09-08T19:20:38+09:00,2026-09-08T19:20:38+09:00,https://www.kodit.or.kr/common/nttFileDownload.do?fileKey=08b78f251f1c07b487fc0dd4039a1247,,unknown,,명칭변경·통합·폐지 확인,명칭변경·통합·폐지 확인,v0.4,review_pending
9d7eb8f3d3c5968b,납세보증 운용기준,납세보증운용기준,NOTICE_ONLY,사전예고만,unknown,NOTICE_EVIDENCE_ONLY,1,납세보증 운용기준: 사전예고만,2,OFFICIAL_NOTICE_ONLY,사전예고 공식 기록은 있으나 현행 규정 전문을 확인하지 못함,1,0,False,2026-09-08T19:20:38+09:00,2026-09-08T19:20:38+09:00,https://www.kodit.or.kr/common/nttFileDownload.do?fileKey=10214dc6c28d958067437b20db1876f5,,unknown,,사전예고만 확인,사전예고만 확인,v0.4,review_pending
05150107c30f9aca,내부공익신고 처리기준,내부공익신고처리기준,NOTICE_ONLY,사전예고만,unknown,NOTICE_EVIDENCE_ONLY,1,내부공익신고 처리기준: 사전예고만,2,OFFICIAL_NOTICE_ONLY,사전예고 공식 기록은 있으나 현행 규정 전문을 확인하지 못함,1,0,False,2026-09-08T19:20:38+09:00,2026-09-08T19:20:38+09:00,https://www.kodit.or.kr/common/nttFileDownload.do?fileKey=a2d587c4e94ada76f5e57ca68015b40e,,unknown,,사전예고만 확인,사전예고만 확인,v0.4,review_pending
b2fc48ae01d9805a,내부부조리신고및공익신고처리기준,내부부조리신고및공익신고처리기준,NOTICE_ONLY,사전예고만,unknown,NOTICE_EVIDENCE_ONLY,1,내부부조리신고및공익신고처리기준: 사전예고만,2,OFFICIAL_NOTICE_ONLY,사전예고 공식 기록은 있으나 현행 규정 전문을 확인하지 못함,1,0,False,2026-09-08T19:20:38+09:00,2026-09-08T19:20:38+09:00,https://www.kodit.or.kr/common/nttFileDownload.do?fileKey=4fdc177a160c5b82af3b6d340ad0cc49,,unknown,,사전예고만 확인,사전예고만 확인,v0.4,review_pending
21f1a3da351bd9c7,내부통제 관련 감사업무처리기준,내부통제관련감사업무처리기준,NOTICE_ONLY,사전예고만,unknown,NOTICE_EVIDENCE_ONLY,1,내부통제 관련 감사업무처리기준: 사전예고만,2,OFFICIAL_NOTICE_ONLY,사전예고 공식 기록은 있으나 현행 규정 전문을 확인하지 못함,1,0,False,2026-09-08T19:20:38+09:00,2026-09-08T19:20:38+09:00,https://www.kodit.or.kr/common/nttFileDownload.do?fileKey=74aa5ef281fe29e63362c08c25ca825a,,unknown,,사전예고만 확인,사전예고만 확인,v0.4,review_pending
6080e0ad654508d3,내부통제요령,내부통제요령,EXTRACTION_PENDING,판정대기,current,EXTRACTION_PENDING,1,내부통제요령: 판정대기,2,EXTRACTION_PENDING,공식 원문은 발견했으나 본문 추출·확인이 완료되지 않음,2,0,False,2026-09-08T19:20:38+09:00,2026-09-08T19:20:38+09:00,https://www.alio.go.kr/download/rulefiledown.json?fileNo=227947,35c13ef6fa0f328da6f3eec1e0f37684c9cfcacb4069bb6e517c700493edb2ce,hwp,2025.12.31,공개 확인,공개 확인,v0.4,review_pending
f65fce632ebf89d0,내부통제 운영기준,내부통제운영기준,EXTRACTION_PENDING,판정대기,current,EXTRACTION_PENDING,1,내부통제 운영기준: 판정대기,2,EXTRACTION_PENDING,공식 원문은 발견했으나 본문 추출·확인이 완료되지 않음,2,0,False,2026-09-08T19:20:38+09:00,2026-09-08T19:20:38+09:00,https://www.alio.go.kr/download/rulefiledown.json?fileNo=227946,5150e7307413562211d9de404da2d3571c51b3ffedded14ab690f6eb41831c91,hwp,2025.12.31,공개 확인,공개 확인,v0.4,review_pending
50360af1025b16dd,내부통제체계감사기준,내부통제체계감사기준,NOTICE_ONLY,사전예고만,abolished,NOTICE_EVIDENCE_ONLY,1,내부통제체계감사기준: 사전예고만,2,OFFICIAL_NOTICE_ONLY,사전예고 공식 기록은 있으나 현행 규정 전문을 확인하지 못함,1,0,False,2026-09-08T19:20:38+09:00,2026-09-08T19:20:38+09:00,https://www.kodit.or.kr/common/nttFileDownload.do?fileKey=955398f815182e8872a21317c063ef2d,,unknown,,사전예고만 확인,사전예고만 확인,v0.4,review_pending
db72e29a33169fbe,네이버 이커머스 사업자 대안평가시스템 운용기준,네이버이커머스사업자대안평가시스템운용기준,NOTICE_ONLY,사전예고만,unknown,NOTICE_EVIDENCE_ONLY,1,네이버 이커머스 사업자 대안평가시스템 운용기준: 사전예고만,2,OFFICIAL_NOTICE_ONLY,사전예고 공식 기록은 있으나 현행 규정 전문을 확인하지 못함,1,0,False,2026-09-08T19:20:38+09:00,2026-09-08T19:20:38+09:00,https://www.kodit.or.kr/common/nttFileDownload.do?fileKey=c5d30186506b27290da8ed565efc1050,,unknown,,사전예고만 확인,사전예고만 확인,v0.4,review_pending
960839b43a0cc8c1,녹색 공정전환 보증 계정 운용기준,녹색공정전환보증계정운용기준,NOTICE_ONLY,사전예고만,unknown,NOTICE_EVIDENCE_ONLY,1,녹색 공정전환 보증 계정 운용기준: 사전예고만,2,OFFICIAL_NOTICE_ONLY,사전예고 공식 기록은 있으나 현행 규정 전문을 확인하지 못함,1,0,False,2026-09-08T19:20:38+09:00,2026-09-08T19:20:38+09:00,https://www.kodit.or.kr/common/nttFileDownload.do?fileKey=34dc880da5cfacf944006b1930464672,,unknown,,매칭 불명,매칭 불명,v0.4,review_pending
e422793436fd5070,녹색 공정전환 보증 계정 운용요령,녹색공정전환보증계정운용요령,NOTICE_ONLY,사전예고만,unknown,NOTICE_EVIDENCE_ONLY,1,녹색 공정전환 보증 계정 운용요령: 사전예고만,2,OFFICIAL_NOTICE_ONLY,사전예고 공식 기록은 있으나 현행 규정 전문을 확인하지 못함,1,0,False,2026-09-08T19:20:38+09:00,2026-09-08T19:20:38+09:00,https://www.kodit.or.kr/common/nttFileDownload.do?fileKey=34dc880da5cfacf944006b1930464672,,unknown,,매칭 불명,매칭 불명,v0.4,review_pending
eea0e2cdca71ce1d,녹색 공정전환 보증 부실 및 구상권 관리에 관한 업무처리기준,녹색공정전환보증부실및구상권관리에관한업무처리기준,NOTICE_ONLY,사전예고만,unknown,NOTICE_EVIDENCE_ONLY,1,녹색 공정전환 보증 부실 및 구상권 관리에 관한 업무처리기준: 사전예고만,2,OFFICIAL_NOTICE_ONLY,사전예고 공식 기록은 있으나 현행 규정 전문을 확인하지 못함,1,0,False,2026-09-08T19:20:38+09:00,2026-09-08T19:20:38+09:00,https://www.kodit.or.kr/common/nttFileDownload.do?fileKey=53d9eed6db7b343d601c50148ce8bf76,,unknown,,매칭 불명,매칭 불명,v0.4,review_pending
13042c5c7a5d1fd5,녹색 공정전환 보증 업무방법서,녹색공정전환보증업무방법서,EXTRACTION_PENDING,판정대기,current,EXTRACTION_PENDING,1,녹색 공정전환 보증 업무방법서: 판정대기,2,EXTRACTION_PENDING,공식 원문은 발견했으나 본문 추출·확인이 완료되지 않음,2,0,False,2026-09-08T19:20:38+09:00,2026-09-08T19:20:38+09:00,https://www.alio.go.kr/download/rulefiledown.json?fileNo=214765,dcfb7efe781dcbe20e643b2c0fa3cca49a0a9f4dc16755e3a42ae840fdde23b2,hwp,2025.04.07,공개 확인,공개 확인,v0.4,review_pending
7dc3d3ed0163fc56,녹색 공정전환 보증 업무요령,녹색공정전환보증업무요령,EXTRACTION_PENDING,판정대기,current,EXTRACTION_PENDING,1,녹색 공정전환 보증 업무요령: 판정대기,2,EXTRACTION_PENDING,공식 원문은 발견했으나 본문 추출·확인이 완료되지 않음,2,0,False,2026-09-08T19:20:38+09:00,2026-09-08T19:20:38+09:00,https://www.alio.go.kr/download/rulefiledown.json?fileNo=225272,dbf649dcdcd345a0a256b7b28f3ea39493549cf3440a5535e873bd491a703dc5,hwp,2025.12.11,공개 확인,공개 확인,v0.4,review_pending
a2e4634ca667452a,녹색 공정전환 보증 업무처리방법,녹색공정전환보증업무처리방법,NOTICE_ONLY,사전예고만,unknown,NOTICE_EVIDENCE_ONLY,1,녹색 공정전환 보증 업무처리방법: 사전예고만,2,OFFICIAL_NOTICE_ONLY,사전예고 공식 기록은 있으나 현행 규정 전문을 확인하지 못함,1,0,False,2026-09-08T19:20:38+09:00,2026-09-08T19:20:38+09:00,https://www.kodit.or.kr/common/nttFileDownload.do?fileKey=9b9585e288858014a8feb9244190f152,,unknown,,매칭 불명,매칭 불명,v0.4,review_pending
891e6d920f52cbdb,녹색 공정전환 보증 제기준,녹색공정전환보증제기준,NOTICE_ONLY,사전예고만,unknown,NOTICE_EVIDENCE_ONLY,1,녹색 공정전환 보증 제기준: 사전예고만,2,OFFICIAL_NOTICE_ONLY,사전예고 공식 기록은 있으나 현행 규정 전문을 확인하지 못함,1,0,False,2026-09-08T19:20:38+09:00,2026-09-08T19:20:38+09:00,https://www.kodit.or.kr/common/nttFileDownload.do?fileKey=34dc880da5cfacf944006b1930464672,,unknown,,매칭 불명,매칭 불명,v0.4,review_pending
59d0b3a6b7f1ef63,녹색 공정전환 보증 활성화를 위한 협약보증 업무처리방법,녹색공정전환보증활성화를위한협약보증업무처리방법,NOTICE_ONLY,사전예고만,unknown,NOTICE_EVIDENCE_ONLY,1,녹색 공정전환 보증 활성화를 위한 협약보증 업무처리방법: 사전예고만,2,OFFICIAL_NOTICE_ONLY,사전예고 공식 기록은 있으나 현행 규정 전문을 확인하지 못함,1,0,False,2026-09-08T19:20:38+09:00,2026-09-08T19:20:38+09:00,https://www.kodit.or.kr/common/nttFileDownload.do?fileKey=8287ea614c221c03993f119be2596868,,unknown,,사전예고만 확인,사전예고만 확인,v0.4,review_pending
27a1d2c2cad28dd7,녹색벤처기업 특례보증 업무처리방법,녹색벤처기업특례보증업무처리방법,NOTICE_ONLY,사전예고만,unknown,NOTICE_EVIDENCE_ONLY,1,녹색벤처기업 특례보증 업무처리방법: 사전예고만,2,OFFICIAL_NOTICE_ONLY,사전예고 공식 기록은 있으나 현행 규정 전문을 확인하지 못함,1,0,False,2026-09-08T19:20:38+09:00,2026-09-08T19:20:38+09:00,https://www.kodit.or.kr/common/nttFileDownload.do?fileKey=995ebd8efe76538408cd5139d33c25e6,,unknown,,사전예고만 확인,사전예고만 확인,v0.4,review_pending
466c186d38172903,녹색보증계정 운영기준,녹색보증계정운영기준,NOTICE_ONLY,사전예고만,abolished,NOTICE_EVIDENCE_ONLY,1,녹색보증계정 운영기준: 사전예고만,2,OFFICIAL_NOTICE_ONLY,사전예고 공식 기록은 있으나 현행 규정 전문을 확인하지 못함,1,0,False,2026-09-08T19:20:38+09:00,2026-09-08T19:20:38+09:00,https://www.kodit.or.kr/common/nttFileDownload.do?fileKey=c263105dd7b22f947405fcd1c582358c,,unknown,,명칭변경·통합·폐지 확인,명칭변경·통합·폐지 확인,v0.4,review_pending
1559887e773f570c,녹색보증계정 운영요령,녹색보증계정운영요령,NOTICE_ONLY,사전예고만,unknown,NOTICE_EVIDENCE_ONLY,1,녹색보증계정 운영요령: 사전예고만,2,OFFICIAL_NOTICE_ONLY,사전예고 공식 기록은 있으나 현행 규정 전문을 확인하지 못함,1,0,False,2026-09-08T19:20:38+09:00,2026-09-08T19:20:38+09:00,https://www.kodit.or.kr/common/nttFileDownload.do?fileKey=c263105dd7b22f947405fcd1c582358c,,unknown,,명칭변경·통합·폐지 확인,명칭변경·통합·폐지 확인,v0.4,review_pending
0a6e694b29341a1a,녹색보증 부실 및 구상권관리 업무처리기준,녹색보증부실및구상권관리업무처리기준,NOTICE_ONLY,사전예고만,unknown,NOTICE_EVIDENCE_ONLY,1,녹색보증 부실 및 구상권관리 업무처리기준: 사전예고만,2,OFFICIAL_NOTICE_ONLY,사전예고 공식 기록은 있으나 현행 규정 전문을 확인하지 못함,1,0,False,2026-09-08T19:20:38+09:00,2026-09-08T19:20:38+09:00,https://www.kodit.or.kr/common/nttFileDownload.do?fileKey=580e5a25c79c8a6eec5ec31c461a3ab7,,unknown,,매칭 불명,매칭 불명,v0.4,review_pending
0a64e0a989318966,녹색보증 부실 및 구상권 관리에 관한 업무처리기준,녹색보증부실및구상권관리에관한업무처리기준,NOTICE_ONLY,사전예고만,unknown,NOTICE_EVIDENCE_ONLY,1,녹색보증 부실 및 구상권 관리에 관한 업무처리기준: 사전예고만,2,OFFICIAL_NOTICE_ONLY,사전예고 공식 기록은 있으나 현행 규정 전문을 확인하지 못함,1,0,False,2026-09-08T19:20:38+09:00,2026-09-08T19:20:38+09:00,https://www.kodit.or.kr/common/nttFileDownload.do?fileKey=e0db23e4420119ae641c48fccacb5615,,unknown,,매칭 불명,매칭 불명,v0.4,review_pending
4810307cd9179115,녹색보증 업무방법서,녹색보증업무방법서,NOTICE_ONLY,사전예고만,unknown,NOTICE_EVIDENCE_ONLY,1,녹색보증 업무방법서: 사전예고만,2,OFFICIAL_NOTICE_ONLY,사전예고 공식 기록은 있으나 현행 규정 전문을 확인하지 못함,1,0,False,2026-09-08T19:20:38+09:00,2026-09-08T19:20:38+09:00,https://www.kodit.or.kr/common/nttFileDownload.do?fileKey=79278cb06aad3e031ccf7c4ec0868708,,unknown,,명칭변경·통합·폐지 확인,명칭변경·통합·폐지 확인,v0.4,review_pending
6d442b5a6b79f220,녹색보증 업무요령,녹색보증업무요령,NOTICE_ONLY,사전예고만,unknown,NOTICE_EVIDENCE_ONLY,1,녹색보증 업무요령: 사전예고만,2,OFFICIAL_NOTICE_ONLY,사전예고 공식 기록은 있으나 현행 규정 전문을 확인하지 못함,1,0,False,2026-09-08T19:20:38+09:00,2026-09-08T19:20:38+09:00,https://www.kodit.or.kr/common/nttFileDownload.do?fileKey=c263105dd7b22f947405fcd1c582358c,,unknown,,명칭변경·통합·폐지 확인,명칭변경·통합·폐지 확인,v0.4,review_pending
71fced3d5e6008fd,녹색보증 업무처리방법,녹색보증업무처리방법,NOTICE_ONLY,사전예고만,unknown,NOTICE_EVIDENCE_ONLY,1,녹색보증 업무처리방법: 사전예고만,2,OFFICIAL_NOTICE_ONLY,사전예고 공식 기록은 있으나 현행 규정 전문을 확인하지 못함,1,0,False,2026-09-08T19:20:38+09:00,2026-09-08T19:20:38+09:00,https://www.kodit.or.kr/common/nttFileDownload.do?fileKey=0bf3c498840e62bf539b0296d642424a,,unknown,,사전예고만 확인,사전예고만 확인,v0.4,review_pending
c3a01b86c6769c44,녹색보증 제기준,녹색보증제기준,NOTICE_ONLY,사전예고만,unknown,NOTICE_EVIDENCE_ONLY,1,녹색보증 제기준: 사전예고만,2,OFFICIAL_NOTICE_ONLY,사전예고 공식 기록은 있으나 현행 규정 전문을 확인하지 못함,1,0,False,2026-09-08T19:20:38+09:00,2026-09-08T19:20:38+09:00,https://www.kodit.or.kr/common/nttFileDownload.do?fileKey=c263105dd7b22f947405fcd1c582358c,,unknown,,사전예고만 확인,사전예고만 확인,v0.4,review_pending
21f787e1b5d67bec,녹색성장산업 영위기업에 대한 보증 운용기준,녹색성장산업영위기업에대한보증운용기준,NOTICE_ONLY,사전예고만,unknown,NOTICE_EVIDENCE_ONLY,1,녹색성장산업 영위기업에 대한 보증 운용기준: 사전예고만,2,OFFICIAL_NOTICE_ONLY,사전예고 공식 기록은 있으나 현행 규정 전문을 확인하지 못함,1,0,False,2026-09-08T19:20:38+09:00,2026-09-08T19:20:38+09:00,https://www.kodit.or.kr/common/nttFileDownload.do?fileKey=94ee61f66c5fb37a330d41154e917720,,unknown,,사전예고만 확인,사전예고만 확인,v0.4,review_pending
897801034be3d03a,녹색인증 평가 요령,녹색인증평가요령,EXTRACTION_PENDING,판정대기,current,EXTRACTION_PENDING,1,녹색인증 평가 요령: 판정대기,2,EXTRACTION_PENDING,공식 원문은 발견했으나 본문 추출·확인이 완료되지 않음,2,0,False,2026-09-08T19:20:38+09:00,2026-09-08T19:20:38+09:00,https://www.alio.go.kr/download/rulefiledown.json?fileNo=223536,6550811ebb35fed134c6b358a1ea0a8c65c3ef63a610cb42ef8cd53ac1090708,hwp,2025.11.05,공개 확인,공개 확인,v0.4,review_pending
d1f0d507c5708ebf,녹색인증 평가 운용기준,녹색인증평가운용기준,NOTICE_ONLY,사전예고만,unknown,NOTICE_EVIDENCE_ONLY,1,녹색인증 평가 운용기준: 사전예고만,2,OFFICIAL_NOTICE_ONLY,사전예고 공식 기록은 있으나 현행 규정 전문을 확인하지 못함,1,0,False,2026-09-08T19:20:38+09:00,2026-09-08T19:20:38+09:00,https://www.kodit.or.kr/common/nttFileDownload.do?fileKey=e879ed138c12cd1f90eddc3d98c0e3de,,unknown,,매칭 불명,매칭 불명,v0.4,review_pending
f46e8ce2cd3ba921,녹색전환보증계정 운영기준,녹색전환보증계정운영기준,NOTICE_ONLY,사전예고만,unknown,NOTICE_EVIDENCE_ONLY,1,녹색전환보증계정 운영기준: 사전예고만,2,OFFICIAL_NOTICE_ONLY,사전예고 공식 기록은 있으나 현행 규정 전문을 확인하지 못함,1,0,False,2026-09-08T19:20:38+09:00,2026-09-08T19:20:38+09:00,https://www.kodit.or.kr/common/nttFileDownload.do?fileKey=91ff205f3624744d2cce2bdce41b5d5d,,unknown,,매칭 불명,매칭 불명,v0.4,review_pending
728e912ac3dce19c,녹색전환보증계정 운영요령,녹색전환보증계정운영요령,EXTRACTION_PENDING,판정대기,current,EXTRACTION_PENDING,1,녹색전환보증계정 운영요령: 판정대기,2,EXTRACTION_PENDING,공식 원문은 발견했으나 본문 추출·확인이 완료되지 않음,1,0,False,2026-09-08T19:20:38+09:00,2026-09-08T19:20:38+09:00,https://www.alio.go.kr/download/rulefiledown.json?fileNo=215906,65e8632cc85d98ba3aee4a8ebf7469b5296d0bc0e08756fbacd7d4515aa59caa,hwp,2025.04.30,,,v0.4,review_pending
c7bd04c92ccbcafc,뉴딜 기업에 대한 보증 운용기준,뉴딜기업에대한보증운용기준,NOTICE_ONLY,사전예고만,unknown,NOTICE_EVIDENCE_ONLY,1,뉴딜 기업에 대한 보증 운용기준: 사전예고만,2,OFFICIAL_NOTICE_ONLY,사전예고 공식 기록은 있으나 현행 규정 전문을 확인하지 못함,1,0,False,2026-09-08T19:20:38+09:00,2026-09-08T19:20:38+09:00,https://www.kodit.or.kr/common/nttFileDownload.do?fileKey=bd5569e4a9b04cb9521569bed68abb69,,unknown,,사전예고만 확인,사전예고만 확인,v0.4,review_pending
34251b695c38f9bb,뉴딜 기업 지원 보증프로그램 운용기준,뉴딜기업지원보증프로그램운용기준,NOTICE_ONLY,사전예고만,abolished,NOTICE_EVIDENCE_ONLY,1,뉴딜 기업 지원 보증프로그램 운용기준: 사전예고만,2,OFFICIAL_NOTICE_ONLY,사전예고 공식 기록은 있으나 현행 규정 전문을 확인하지 못함,1,0,False,2026-09-08T19:20:38+09:00,2026-09-08T19:20:38+09:00,https://www.kodit.or.kr/common/nttFileDownload.do?fileKey=20798ee726c7d0af8c56650525d2cd09,,unknown,,매칭 불명,매칭 불명,v0.4,review_pending
9ca52279391b9a08,뉴딜 기업 특화지원프로그램 운용기준,뉴딜기업특화지원프로그램운용기준,NOTICE_ONLY,사전예고만,abolished,NOTICE_EVIDENCE_ONLY,1,뉴딜 기업 특화지원프로그램 운용기준: 사전예고만,2,OFFICIAL_NOTICE_ONLY,사전예고 공식 기록은 있으나 현행 규정 전문을 확인하지 못함,1,0,False,2026-09-08T19:20:38+09:00,2026-09-08T19:20:38+09:00,https://www.kodit.or.kr/common/nttFileDownload.do?fileKey=2905b43879cb13049c3bdb28287507fe,,unknown,,매칭 불명,매칭 불명,v0.4,review_pending
ee3a89ed918c644a,뉴딜 동반성장 협약보증,뉴딜동반성장협약보증,NOTICE_ONLY,사전예고만,unknown,NOTICE_EVIDENCE_ONLY,1,뉴딜 동반성장 협약보증: 사전예고만,2,OFFICIAL_NOTICE_ONLY,사전예고 공식 기록은 있으나 현행 규정 전문을 확인하지 못함,1,0,False,2026-09-08T19:20:38+09:00,2026-09-08T19:20:38+09:00,https://www.kodit.or.kr/common/nttFileDownload.do?fileKey=9f3d6cb8dfbdd587741e038b5be5eb9b,,unknown,,,,v0.4,review_pending
db231b6303bfa949,뉴딜동반성장협약보증운용기준,뉴딜동반성장협약보증운용기준,NOTICE_ONLY,사전예고만,unknown,NOTICE_EVIDENCE_ONLY,1,뉴딜동반성장협약보증운용기준: 사전예고만,2,OFFICIAL_NOTICE_ONLY,사전예고 공식 기록은 있으나 현행 규정 전문을 확인하지 못함,1,0,False,2026-09-08T19:20:38+09:00,2026-09-08T19:20:38+09:00,https://www.kodit.or.kr/common/nttFileDownload.do?fileKey=1d05c1126c457d7ffb8ea1d49088a78b,,unknown,,사전예고만 확인,사전예고만 확인,v0.4,review_pending
6fe47c5945e226e8,뉴딜사업 영위기업 매출채권보험 운용기준,뉴딜사업영위기업매출채권보험운용기준,NOTICE_ONLY,사전예고만,unknown,NOTICE_EVIDENCE_ONLY,1,뉴딜사업 영위기업 매출채권보험 운용기준: 사전예고만,2,OFFICIAL_NOTICE_ONLY,사전예고 공식 기록은 있으나 현행 규정 전문을 확인하지 못함,1,0,False,2026-09-08T19:20:38+09:00,2026-09-08T19:20:38+09:00,https://www.kodit.or.kr/common/nttFileDownload.do?fileKey=7c2a0379e6d68f16966f6cfbb137c7dc,,unknown,,사전예고만 확인,사전예고만 확인,v0.4,review_pending
1f775db5423a2f9b,뉴딜사업영위기업에대한매출채권보험운용기준,뉴딜사업영위기업에대한매출채권보험운용기준,NOTICE_ONLY,사전예고만,unknown,NOTICE_EVIDENCE_ONLY,1,뉴딜사업영위기업에대한매출채권보험운용기준: 사전예고만,2,OFFICIAL_NOTICE_ONLY,사전예고 공식 기록은 있으나 현행 규정 전문을 확인하지 못함,1,0,False,2026-09-08T19:20:38+09:00,2026-09-08T19:20:38+09:00,https://www.kodit.or.kr/common/nttFileDownload.do?fileKey=f762e84e0b550bc30d6f51e27139f857,,unknown,,사전예고만 확인,사전예고만 확인,v0.4,review_pending
0911cc4884f77270,담보부보증 관리업무처리기준,담보부보증관리업무처리기준,NOTICE_ONLY,사전예고만,abolished,NOTICE_EVIDENCE_ONLY,1,담보부보증 관리업무처리기준: 사전예고만,2,OFFICIAL_NOTICE_ONLY,사전예고 공식 기록은 있으나 현행 규정 전문을 확인하지 못함,1,0,False,2026-09-08T19:20:38+09:00,2026-09-08T19:20:38+09:00,https://www.kodit.or.kr/common/nttFileDownload.do?fileKey=dc60155363c2bbea341d0165edfbe000,,unknown,,사전예고만 확인,사전예고만 확인,v0.4,review_pending
65865a686f37b4cc,담보취득 및 관리기준,담보취득및관리기준,NOTICE_ONLY,사전예고만,unknown,NOTICE_EVIDENCE_ONLY,1,담보취득 및 관리기준: 사전예고만,2,OFFICIAL_NOTICE_ONLY,사전예고 공식 기록은 있으나 현행 규정 전문을 확인하지 못함,1,0,False,2026-09-08T19:20:38+09:00,2026-09-08T19:20:38+09:00,https://www.kodit.or.kr/common/nttFileDownload.do?fileKey=9c393e4644f596057c4adac508f2a037,,unknown,,사전예고만 확인,사전예고만 확인,v0.4,review_pending
c43830ce69babc74,대물변제채권등 상각기준,대물변제채권등상각기준,NOTICE_ONLY,사전예고만,unknown,NOTICE_EVIDENCE_ONLY,1,대물변제채권등 상각기준: 사전예고만,2,OFFICIAL_NOTICE_ONLY,사전예고 공식 기록은 있으나 현행 규정 전문을 확인하지 못함,1,0,False,2026-09-08T19:20:38+09:00,2026-09-08T19:20:38+09:00,https://www.kodit.or.kr/common/nttFileDownload.do?fileKey=37869a67cb7251aef41a4c1eb7d9d77d,,unknown,,사전예고만 확인,사전예고만 확인,v0.4,review_pending
c0717ed9987fa3ab,대물채권 상각기준,대물채권상각기준,NOTICE_ONLY,사전예고만,unknown,NOTICE_EVIDENCE_ONLY,1,대물채권 상각기준: 사전예고만,2,OFFICIAL_NOTICE_ONLY,사전예고 공식 기록은 있으나 현행 규정 전문을 확인하지 못함,1,0,False,2026-09-08T19:20:38+09:00,2026-09-08T19:20:38+09:00,https://www.kodit.or.kr/common/nttFileDownload.do?fileKey=17f00fabf7c8c76833600fce56f55902,,unknown,,사전예고만 확인,사전예고만 확인,v0.4,review_pending
890b329d8be086d5,대안평가 연계 프로그램 운용기준,대안평가연계프로그램운용기준,NOTICE_ONLY,사전예고만,unknown,NOTICE_EVIDENCE_ONLY,1,대안평가 연계 프로그램 운용기준: 사전예고만,2,OFFICIAL_NOTICE_ONLY,사전예고 공식 기록은 있으나 현행 규정 전문을 확인하지 못함,1,0,False,2026-09-08T19:20:38+09:00,2026-09-08T19:20:38+09:00,https://www.kodit.or.kr/common/nttFileDownload.do?fileKey=1b48f344a444fa4f14ba19a9c90e4b1a,,unknown,,사전예고만 확인,사전예고만 확인,v0.4,review_pending
c7bf3468f75e2853,대외사건 발생 시 지원기준,대외사건발생시지원기준,NOTICE_ONLY,사전예고만,unknown,NOTICE_EVIDENCE_ONLY,1,대외사건 발생 시 지원기준: 사전예고만,2,OFFICIAL_NOTICE_ONLY,사전예고 공식 기록은 있으나 현행 규정 전문을 확인하지 못함,1,0,False,2026-09-08T19:20:38+09:00,2026-09-08T19:20:38+09:00,https://www.kodit.or.kr/common/nttFileDownload.do?fileKey=61257d26427e2a51a58c1575aa8c2343,,unknown,,사전예고만 확인,사전예고만 확인,v0.4,review_pending
d088d4953c60821f,대외사건 업무처리기준,대외사건업무처리기준,NOTICE_ONLY,사전예고만,unknown,NOTICE_EVIDENCE_ONLY,1,대외사건 업무처리기준: 사전예고만,2,OFFICIAL_NOTICE_ONLY,사전예고 공식 기록은 있으나 현행 규정 전문을 확인하지 못함,1,0,False,2026-09-08T19:20:38+09:00,2026-09-08T19:20:38+09:00,https://www.kodit.or.kr/common/nttFileDownload.do?fileKey=29992fdf6df50ffbdd426c2447854dd9,,unknown,,사전예고만 확인,사전예고만 확인,v0.4,review_pending
de9da72228502956,대외평가 업무처리기준,대외평가업무처리기준,NOTICE_ONLY,사전예고만,unknown,NOTICE_EVIDENCE_ONLY,1,대외평가 업무처리기준: 사전예고만,2,OFFICIAL_NOTICE_ONLY,사전예고 공식 기록은 있으나 현행 규정 전문을 확인하지 못함,1,0,False,2026-09-08T19:20:38+09:00,2026-09-08T19:20:38+09:00,https://www.kodit.or.kr/common/nttFileDownload.do?fileKey=4e8523d6029244b385e2650651ae43f2,,unknown,,사전예고만 확인,사전예고만 확인,v0.4,review_pending
85c1a19f97205451,대위권관리 업무기준,대위권관리업무기준,NOTICE_ONLY,사전예고만,unknown,NOTICE_EVIDENCE_ONLY,1,대위권관리 업무기준: 사전예고만,2,OFFICIAL_NOTICE_ONLY,사전예고 공식 기록은 있으나 현행 규정 전문을 확인하지 못함,1,0,False,2026-09-08T19:20:38+09:00,2026-09-08T19:20:38+09:00,https://www.kodit.or.kr/common/nttFileDownload.do?fileKey=a6a53615f994bd3bae66c14983833ba6,,unknown,,사전예고만 확인,사전예고만 확인,v0.4,review_pending
a4721d402708bb9a,대위권회수위임에 관한 업무처리기준,대위권회수위임에관한업무처리기준,NOTICE_ONLY,사전예고만,unknown,NOTICE_EVIDENCE_ONLY,1,대위권회수위임에 관한 업무처리기준: 사전예고만,2,OFFICIAL_NOTICE_ONLY,사전예고 공식 기록은 있으나 현행 규정 전문을 확인하지 못함,1,0,False,2026-09-08T19:20:38+09:00,2026-09-08T19:20:38+09:00,https://www.kodit.or.kr/common/nttFileDownload.do?fileKey=7c1c66afc8f79f5dc1d112154390bf6e,,unknown,,사전예고만 확인,사전예고만 확인,v0.4,review_pending
05b632cdea964267,대·중소기업 동반상생 협약보증 운용기준,대중소기업동반상생협약보증운용기준,NOTICE_ONLY,사전예고만,unknown,NOTICE_EVIDENCE_ONLY,1,대·중소기업 동반상생 협약보증 운용기준: 사전예고만,2,OFFICIAL_NOTICE_ONLY,사전예고 공식 기록은 있으나 현행 규정 전문을 확인하지 못함,1,0,False,2026-09-08T19:20:38+09:00,2026-09-08T19:20:38+09:00,https://www.kodit.or.kr/common/nttFileDownload.do?fileKey=70922726af2bb4c5ef364467f0e4e49b,,unknown,,사전예고만 확인,사전예고만 확인,v0.4,review_pending
05b632cdea964267,대・중소기업 동반상생 협약보증 운용기준,대중소기업동반상생협약보증운용기준,NOTICE_ONLY,사전예고만,unknown,NOTICE_EVIDENCE_ONLY,1,대・중소기업 동반상생 협약보증 운용기준: 사전예고만,2,OFFICIAL_NOTICE_ONLY,사전예고 공식 기록은 있으나 현행 규정 전문을 확인하지 못함,1,0,False,2026-09-08T19:20:38+09:00,2026-09-08T19:20:38+09:00,https://www.kodit.or.kr/common/nttFileDownload.do?fileKey=10214dc6c28d958067437b20db1876f5,,unknown,,사전예고만 확인,사전예고만 확인,v0.4,review_pending
42e438fc6e7ec6d6,대.중소기업 동반성장보험 프로그램 업무처리방법,대중소기업동반성장보험프로그램업무처리방법,NOTICE_ONLY,사전예고만,unknown,NOTICE_EVIDENCE_ONLY,1,대.중소기업 동반성장보험 프로그램 업무처리방법: 사전예고만,2,OFFICIAL_NOTICE_ONLY,사전예고 공식 기록은 있으나 현행 규정 전문을 확인하지 못함,1,0,False,2026-09-08T19:20:38+09:00,2026-09-08T19:20:38+09:00,https://www.kodit.or.kr/common/nttFileDownload.do?fileKey=b7536400279eaf955d144046ebd886ee,,unknown,,사전예고만 확인,사전예고만 확인,v0.4,review_pending
202f6a08408de0df,대·중소기업 동반성장 협약보증 업무처리방법,대중소기업동반성장협약보증업무처리방법,NOTICE_ONLY,사전예고만,unknown,NOTICE_EVIDENCE_ONLY,1,대·중소기업 동반성장 협약보증 업무처리방법: 사전예고만,2,OFFICIAL_NOTICE_ONLY,사전예고 공식 기록은 있으나 현행 규정 전문을 확인하지 못함,1,0,False,2026-09-08T19:20:38+09:00,2026-09-08T19:20:38+09:00,https://www.kodit.or.kr/common/nttFileDownload.do?fileKey=84b8d7c4daeec7cf84e017c6746ea00d,,unknown,,사전예고만 확인,사전예고만 확인,v0.4,review_pending
d7d64c7e8bd051ab,대중소기업 동반성장 협약보증 운용기준,대중소기업동반성장협약보증운용기준,NOTICE_ONLY,사전예고만,unknown,NOTICE_EVIDENCE_ONLY,1,대중소기업 동반성장 협약보증 운용기준: 사전예고만,2,OFFICIAL_NOTICE_ONLY,사전예고 공식 기록은 있으나 현행 규정 전문을 확인하지 못함,1,0,False,2026-09-08T19:20:38+09:00,2026-09-08T19:20:38+09:00,https://www.kodit.or.kr/common/nttFileDownload.do?fileKey=15033d9ad37e257f5a8559922f4c42d0,,unknown,,사전예고만 확인,사전예고만 확인,v0.4,review_pending
062542bf93b4bb22,대중소 동반성장 협약보증 운용기준,대중소동반성장협약보증운용기준,NOTICE_ONLY,사전예고만,unknown,NOTICE_EVIDENCE_ONLY,1,대중소 동반성장 협약보증 운용기준: 사전예고만,2,OFFICIAL_NOTICE_ONLY,사전예고 공식 기록은 있으나 현행 규정 전문을 확인하지 못함,1,0,False,2026-09-08T19:20:38+09:00,2026-09-08T19:20:38+09:00,https://www.kodit.or.kr/common/nttFileDownload.do?fileKey=0ac2176b174228a41900262b0dcde9a2,,unknown,,사전예고만 확인,사전예고만 확인,v0.4,review_pending
83926144a47cf1ba,데이터 가치평가 운용 기준,데이터가치평가운용기준,NOTICE_ONLY,사전예고만,unknown,NOTICE_EVIDENCE_ONLY,1,데이터 가치평가 운용 기준: 사전예고만,2,OFFICIAL_NOTICE_ONLY,사전예고 공식 기록은 있으나 현행 규정 전문을 확인하지 못함,1,0,False,2026-09-08T19:20:38+09:00,2026-09-08T19:20:38+09:00,https://www.kodit.or.kr/common/nttFileDownload.do?fileKey=970702f3eee47525de8f9b9af9db1288,,unknown,,매칭 불명,매칭 불명,v0.4,review_pending
57c60687d60c9374,데이터 가치평가 운용요령,데이터가치평가운용요령,EXTRACTION_PENDING,판정대기,current,EXTRACTION_PENDING,1,데이터 가치평가 운용요령: 판정대기,2,EXTRACTION_PENDING,공식 원문은 발견했으나 본문 추출·확인이 완료되지 않음,2,0,False,2026-09-08T19:20:38+09:00,2026-09-08T19:20:38+09:00,https://www.alio.go.kr/download/rulefiledown.json?fileNo=171232,5aacf4967caf5d7180b066f801821aa4bc561028f4ec04315dbfb54f42086fc9,hwp,2023.04.20,공개 확인,공개 확인,v0.4,review_pending
03a68a18028eb609,데이터 연계 금융지원 프로그램 운용기준,데이터연계금융지원프로그램운용기준,NOTICE_ONLY,사전예고만,unknown,NOTICE_EVIDENCE_ONLY,1,데이터 연계 금융지원 프로그램 운용기준: 사전예고만,2,OFFICIAL_NOTICE_ONLY,사전예고 공식 기록은 있으나 현행 규정 전문을 확인하지 못함,1,0,False,2026-09-08T19:20:38+09:00,2026-09-08T19:20:38+09:00,https://www.kodit.or.kr/common/nttFileDownload.do?fileKey=c98ef066fa56209abbaee1d201084590,,unknown,,사전예고만 확인,사전예고만 확인,v0.4,review_pending
34d178584b6015d5,데이터 품질관리 기준,데이터품질관리기준,NOTICE_ONLY,사전예고만,unknown,NOTICE_EVIDENCE_ONLY,1,데이터 품질관리 기준: 사전예고만,2,OFFICIAL_NOTICE_ONLY,사전예고 공식 기록은 있으나 현행 규정 전문을 확인하지 못함,1,0,False,2026-09-08T19:20:38+09:00,2026-09-08T19:20:38+09:00,https://www.kodit.or.kr/common/nttFileDownload.do?fileKey=dcdef569e87b366e34697e26f1cdc1b8,,unknown,,사전예고만 확인,사전예고만 확인,v0.4,review_pending
ed44f3dca6a9c942,도서관리기준,도서관리기준,NOTICE_ONLY,사전예고만,unknown,NOTICE_EVIDENCE_ONLY,1,도서관리기준: 사전예고만,2,OFFICIAL_NOTICE_ONLY,사전예고 공식 기록은 있으나 현행 규정 전문을 확인하지 못함,1,0,False,2026-09-08T19:20:38+09:00,2026-09-08T19:20:38+09:00,https://www.kodit.or.kr/common/nttFileDownload.do?fileKey=c2a47888aea7e8e9506946f8924ed96c,,unknown,,사전예고만 확인,사전예고만 확인,v0.4,review_pending
6966f4e21b7a759b,동산담보대출 연계 특례보증 업무처리방법,동산담보대출연계특례보증업무처리방법,EXTRACTION_PENDING,판정대기,current,EXTRACTION_PENDING,1,동산담보대출 연계 특례보증 업무처리방법: 판정대기,2,EXTRACTION_PENDING,공식 원문은 발견했으나 본문 추출·확인이 완료되지 않음,1,0,False,2026-09-08T19:20:38+09:00,2026-09-08T19:20:38+09:00,https://www.alio.go.kr/download/rulefiledown.json?fileNo=186232,6bddf6c6e3782e12e760bf4aae629b23144d0fef5d080804f052381e30d37c53,hwp,2023.12.29,,,v0.4,review_pending
9126f5b215d4e062,"동산담보물이전,관리및매각처분에관한기준",동산담보물이전관리및매각처분에관한기준,NOTICE_ONLY,사전예고만,unknown,NOTICE_EVIDENCE_ONLY,1,"동산담보물이전,관리및매각처분에관한기준: 사전예고만",2,OFFICIAL_NOTICE_ONLY,사전예고 공식 기록은 있으나 현행 규정 전문을 확인하지 못함,1,0,False,2026-09-08T19:20:38+09:00,2026-09-08T19:20:38+09:00,https://www.kodit.or.kr/common/nttFileDownload.do?fileKey=c3365f17be43d3aec278c8246b1ab351,,unknown,,사전예고만 확인,사전예고만 확인,v0.4,review_pending
bdf40eff8cd22094,디지털 창구시스템 운영기준,디지털창구시스템운영기준,NOTICE_ONLY,사전예고만,unknown,NOTICE_EVIDENCE_ONLY,1,디지털 창구시스템 운영기준: 사전예고만,2,OFFICIAL_NOTICE_ONLY,사전예고 공식 기록은 있으나 현행 규정 전문을 확인하지 못함,1,0,False,2026-09-08T19:20:38+09:00,2026-09-08T19:20:38+09:00,https://www.kodit.or.kr/common/nttFileDownload.do?fileKey=5e45f87162e269dfc829ec46430dd618,,unknown,,사전예고만 확인,사전예고만 확인,v0.4,review_pending
fb2f3d05d963c97d,디지털플랫폼 운영기준,디지털플랫폼운영기준,NOTICE_ONLY,사전예고만,unknown,NOTICE_EVIDENCE_ONLY,1,디지털플랫폼 운영기준: 사전예고만,2,OFFICIAL_NOTICE_ONLY,사전예고 공식 기록은 있으나 현행 규정 전문을 확인하지 못함,1,0,False,2026-09-08T19:20:38+09:00,2026-09-08T19:20:38+09:00,https://www.kodit.or.kr/common/nttFileDownload.do?fileKey=5043bc8d660e28b9179e73b51c7c9d77,,unknown,,사전예고만 확인,사전예고만 확인,v0.4,review_pending
74697bd720244a54,로봇산업진흥원 협약보증 업무처리방법,로봇산업진흥원협약보증업무처리방법,NOTICE_ONLY,사전예고만,unknown,NOTICE_EVIDENCE_ONLY,1,로봇산업진흥원 협약보증 업무처리방법: 사전예고만,2,OFFICIAL_NOTICE_ONLY,사전예고 공식 기록은 있으나 현행 규정 전문을 확인하지 못함,1,0,False,2026-09-08T19:20:38+09:00,2026-09-08T19:20:38+09:00,https://www.kodit.or.kr/common/nttFileDownload.do?fileKey=76b27a75058cd916589df3332caf6888,,unknown,,사전예고만 확인,사전예고만 확인,v0.4,review_pending
8fef555ad8f923d3,로열티 매출채권보험 운용기준,로열티매출채권보험운용기준,NOTICE_ONLY,사전예고만,unknown,NOTICE_EVIDENCE_ONLY,1,로열티 매출채권보험 운용기준: 사전예고만,2,OFFICIAL_NOTICE_ONLY,사전예고 공식 기록은 있으나 현행 규정 전문을 확인하지 못함,1,0,False,2026-09-08T19:20:38+09:00,2026-09-08T19:20:38+09:00,https://www.kodit.or.kr/common/nttFileDownload.do?fileKey=5651a08d78d959a71c355d0679b74ff6,,unknown,,사전예고만 확인,사전예고만 확인,v0.4,review_pending
e13781b863375a13,리스크관리 소위원회 운영기준,리스크관리소위원회운영기준,NOTICE_ONLY,사전예고만,unknown,NOTICE_EVIDENCE_ONLY,1,리스크관리 소위원회 운영기준: 사전예고만,2,OFFICIAL_NOTICE_ONLY,사전예고 공식 기록은 있으나 현행 규정 전문을 확인하지 못함,1,0,False,2026-09-08T19:20:38+09:00,2026-09-08T19:20:38+09:00,https://www.kodit.or.kr/common/nttFileDownload.do?fileKey=ca3bf29862e7d3a1a6f88b1f0bdf33eb,,unknown,,사전예고만 확인,사전예고만 확인,v0.4,review_pending
3703ac97ef13c2f4,리스크관리요령,리스크관리요령,EXTRACTION_PENDING,판정대기,current,EXTRACTION_PENDING,1,리스크관리요령: 판정대기,2,EXTRACTION_PENDING,공식 원문은 발견했으나 본문 추출·확인이 완료되지 않음,2,0,False,2026-09-08T19:20:38+09:00,2026-09-08T19:20:38+09:00,https://www.alio.go.kr/download/rulefiledown.json?fileNo=220870,20c2fad804bc5a7a0521fa8e31d08dc49a5899bb3d4853dc02f1620621c589f0,hwp,2025.09.02,공개 확인,공개 확인,v0.4,review_pending
07b53aa7a9c5ecf0,리스크관리요령 외 11개 기준,리스크관리요령외11개기준,NOTICE_ONLY,사전예고만,unknown,NOTICE_EVIDENCE_ONLY,1,리스크관리요령 외 11개 기준: 사전예고만,2,OFFICIAL_NOTICE_ONLY,사전예고 공식 기록은 있으나 현행 규정 전문을 확인하지 못함,1,0,False,2026-09-08T19:20:38+09:00,2026-09-08T19:20:38+09:00,https://www.kodit.or.kr/common/nttFileDownload.do?fileKey=f58d79ba9652f1125bc3b9ac56ee399f,,unknown,,사전예고만 확인,사전예고만 확인,v0.4,review_pending
5bb76dc4e9694d56,리스크관리요령 외 3개 기준,리스크관리요령외3개기준,NOTICE_ONLY,사전예고만,unknown,NOTICE_EVIDENCE_ONLY,1,리스크관리요령 외 3개 기준: 사전예고만,2,OFFICIAL_NOTICE_ONLY,사전예고 공식 기록은 있으나 현행 규정 전문을 확인하지 못함,1,0,False,2026-09-08T19:20:38+09:00,2026-09-08T19:20:38+09:00,https://www.kodit.or.kr/common/nttFileDownload.do?fileKey=e489b562c648927fa6b895b8bab2e2b7,,unknown,,매칭 불명,매칭 불명,v0.4,review_pending
19811a26a387efd8,리스크관리위원회 및 리스크관리 소위원회 운영기준,리스크관리위원회및리스크관리소위원회운영기준,NOTICE_ONLY,사전예고만,unknown,NOTICE_EVIDENCE_ONLY,1,리스크관리위원회 및 리스크관리 소위원회 운영기준: 사전예고만,2,OFFICIAL_NOTICE_ONLY,사전예고 공식 기록은 있으나 현행 규정 전문을 확인하지 못함,1,0,False,2026-09-08T19:20:38+09:00,2026-09-08T19:20:38+09:00,https://www.kodit.or.kr/common/nttFileDownload.do?fileKey=ca3bf29862e7d3a1a6f88b1f0bdf33eb,,unknown,,사전예고만 확인,사전예고만 확인,v0.4,review_pending
dc8c5b6c6e0e4c9f,리스크관리위원회 및 소위원회 운영기준,리스크관리위원회및소위원회운영기준,NOTICE_ONLY,사전예고만,unknown,NOTICE_EVIDENCE_ONLY,1,리스크관리위원회 및 소위원회 운영기준: 사전예고만,2,OFFICIAL_NOTICE_ONLY,사전예고 공식 기록은 있으나 현행 규정 전문을 확인하지 못함,1,0,False,2026-09-08T19:20:38+09:00,2026-09-08T19:20:38+09:00,https://www.kodit.or.kr/common/nttFileDownload.do?fileKey=a0ad36f2f03f00e565cc037fa5204f87,,unknown,,사전예고만 확인,사전예고만 확인,v0.4,review_pending
7e0bafd555bbadce,리스크합의 운용기준,리스크합의운용기준,NOTICE_ONLY,사전예고만,unknown,NOTICE_EVIDENCE_ONLY,1,리스크합의 운용기준: 사전예고만,2,OFFICIAL_NOTICE_ONLY,사전예고 공식 기록은 있으나 현행 규정 전문을 확인하지 못함,1,0,False,2026-09-08T19:20:38+09:00,2026-09-08T19:20:38+09:00,https://www.kodit.or.kr/common/nttFileDownload.do?fileKey=f1c246efb0f01af6083838b479aed9e9,,unknown,,사전예고만 확인,사전예고만 확인,v0.4,review_pending
c6bb7219adab9568,리파이낸싱보증기준,리파이낸싱보증기준,NOTICE_ONLY,사전예고만,unknown,NOTICE_EVIDENCE_ONLY,1,리파이낸싱보증기준: 사전예고만,2,OFFICIAL_NOTICE_ONLY,사전예고 공식 기록은 있으나 현행 규정 전문을 확인하지 못함,1,0,False,2026-09-08T19:20:38+09:00,2026-09-08T19:20:38+09:00,https://www.kodit.or.kr/common/nttFileDownload.do?fileKey=e72382d3a047fb91ec9404408d0d7f3c,,unknown,,사전예고만 확인,사전예고만 확인,v0.4,review_pending
151225e32f48d14b,마스터보험 운용기준,마스터보험운용기준,NOTICE_ONLY,사전예고만,unknown,NOTICE_EVIDENCE_ONLY,1,마스터보험 운용기준: 사전예고만,2,OFFICIAL_NOTICE_ONLY,사전예고 공식 기록은 있으나 현행 규정 전문을 확인하지 못함,1,0,False,2026-09-08T19:20:38+09:00,2026-09-08T19:20:38+09:00,https://www.kodit.or.kr/common/nttFileDownload.do?fileKey=4ddc534f6aa0f18ab031eba8963e7d3b,,unknown,,사전예고만 확인,사전예고만 확인,v0.4,review_pending
799d2f52888380b5,마켓플레이스 운영기준,마켓플레이스운영기준,NOTICE_ONLY,사전예고만,unknown,NOTICE_EVIDENCE_ONLY,1,마켓플레이스 운영기준: 사전예고만,2,OFFICIAL_NOTICE_ONLY,사전예고 공식 기록은 있으나 현행 규정 전문을 확인하지 못함,1,0,False,2026-09-08T19:20:38+09:00,2026-09-08T19:20:38+09:00,https://www.kodit.or.kr/common/nttFileDownload.do?fileKey=1a4aaa8aa0ac97be8a175684c074d9b2,,unknown,,사전예고만 확인,사전예고만 확인,v0.4,review_pending
f33592fbfeffb033,마켓플레이스운용기준,마켓플레이스운용기준,NOTICE_ONLY,사전예고만,abolished,NOTICE_EVIDENCE_ONLY,1,마켓플레이스운용기준: 사전예고만,2,OFFICIAL_NOTICE_ONLY,사전예고 공식 기록은 있으나 현행 규정 전문을 확인하지 못함,1,0,False,2026-09-08T19:20:38+09:00,2026-09-08T19:20:38+09:00,https://www.kodit.or.kr/common/nttFileDownload.do?fileKey=c639a7c2d687cc5cc5dd6f94e5a04d40,,unknown,,사전예고만 확인,사전예고만 확인,v0.4,review_pending
17bd8461a13abc1a,매각처분에 관한 기준,매각처분에관한기준,NOTICE_ONLY,사전예고만,unknown,NOTICE_EVIDENCE_ONLY,1,매각처분에 관한 기준: 사전예고만,2,OFFICIAL_NOTICE_ONLY,사전예고 공식 기록은 있으나 현행 규정 전문을 확인하지 못함,1,0,False,2026-09-08T19:20:38+09:00,2026-09-08T19:20:38+09:00,https://www.kodit.or.kr/common/nttFileDownload.do?fileKey=c3365f17be43d3aec278c8246b1ab351,,unknown,,사전예고만 확인,사전예고만 확인,v0.4,review_pending
17063e4e93e4b8cf,매출채권보험 베스트파트너기업 운용기준,매출채권보험베스트파트너기업운용기준,NOTICE_ONLY,사전예고만,unknown,NOTICE_EVIDENCE_ONLY,1,매출채권보험 베스트파트너기업 운용기준: 사전예고만,2,OFFICIAL_NOTICE_ONLY,사전예고 공식 기록은 있으나 현행 규정 전문을 확인하지 못함,1,0,False,2026-09-08T19:20:38+09:00,2026-09-08T19:20:38+09:00,https://www.kodit.or.kr/common/nttFileDownload.do?fileKey=8fe7e9eef4159dced693146f4773e76d,,unknown,,사전예고만 확인,사전예고만 확인,v0.4,review_pending
be76ebe1ee509a60,매출채권보험약관,매출채권보험약관,NOTICE_ONLY,사전예고만,unknown,NOTICE_EVIDENCE_ONLY,1,매출채권보험약관: 사전예고만,2,OFFICIAL_NOTICE_ONLY,사전예고 공식 기록은 있으나 현행 규정 전문을 확인하지 못함,1,0,False,2026-09-08T19:20:38+09:00,2026-09-08T19:20:38+09:00,https://www.kodit.or.kr/common/nttFileDownload.do?fileKey=26a7a47c87ca81940ef318bed4f2af4f,,unknown,,매칭 불명,매칭 불명,v0.4,review_pending
dd08cb9245744689,매출채권보험의 모집업무 위탁 운용기준,매출채권보험의모집업무위탁운용기준,EXTRACTION_PENDING,판정대기,current,EXTRACTION_PENDING,1,매출채권보험의 모집업무 위탁 운용기준: 판정대기,2,EXTRACTION_PENDING,공식 원문은 발견했으나 본문 추출·확인이 완료되지 않음,2,0,False,2026-09-08T19:20:38+09:00,2026-09-08T19:20:38+09:00,https://www.alio.go.kr/download/rulefiledown.json?fileNo=155363,257617ef4c5421b9255e8b2c832c89a74bdb19f10f464a0d14daa115d95aeee6,hwp,2022.07.21,공개 확인,공개 확인,v0.4,review_pending
dd86b91ac4ddf6ed,매출채권보험 인수업무기준,매출채권보험인수업무기준,NOTICE_ONLY,사전예고만,unknown,NOTICE_EVIDENCE_ONLY,1,매출채권보험 인수업무기준: 사전예고만,2,OFFICIAL_NOTICE_ONLY,사전예고 공식 기록은 있으나 현행 규정 전문을 확인하지 못함,1,0,False,2026-09-08T19:20:38+09:00,2026-09-08T19:20:38+09:00,https://www.kodit.or.kr/common/nttFileDownload.do?fileKey=8c2fb6fc391d6613f967f3067e4475aa,,unknown,,사전예고만 확인,사전예고만 확인,v0.4,review_pending
8c2eb950462b84cf,매출채권보험 인수업무기준 외 6개 기준,매출채권보험인수업무기준외6개기준,NOTICE_ONLY,사전예고만,unknown,NOTICE_EVIDENCE_ONLY,1,매출채권보험 인수업무기준 외 6개 기준: 사전예고만,2,OFFICIAL_NOTICE_ONLY,사전예고 공식 기록은 있으나 현행 규정 전문을 확인하지 못함,1,0,False,2026-09-08T19:20:38+09:00,2026-09-08T19:20:38+09:00,https://www.kodit.or.kr/common/nttFileDownload.do?fileKey=a06794066be0df5b5418ab97d1da6553,,unknown,,사전예고만 확인,사전예고만 확인,v0.4,review_pending
92f7d1525658fa0c,매출채권보험 인수업무기준 외 7개 기준,매출채권보험인수업무기준외7개기준,NOTICE_ONLY,사전예고만,unknown,NOTICE_EVIDENCE_ONLY,1,매출채권보험 인수업무기준 외 7개 기준: 사전예고만,2,OFFICIAL_NOTICE_ONLY,사전예고 공식 기록은 있으나 현행 규정 전문을 확인하지 못함,1,0,False,2026-09-08T19:20:38+09:00,2026-09-08T19:20:38+09:00,https://www.kodit.or.kr/common/nttFileDownload.do?fileKey=10b92127958572de123989d3a5d17838,,unknown,,사전예고만 확인,사전예고만 확인,v0.4,review_pending
b45121760b32523b,매출채권보험 인수업무 외 5개 기준,매출채권보험인수업무외5개기준,NOTICE_ONLY,사전예고만,unknown,NOTICE_EVIDENCE_ONLY,1,매출채권보험 인수업무 외 5개 기준: 사전예고만,2,OFFICIAL_NOTICE_ONLY,사전예고 공식 기록은 있으나 현행 규정 전문을 확인하지 못함,1,0,False,2026-09-08T19:20:38+09:00,2026-09-08T19:20:38+09:00,https://www.kodit.or.kr/common/nttFileDownload.do?fileKey=946d2c4625daac7e60fa770f98220460,,unknown,,사전예고만 확인,사전예고만 확인,v0.4,review_pending
13032b1529445d44,면책기준,면책기준,NOTICE_ONLY,사전예고만,unknown,NOTICE_EVIDENCE_ONLY,1,면책기준: 사전예고만,2,OFFICIAL_NOTICE_ONLY,사전예고 공식 기록은 있으나 현행 규정 전문을 확인하지 못함,1,0,False,2026-09-08T19:20:38+09:00,2026-09-08T19:20:38+09:00,https://www.kodit.or.kr/common/nttFileDownload.do?fileKey=1e7a5c5580788c7131c02235f812fc03,,unknown,,사전예고만 확인,사전예고만 확인,v0.4,review_pending
f61c31d1761e76e5,"면책기준(대출보증, 제2금융보증용)",면책기준대출보증제2금융보증용,EXTRACTION_PENDING,판정대기,current,EXTRACTION_PENDING,1,"면책기준(대출보증, 제2금융보증용): 판정대기",2,EXTRACTION_PENDING,공식 원문은 발견했으나 본문 추출·확인이 완료되지 않음,1,0,False,2026-09-08T19:20:38+09:00,2026-09-08T19:20:38+09:00,https://www.alio.go.kr/download/rulefiledown.json?fileNo=22908,7381179532fcd7df1b399c1440d3a577a142cca7b60e536365a682eb42c52469,hwp,2006.12.29,,,v0.4,review_pending
6d5f1c3f92da5f0a,"면책기준(전자상거래대출보증, 전자상거래제2금융보증용)",면책기준전자상거래대출보증전자상거래제2금융보증용,EXTRACTION_PENDING,판정대기,current,EXTRACTION_PENDING,1,"면책기준(전자상거래대출보증, 전자상거래제2금융보증용): 판정대기",2,EXTRACTION_PENDING,공식 원문은 발견했으나 본문 추출·확인이 완료되지 않음,1,0,False,2026-09-08T19:20:38+09:00,2026-09-08T19:20:38+09:00,https://www.alio.go.kr/download/rulefiledown.json?fileNo=26893,8d79e527958328318c4645b1c7c4ecd391890ea2fc7999527c5e548dafdd6193,hwp,2006.12.29,,,v0.4,review_pending
a7512d91852ed9b2,면책기준(지급보증의보증용),면책기준지급보증의보증용,EXTRACTION_PENDING,판정대기,current,EXTRACTION_PENDING,1,면책기준(지급보증의보증용): 판정대기,2,EXTRACTION_PENDING,공식 원문은 발견했으나 본문 추출·확인이 완료되지 않음,1,0,False,2026-09-08T19:20:38+09:00,2026-09-08T19:20:38+09:00,https://www.alio.go.kr/download/rulefiledown.json?fileNo=23186,09bc8267852f02f43a41c5878ca016e900ed99d771c6e706259920cc5bfc79a3,hwp,2006.12.29,,,v0.4,review_pending
ee950f7f79e29828,면책절차 진행 채무관계자에 대한 업무처리기준,면책절차진행채무관계자에대한업무처리기준,NOTICE_ONLY,사전예고만,unknown,NOTICE_EVIDENCE_ONLY,1,면책절차 진행 채무관계자에 대한 업무처리기준: 사전예고만,2,OFFICIAL_NOTICE_ONLY,사전예고 공식 기록은 있으나 현행 규정 전문을 확인하지 못함,1,0,False,2026-09-08T19:20:38+09:00,2026-09-08T19:20:38+09:00,https://www.kodit.or.kr/common/nttFileDownload.do?fileKey=42f524f331bb9c2dccc2b3342c0ecf48,,unknown,,사전예고만 확인,사전예고만 확인,v0.4,review_pending
f4a7f7cfb95a237a,모바일 오아시스 운영기준,모바일오아시스운영기준,NOTICE_ONLY,사전예고만,abolished,NOTICE_EVIDENCE_ONLY,1,모바일 오아시스 운영기준: 사전예고만,2,OFFICIAL_NOTICE_ONLY,사전예고 공식 기록은 있으나 현행 규정 전문을 확인하지 못함,1,0,False,2026-09-08T19:20:38+09:00,2026-09-08T19:20:38+09:00,https://www.kodit.or.kr/common/nttFileDownload.do?fileKey=98d85985fa08575ff227531df93241ca,,unknown,,사전예고만 확인,사전예고만 확인,v0.4,review_pending
9a2f927f9b25c204,무역기금 융자지원 협약보증 업무처리방법,무역기금융자지원협약보증업무처리방법,NOTICE_ONLY,사전예고만,unknown,NOTICE_EVIDENCE_ONLY,1,무역기금 융자지원 협약보증 업무처리방법: 사전예고만,2,OFFICIAL_NOTICE_ONLY,사전예고 공식 기록은 있으나 현행 규정 전문을 확인하지 못함,1,0,False,2026-09-08T19:20:38+09:00,2026-09-08T19:20:38+09:00,https://www.kodit.or.kr/common/nttFileDownload.do?fileKey=1bb28db861fa469aa4b757d7cdcbbea2,,unknown,,사전예고만 확인,사전예고만 확인,v0.4,review_pending
1340c4801f40cabc,무역진흥자금 융자지원 협약보증 운용기준,무역진흥자금융자지원협약보증운용기준,NOTICE_ONLY,사전예고만,unknown,NOTICE_EVIDENCE_ONLY,1,무역진흥자금 융자지원 협약보증 운용기준: 사전예고만,2,OFFICIAL_NOTICE_ONLY,사전예고 공식 기록은 있으나 현행 규정 전문을 확인하지 못함,1,0,False,2026-09-08T19:20:38+09:00,2026-09-08T19:20:38+09:00,https://www.kodit.or.kr/common/nttFileDownload.do?fileKey=7d4ea9a22de0070c405c5743bf8d6185,,unknown,,사전예고만 확인,사전예고만 확인,v0.4,review_pending
02f86c7ea96c7eca,무탄소에너지보증계정 운영기준,무탄소에너지보증계정운영기준,FULLTEXT_PUBLIC,전문 공개,current,ANCHORS_CONFIRMED,0,무탄소에너지보증계정 운영기준: 전문 공개,4,ANCHORS_CONFIRMED,공식 원문 본문에서 규정명·개정일·조문을 확인함,2,0,False,2026-09-08T19:20:38+09:00,2026-09-08T19:20:38+09:00,https://www.alio.go.kr/download/rulefiledown.json?fileNo=237275,ce8ae6b7a416085e01600cb3810a19e5f26bfc60860eaeace3ec82b52ae56213,pdf,2026.06.18,공개 확인,공개 확인,v0.4,review_pending
8a698bdbe6c6fb8d,무탄소에너지보증계정 운영요령,무탄소에너지보증계정운영요령,EXTRACTION_PENDING,판정대기,current,EXTRACTION_PENDING,1,무탄소에너지보증계정 운영요령: 판정대기,2,EXTRACTION_PENDING,공식 원문은 발견했으나 본문 추출·확인이 완료되지 않음,1,0,False,2026-09-08T19:20:38+09:00,2026-09-08T19:20:38+09:00,https://www.alio.go.kr/download/rulefiledown.json?fileNo=215903,45a43fe7d74bf77c04dd5bf9a48a5b554a32d3287e86405d7c1f03673866b1da,hwp,2025.04.30,,,v0.4,review_pending
35a5d423c369c531,무탄소에너지보증 업무방법서,무탄소에너지보증업무방법서,EXTRACTION_PENDING,판정대기,current,EXTRACTION_PENDING,1,무탄소에너지보증 업무방법서: 판정대기,2,EXTRACTION_PENDING,공식 원문은 발견했으나 본문 추출·확인이 완료되지 않음,1,0,False,2026-09-08T19:20:38+09:00,2026-09-08T19:20:38+09:00,https://www.alio.go.kr/download/rulefiledown.json?fileNo=214766,027085775381f0013c95c99ed4412b4e7a4f44eae704e3c7b8a1fd921e8ea260,hwp,2025.04.07,,,v0.4,review_pending
c10491a6cb22b614,무탄소에너지보증 업무요령,무탄소에너지보증업무요령,EXTRACTION_PENDING,판정대기,current,EXTRACTION_PENDING,1,무탄소에너지보증 업무요령: 판정대기,2,EXTRACTION_PENDING,공식 원문은 발견했으나 본문 추출·확인이 완료되지 않음,2,0,False,2026-09-08T19:20:38+09:00,2026-09-08T19:20:38+09:00,https://www.alio.go.kr/download/rulefiledown.json?fileNo=225250,83408b09e950bb46e4fcfd4880460d69bd97abb9369e0cd0ddf7745ce3cad9f6,hwp,2025.12.11,공개 확인,공개 확인,v0.4,review_pending
e2f753fa5b1ed8db,무탄소에너지보증 업무처리방법,무탄소에너지보증업무처리방법,NOTICE_ONLY,사전예고만,unknown,NOTICE_EVIDENCE_ONLY,1,무탄소에너지보증 업무처리방법: 사전예고만,2,OFFICIAL_NOTICE_ONLY,사전예고 공식 기록은 있으나 현행 규정 전문을 확인하지 못함,1,0,False,2026-09-08T19:20:38+09:00,2026-09-08T19:20:38+09:00,https://www.kodit.or.kr/common/nttFileDownload.do?fileKey=9b9585e288858014a8feb9244190f152,,unknown,,매칭 불명,매칭 불명,v0.4,review_pending
3bed545401f95f7d,무탄소에너지보증 활성화를 위한 협약보증 업무처리방법,무탄소에너지보증활성화를위한협약보증업무처리방법,NOTICE_ONLY,사전예고만,unknown,NOTICE_EVIDENCE_ONLY,1,무탄소에너지보증 활성화를 위한 협약보증 업무처리방법: 사전예고만,2,OFFICIAL_NOTICE_ONLY,사전예고 공식 기록은 있으나 현행 규정 전문을 확인하지 못함,1,0,False,2026-09-08T19:20:38+09:00,2026-09-08T19:20:38+09:00,https://www.kodit.or.kr/common/nttFileDownload.do?fileKey=c9a711789618ea48af0e14c2619f21bd,,unknown,,사전예고만 확인,사전예고만 확인,v0.4,review_pending
ec452f96224acda4,문서 및 사무처리기준,문서및사무처리기준,NOTICE_ONLY,사전예고만,unknown,NOTICE_EVIDENCE_ONLY,1,문서 및 사무처리기준: 사전예고만,2,OFFICIAL_NOTICE_ONLY,사전예고 공식 기록은 있으나 현행 규정 전문을 확인하지 못함,1,0,False,2026-09-08T19:20:38+09:00,2026-09-08T19:20:38+09:00,https://www.kodit.or.kr/common/nttFileDownload.do?fileKey=93ec70c8d730a865309271894e4055c1,,unknown,,사전예고만 확인,사전예고만 확인,v0.4,review_pending
4c2dbef2a8d62565,문서및사무처리에관한규정,문서및사무처리에관한규정,NOTICE_ONLY,사전예고만,unknown,NOTICE_EVIDENCE_ONLY,1,문서및사무처리에관한규정: 사전예고만,2,OFFICIAL_NOTICE_ONLY,사전예고 공식 기록은 있으나 현행 규정 전문을 확인하지 못함,1,0,False,2026-09-08T19:20:38+09:00,2026-09-08T19:20:38+09:00,https://www.kodit.or.kr/common/nttFileDownload.do?fileKey=fb3314fd9b9b475a114b735e5d8dc951,,unknown,,사전예고만 확인,사전예고만 확인,v0.4,review_pending
25e501b1e02312b4,문서 및 인장관리기준,문서및인장관리기준,NOTICE_ONLY,사전예고만,unknown,NOTICE_EVIDENCE_ONLY,1,문서 및 인장관리기준: 사전예고만,2,OFFICIAL_NOTICE_ONLY,사전예고 공식 기록은 있으나 현행 규정 전문을 확인하지 못함,1,0,False,2026-09-08T19:20:38+09:00,2026-09-08T19:20:38+09:00,https://www.kodit.or.kr/common/nttFileDownload.do?fileKey=8ddbad95ba1f90349939cbe48f234786,,unknown,,사전예고만 확인,사전예고만 확인,v0.4,review_pending
af03f8a7931da2ad,문서요령,문서요령,NOTICE_ONLY,사전예고만,unknown,NOTICE_EVIDENCE_ONLY,1,문서요령: 사전예고만,2,OFFICIAL_NOTICE_ONLY,사전예고 공식 기록은 있으나 현행 규정 전문을 확인하지 못함,1,0,False,2026-09-08T19:20:38+09:00,2026-09-08T19:20:38+09:00,https://www.kodit.or.kr/common/nttFileDownload.do?fileKey=fb3314fd9b9b475a114b735e5d8dc951,,unknown,,사전예고만 확인,사전예고만 확인,v0.4,review_pending
748067b9e3a6bb9a,문화산업보증계정 운영기준,문화산업보증계정운영기준,EXTRACTION_PENDING,판정대기,current,EXTRACTION_PENDING,1,문화산업보증계정 운영기준: 판정대기,2,EXTRACTION_PENDING,공식 원문은 발견했으나 본문 추출·확인이 완료되지 않음,2,0,False,2026-09-08T19:20:38+09:00,2026-09-08T19:20:38+09:00,https://www.alio.go.kr/download/rulefiledown.json?fileNo=237943,e9841bc61db3fb42a286e88b6eb1ec4c6e9f5227a93d6e9edd713932bba7e9bb,hwp,2026.06.22,공개 확인,공개 확인,v0.4,review_pending
838cc74c323dc27b,문화산업보증계정 운용기준,문화산업보증계정운용기준,NOTICE_ONLY,사전예고만,unknown,NOTICE_EVIDENCE_ONLY,1,문화산업보증계정 운용기준: 사전예고만,2,OFFICIAL_NOTICE_ONLY,사전예고 공식 기록은 있으나 현행 규정 전문을 확인하지 못함,1,0,False,2026-09-08T19:20:38+09:00,2026-09-08T19:20:38+09:00,https://www.kodit.or.kr/common/nttFileDownload.do?fileKey=87dbc20ecd9c1e79646bc91da385050c,,unknown,,매칭 불명,매칭 불명,v0.4,review_pending
98216d9f00df283e,문화산업보증 업무요령,문화산업보증업무요령,EXTRACTION_PENDING,판정대기,current,EXTRACTION_PENDING,1,문화산업보증 업무요령: 판정대기,2,EXTRACTION_PENDING,공식 원문은 발견했으나 본문 추출·확인이 완료되지 않음,2,0,False,2026-09-08T19:20:38+09:00,2026-09-08T19:20:38+09:00,https://www.alio.go.kr/download/rulefiledown.json?fileNo=235815,710c4cceda54a321aeabc5b0d36ccd972b59f55928940c7a139f7102181de68d,hwp,2026.05.13,공개 확인,공개 확인,v0.4,review_pending
6e8d79645ccff31f,문화산업 영위기업 보증프로그램 운용기준,문화산업영위기업보증프로그램운용기준,NOTICE_ONLY,사전예고만,unknown,NOTICE_EVIDENCE_ONLY,1,문화산업 영위기업 보증프로그램 운용기준: 사전예고만,2,OFFICIAL_NOTICE_ONLY,사전예고 공식 기록은 있으나 현행 규정 전문을 확인하지 못함,1,0,False,2026-09-08T19:20:38+09:00,2026-09-08T19:20:38+09:00,https://www.kodit.or.kr/common/nttFileDownload.do?fileKey=5c3c6205137118959b3d43a46560e115,,unknown,,사전예고만 확인,사전예고만 확인,v0.4,review_pending
fc29a8d86932ccc4,문화산업완성보증계정 운영기준,문화산업완성보증계정운영기준,NOTICE_ONLY,사전예고만,unknown,NOTICE_EVIDENCE_ONLY,1,문화산업완성보증계정 운영기준: 사전예고만,2,OFFICIAL_NOTICE_ONLY,사전예고 공식 기록은 있으나 현행 규정 전문을 확인하지 못함,1,0,False,2026-09-08T19:20:38+09:00,2026-09-08T19:20:38+09:00,https://www.kodit.or.kr/common/nttFileDownload.do?fileKey=2e2ab46e97186634067ace024ad9a09d,,unknown,,명칭변경·통합·폐지 확인,명칭변경·통합·폐지 확인,v0.4,review_pending
1310b99c022cc337,문화산업완성보증계정 운영요령,문화산업완성보증계정운영요령,EXTRACTION_PENDING,판정대기,current,EXTRACTION_PENDING,1,문화산업완성보증계정 운영요령: 판정대기,2,EXTRACTION_PENDING,공식 원문은 발견했으나 본문 추출·확인이 완료되지 않음,2,0,False,2026-09-08T19:20:38+09:00,2026-09-08T19:20:38+09:00,https://www.alio.go.kr/download/rulefiledown.json?fileNo=215709,b8f5788c16c76bad61ce835da58f576b0bbb1836d258bae756d9574e30609ecc,hwp,2025.04.23,공개 확인,공개 확인,v0.4,review_pending
8655fb0eb4e13e3c,문화산업완성보증계정운용기준,문화산업완성보증계정운용기준,NOTICE_ONLY,사전예고만,abolished,NOTICE_EVIDENCE_ONLY,1,문화산업완성보증계정운용기준: 사전예고만,2,OFFICIAL_NOTICE_ONLY,사전예고 공식 기록은 있으나 현행 규정 전문을 확인하지 못함,1,0,False,2026-09-08T19:20:38+09:00,2026-09-08T19:20:38+09:00,https://www.kodit.or.kr/common/nttFileDownload.do?fileKey=1d05c1126c457d7ffb8ea1d49088a78b,,unknown,,매칭 불명,매칭 불명,v0.4,review_pending
f65dcf1c6970daab,문화산업완성보증 관리업무처리기준,문화산업완성보증관리업무처리기준,NOTICE_ONLY,사전예고만,unknown,NOTICE_EVIDENCE_ONLY,1,문화산업완성보증 관리업무처리기준: 사전예고만,2,OFFICIAL_NOTICE_ONLY,사전예고 공식 기록은 있으나 현행 규정 전문을 확인하지 못함,1,0,False,2026-09-08T19:20:38+09:00,2026-09-08T19:20:38+09:00,https://www.kodit.or.kr/common/nttFileDownload.do?fileKey=874f5ea440f6e24fe9c877d55738f2c9,,unknown,,매칭 불명,매칭 불명,v0.4,review_pending
cbe7ace3281c8f17,문화산업완성보증 부실 및 구상권 관리에 관한 업무처리기준,문화산업완성보증부실및구상권관리에관한업무처리기준,NOTICE_ONLY,사전예고만,unknown,NOTICE_EVIDENCE_ONLY,1,문화산업완성보증 부실 및 구상권 관리에 관한 업무처리기준: 사전예고만,2,OFFICIAL_NOTICE_ONLY,사전예고 공식 기록은 있으나 현행 규정 전문을 확인하지 못함,1,0,False,2026-09-08T19:20:38+09:00,2026-09-08T19:20:38+09:00,https://www.kodit.or.kr/common/nttFileDownload.do?fileKey=529a7b396874fa3215a0c8737b6bab8a,,unknown,,매칭 불명,매칭 불명,v0.4,review_pending
0b2d33b4c927be01,문화산업완성보증 업무방법서,문화산업완성보증업무방법서,EXTRACTION_PENDING,판정대기,current,EXTRACTION_PENDING,1,문화산업완성보증 업무방법서: 판정대기,2,EXTRACTION_PENDING,공식 원문은 발견했으나 본문 추출·확인이 완료되지 않음,2,0,False,2026-09-08T19:20:38+09:00,2026-09-08T19:20:38+09:00,https://www.alio.go.kr/download/rulefiledown.json?fileNo=212925,115bcc253768b1c5a31ec9df07fbcb0f6fb2835f65cd23f1bca586a4fa3d0be5,hwp,2025.03.05,공개 확인,공개 확인,v0.4,review_pending
2008c9060790ffb7,문화산업완성보증 업무요령,문화산업완성보증업무요령,NOTICE_ONLY,사전예고만,unknown,NOTICE_EVIDENCE_ONLY,1,문화산업완성보증 업무요령: 사전예고만,2,OFFICIAL_NOTICE_ONLY,사전예고 공식 기록은 있으나 현행 규정 전문을 확인하지 못함,1,0,False,2026-09-08T19:20:38+09:00,2026-09-08T19:20:38+09:00,https://www.kodit.or.kr/common/nttFileDownload.do?fileKey=1698ee172d3b4c7d89f9f8754d6fbdc4,,unknown,,명칭변경·통합·폐지 확인,명칭변경·통합·폐지 확인,v0.4,review_pending
d3725476f0566b4c,문화산업완성보증 업무처리방법,문화산업완성보증업무처리방법,NOTICE_ONLY,사전예고만,unknown,NOTICE_EVIDENCE_ONLY,1,문화산업완성보증 업무처리방법: 사전예고만,2,OFFICIAL_NOTICE_ONLY,사전예고 공식 기록은 있으나 현행 규정 전문을 확인하지 못함,1,0,False,2026-09-08T19:20:38+09:00,2026-09-08T19:20:38+09:00,https://www.kodit.or.kr/common/nttFileDownload.do?fileKey=0bf3c498840e62bf539b0296d642424a,,unknown,,매칭 불명,매칭 불명,v0.4,review_pending
58a5a1e90619d57c,문화산업완성보증 운용기준,문화산업완성보증운용기준,NOTICE_ONLY,사전예고만,unknown,NOTICE_EVIDENCE_ONLY,1,문화산업완성보증 운용기준: 사전예고만,2,OFFICIAL_NOTICE_ONLY,사전예고 공식 기록은 있으나 현행 규정 전문을 확인하지 못함,1,0,False,2026-09-08T19:20:38+09:00,2026-09-08T19:20:38+09:00,https://www.kodit.or.kr/common/nttFileDownload.do?fileKey=e97c6b0a2cc8b1c8359e2150423f906b,,unknown,,매칭 불명,매칭 불명,v0.4,review_pending
99355e49754707f3,문화산업정책보증 운용기준,문화산업정책보증운용기준,NOTICE_ONLY,사전예고만,unknown,NOTICE_EVIDENCE_ONLY,1,문화산업정책보증 운용기준: 사전예고만,2,OFFICIAL_NOTICE_ONLY,사전예고 공식 기록은 있으나 현행 규정 전문을 확인하지 못함,1,0,False,2026-09-08T19:20:38+09:00,2026-09-08T19:20:38+09:00,https://www.kodit.or.kr/common/nttFileDownload.do?fileKey=e97c6b0a2cc8b1c8359e2150423f906b,,unknown,,매칭 불명,매칭 불명,v0.4,review_pending
6717b337b117fcf0,문화콘텐츠기업 융·복합 지원 프로그램 업무처리방법,문화콘텐츠기업융복합지원프로그램업무처리방법,NOTICE_ONLY,사전예고만,unknown,NOTICE_EVIDENCE_ONLY,1,문화콘텐츠기업 융·복합 지원 프로그램 업무처리방법: 사전예고만,2,OFFICIAL_NOTICE_ONLY,사전예고 공식 기록은 있으나 현행 규정 전문을 확인하지 못함,1,0,False,2026-09-08T19:20:38+09:00,2026-09-08T19:20:38+09:00,https://www.kodit.or.kr/common/nttFileDownload.do?fileKey=2b5222846ee73e1c4b912d1e262dd1e3,,unknown,,사전예고만 확인,사전예고만 확인,v0.4,review_pending
2145feb264852b21,문화콘텐츠기업 융복합 특화지원 프로그램 업무처리방법,문화콘텐츠기업융복합특화지원프로그램업무처리방법,NOTICE_ONLY,사전예고만,unknown,NOTICE_EVIDENCE_ONLY,1,문화콘텐츠기업 융복합 특화지원 프로그램 업무처리방법: 사전예고만,2,OFFICIAL_NOTICE_ONLY,사전예고 공식 기록은 있으나 현행 규정 전문을 확인하지 못함,1,0,False,2026-09-08T19:20:38+09:00,2026-09-08T19:20:38+09:00,https://www.kodit.or.kr/common/nttFileDownload.do?fileKey=edb46ad0d7082307124c8eeed9a434a6,,unknown,,사전예고만 확인,사전예고만 확인,v0.4,review_pending
bee0a7b08e71d847,문화콘텐츠 융·복합 지원 프로그램 업무처리방법,문화콘텐츠융복합지원프로그램업무처리방법,NOTICE_ONLY,사전예고만,unknown,NOTICE_EVIDENCE_ONLY,1,문화콘텐츠 융·복합 지원 프로그램 업무처리방법: 사전예고만,2,OFFICIAL_NOTICE_ONLY,사전예고 공식 기록은 있으나 현행 규정 전문을 확인하지 못함,1,0,False,2026-09-08T19:20:38+09:00,2026-09-08T19:20:38+09:00,https://www.kodit.or.kr/common/nttFileDownload.do?fileKey=6f06492a02ff7582294f1794815d059d,,unknown,,사전예고만 확인,사전예고만 확인,v0.4,review_pending
6f73aaa234cb23d7,문화콘텐츠 프로젝트투자 프로그램 운용기준,문화콘텐츠프로젝트투자프로그램운용기준,NOTICE_ONLY,사전예고만,unknown,NOTICE_EVIDENCE_ONLY,1,문화콘텐츠 프로젝트투자 프로그램 운용기준: 사전예고만,2,OFFICIAL_NOTICE_ONLY,사전예고 공식 기록은 있으나 현행 규정 전문을 확인하지 못함,1,0,False,2026-09-08T19:20:38+09:00,2026-09-08T19:20:38+09:00,https://www.kodit.or.kr/common/nttFileDownload.do?fileKey=2d6752c1036c46d5697103e69714b44b,,unknown,,사전예고만 확인,사전예고만 확인,v0.4,review_pending
f44cd9b012016f94,미래성장성평가시스템운용기준,미래성장성평가시스템운용기준,NOTICE_ONLY,사전예고만,unknown,NOTICE_EVIDENCE_ONLY,1,미래성장성평가시스템운용기준: 사전예고만,2,OFFICIAL_NOTICE_ONLY,사전예고 공식 기록은 있으나 현행 규정 전문을 확인하지 못함,1,0,False,2026-09-08T19:20:38+09:00,2026-09-08T19:20:38+09:00,https://www.kodit.or.kr/common/nttFileDownload.do?fileKey=87065be713880f16177761f3d71a21b1,,unknown,,사전예고만 확인,사전예고만 확인,v0.4,review_pending
22685c89a74ca53b,미래성장성평가 운용기준,미래성장성평가운용기준,NOTICE_ONLY,사전예고만,unknown,NOTICE_EVIDENCE_ONLY,1,미래성장성평가 운용기준: 사전예고만,2,OFFICIAL_NOTICE_ONLY,사전예고 공식 기록은 있으나 현행 규정 전문을 확인하지 못함,1,0,False,2026-09-08T19:20:38+09:00,2026-09-08T19:20:38+09:00,https://www.kodit.or.kr/common/nttFileDownload.do?fileKey=3ca9466fe50e36d89bf112662502d18e,,unknown,,사전예고만 확인,사전예고만 확인,v0.4,review_pending
5552ca71aa3896d3,민간선투자대출보증기준,민간선투자대출보증기준,NOTICE_ONLY,사전예고만,unknown,NOTICE_EVIDENCE_ONLY,1,민간선투자대출보증기준: 사전예고만,2,OFFICIAL_NOTICE_ONLY,사전예고 공식 기록은 있으나 현행 규정 전문을 확인하지 못함,1,0,False,2026-09-08T19:20:38+09:00,2026-09-08T19:20:38+09:00,https://www.kodit.or.kr/common/nttFileDownload.do?fileKey=1e7a5c5580788c7131c02235f812fc03,,unknown,,매칭 불명,매칭 불명,v0.4,review_pending
492a04a05b970ffe,민간선투자대출보증약관,민간선투자대출보증약관,NOTICE_ONLY,사전예고만,unknown,NOTICE_EVIDENCE_ONLY,1,민간선투자대출보증약관: 사전예고만,2,OFFICIAL_NOTICE_ONLY,사전예고 공식 기록은 있으나 현행 규정 전문을 확인하지 못함,1,0,False,2026-09-08T19:20:38+09:00,2026-09-08T19:20:38+09:00,https://www.kodit.or.kr/common/nttFileDownload.do?fileKey=1e7a5c5580788c7131c02235f812fc03,,unknown,,매칭 불명,매칭 불명,v0.4,review_pending
25dbddb54681aa0a,민간선투자 대출보증약관 면책기준,민간선투자대출보증약관면책기준,EXTRACTION_PENDING,판정대기,current,EXTRACTION_PENDING,1,민간선투자 대출보증약관 면책기준: 판정대기,2,EXTRACTION_PENDING,공식 원문은 발견했으나 본문 추출·확인이 완료되지 않음,2,0,False,2026-09-08T19:20:38+09:00,2026-09-08T19:20:38+09:00,https://www.alio.go.kr/download/rulefiledown.json?fileNo=229458,2f04dc90e9ef8bb967dc3dcc77280471e7b097253716b3501e3e16b6416b8b9b,hwp,2026.01.14,공개 확인,공개 확인,v0.4,review_pending
2a5eb57d01e5fa74,민간투자사업정상화지원기준,민간투자사업정상화지원기준,NOTICE_ONLY,사전예고만,unknown,NOTICE_EVIDENCE_ONLY,1,민간투자사업정상화지원기준: 사전예고만,2,OFFICIAL_NOTICE_ONLY,사전예고 공식 기록은 있으나 현행 규정 전문을 확인하지 못함,1,0,False,2026-09-08T19:20:38+09:00,2026-09-08T19:20:38+09:00,https://www.kodit.or.kr/common/nttFileDownload.do?fileKey=b322643e8d9d00c04f08c324390a3168,,unknown,,사전예고만 확인,사전예고만 확인,v0.4,review_pending
474fd98ab72a68a0,민간투자사업 정상화 지원 기준 외 11개 기준,민간투자사업정상화지원기준외11개기준,NOTICE_ONLY,사전예고만,unknown,NOTICE_EVIDENCE_ONLY,1,민간투자사업 정상화 지원 기준 외 11개 기준: 사전예고만,2,OFFICIAL_NOTICE_ONLY,사전예고 공식 기록은 있으나 현행 규정 전문을 확인하지 못함,1,0,False,2026-09-08T19:20:38+09:00,2026-09-08T19:20:38+09:00,https://www.kodit.or.kr/common/nttFileDownload.do?fileKey=44b79c5e97e647717c127769793c2221,,unknown,,사전예고만 확인,사전예고만 확인,v0.4,review_pending
38cf5e931624269b,민원사무처리기준,민원사무처리기준,NOTICE_ONLY,사전예고만,unknown,NOTICE_EVIDENCE_ONLY,1,민원사무처리기준: 사전예고만,2,OFFICIAL_NOTICE_ONLY,사전예고 공식 기록은 있으나 현행 규정 전문을 확인하지 못함,1,0,False,2026-09-08T19:20:38+09:00,2026-09-08T19:20:38+09:00,https://www.kodit.or.kr/common/nttFileDownload.do?fileKey=d327e02d0d750d5bb0f58e9abdd39f9d,,unknown,,사전예고만 확인,사전예고만 확인,v0.4,review_pending
4b583d20fabc2bc3,민원 처리 기준,민원처리기준,NOTICE_ONLY,사전예고만,unknown,NOTICE_EVIDENCE_ONLY,1,민원 처리 기준: 사전예고만,2,OFFICIAL_NOTICE_ONLY,사전예고 공식 기록은 있으나 현행 규정 전문을 확인하지 못함,1,0,False,2026-09-08T19:20:38+09:00,2026-09-08T19:20:38+09:00,https://www.kodit.or.kr/common/nttFileDownload.do?fileKey=2fb91f2b180bcc7400ffd3c005b81d32,,unknown,,사전예고만 확인,사전예고만 확인,v0.4,review_pending
c2fbe55735b52e49,민자사업평가기준,민자사업평가기준,NOTICE_ONLY,사전예고만,unknown,NOTICE_EVIDENCE_ONLY,1,민자사업평가기준: 사전예고만,2,OFFICIAL_NOTICE_ONLY,사전예고 공식 기록은 있으나 현행 규정 전문을 확인하지 못함,1,0,False,2026-09-08T19:20:38+09:00,2026-09-08T19:20:38+09:00,https://www.kodit.or.kr/common/nttFileDownload.do?fileKey=487a4e022a8acaa4f2c6b0faa0af9527,,unknown,,사전예고만 확인,사전예고만 확인,v0.4,review_pending
7873e2453b01e6b2,민자사업평가모형 운영기준,민자사업평가모형운영기준,NOTICE_ONLY,사전예고만,unknown,NOTICE_EVIDENCE_ONLY,1,민자사업평가모형 운영기준: 사전예고만,2,OFFICIAL_NOTICE_ONLY,사전예고 공식 기록은 있으나 현행 규정 전문을 확인하지 못함,1,0,False,2026-09-08T19:20:38+09:00,2026-09-08T19:20:38+09:00,https://www.kodit.or.kr/common/nttFileDownload.do?fileKey=4b1587319a164d75d35f8fdb15278f89,,unknown,,사전예고만 확인,사전예고만 확인,v0.4,review_pending
8aca3a905cc0d9c2,및 관리기준,및관리기준,NOTICE_ONLY,사전예고만,unknown,NOTICE_EVIDENCE_ONLY,1,및 관리기준: 사전예고만,2,OFFICIAL_NOTICE_ONLY,사전예고 공식 기록은 있으나 현행 규정 전문을 확인하지 못함,1,0,False,2026-09-08T19:20:38+09:00,2026-09-08T19:20:38+09:00,https://www.kodit.or.kr/common/nttFileDownload.do?fileKey=1ef52fbec04bd77a9148c2b9f02f6dc7,,unknown,,사전예고만 확인,사전예고만 확인,v0.4,review_pending
7b04da2650e4a2a5,및 보증명 인용 기준,및보증명인용기준,NOTICE_ONLY,사전예고만,unknown,NOTICE_EVIDENCE_ONLY,1,및 보증명 인용 기준: 사전예고만,2,OFFICIAL_NOTICE_ONLY,사전예고 공식 기록은 있으나 현행 규정 전문을 확인하지 못함,1,0,False,2026-09-08T19:20:38+09:00,2026-09-08T19:20:38+09:00,https://www.kodit.or.kr/common/nttFileDownload.do?fileKey=529a7b396874fa3215a0c8737b6bab8a,,unknown,,사전예고만 확인,사전예고만 확인,v0.4,review_pending
497fc38fc08751c7,및 부분보증 운용기준,및부분보증운용기준,SOURCE_UNKNOWN,출처불명,unknown,NO_OFFICIAL_DOCUMENT,1,및 부분보증 운용기준: 출처불명,1,NO_DOCUMENT_OBSERVATION,공식 원문 또는 사전예고 발견경로를 확인하지 못함,0,0,False,2026-09-08T19:20:38+09:00,2026-09-08T19:20:38+09:00,,,unknown,,사전예고만 확인,,v0.4,review_pending
1d2e52ef6d2e52c6,및 운용기준,및운용기준,SOURCE_UNKNOWN,출처불명,unknown,NO_OFFICIAL_DOCUMENT,1,및 운용기준: 출처불명,1,NO_DOCUMENT_OBSERVATION,공식 원문 또는 사전예고 발견경로를 확인하지 못함,0,0,False,2026-09-08T19:20:38+09:00,2026-09-08T19:20:38+09:00,,,unknown,,사전예고만 확인,,v0.4,review_pending
7c1ca4ed8358671c,방위산업체 보안업무기준,방위산업체보안업무기준,NOTICE_ONLY,사전예고만,abolished,NOTICE_EVIDENCE_ONLY,1,방위산업체 보안업무기준: 사전예고만,2,OFFICIAL_NOTICE_ONLY,사전예고 공식 기록은 있으나 현행 규정 전문을 확인하지 못함,1,0,False,2026-09-08T19:20:38+09:00,2026-09-08T19:20:38+09:00,https://www.kodit.or.kr/common/nttFileDownload.do?fileKey=d5a3b760bef22adf170e7df115fd2fd2,,unknown,,사전예고만 확인,사전예고만 확인,v0.4,review_pending
18352896b90dac30,방첩업무기준,방첩업무기준,NOTICE_ONLY,사전예고만,unknown,NOTICE_EVIDENCE_ONLY,1,방첩업무기준: 사전예고만,2,OFFICIAL_NOTICE_ONLY,사전예고 공식 기록은 있으나 현행 규정 전문을 확인하지 못함,1,0,False,2026-09-08T19:20:38+09:00,2026-09-08T19:20:38+09:00,https://www.kodit.or.kr/common/nttFileDownload.do?fileKey=ba06d8a1ca876457e17dccfcee093d0c,,unknown,,사전예고만 확인,사전예고만 확인,v0.4,review_pending
c1dbe4ee8b24112e,밸류업 프로그램 운용기준,밸류업프로그램운용기준,EXTRACTION_PENDING,판정대기,current,EXTRACTION_PENDING,1,밸류업 프로그램 운용기준: 판정대기,2,EXTRACTION_PENDING,공식 원문은 발견했으나 본문 추출·확인이 완료되지 않음,2,0,False,2026-09-08T19:20:38+09:00,2026-09-08T19:20:38+09:00,https://www.alio.go.kr/download/rulefiledown.json?fileNo=227958,8a3cca611b021e8bd970e8ed095da6594e02e256bb7a7b10ddf2264c2fa43600,hwp,2025.12.31,공개 확인,공개 확인,v0.4,review_pending
9af41d22b79d6043,버팀목 특례보험 업무처리방법,버팀목특례보험업무처리방법,NOTICE_ONLY,사전예고만,unknown,NOTICE_EVIDENCE_ONLY,1,버팀목 특례보험 업무처리방법: 사전예고만,2,OFFICIAL_NOTICE_ONLY,사전예고 공식 기록은 있으나 현행 규정 전문을 확인하지 못함,1,0,False,2026-09-08T19:20:38+09:00,2026-09-08T19:20:38+09:00,https://www.kodit.or.kr/common/nttFileDownload.do?fileKey=5bb2a3bd4376c930ebf1d9449da81ecc,,unknown,,사전예고만 확인,사전예고만 확인,v0.4,review_pending
55fe3096d91204cf,법무사 사건위임 및 보수지급 기준,법무사사건위임및보수지급기준,NOTICE_ONLY,사전예고만,unknown,NOTICE_EVIDENCE_ONLY,1,법무사 사건위임 및 보수지급 기준: 사전예고만,2,OFFICIAL_NOTICE_ONLY,사전예고 공식 기록은 있으나 현행 규정 전문을 확인하지 못함,1,0,False,2026-09-08T19:20:38+09:00,2026-09-08T19:20:38+09:00,https://www.kodit.or.kr/common/nttFileDownload.do?fileKey=b3de27678586364bd4a0f5b758b1aa9b,,unknown,,사전예고만 확인,사전예고만 확인,v0.4,review_pending
9ea3c8729c633b86,법인기업에 대한 연대보증 입보면제 업무처리방법,법인기업에대한연대보증입보면제업무처리방법,NOTICE_ONLY,사전예고만,unknown,NOTICE_EVIDENCE_ONLY,1,법인기업에 대한 연대보증 입보면제 업무처리방법: 사전예고만,2,OFFICIAL_NOTICE_ONLY,사전예고 공식 기록은 있으나 현행 규정 전문을 확인하지 못함,1,0,False,2026-09-08T19:20:38+09:00,2026-09-08T19:20:38+09:00,https://www.kodit.or.kr/common/nttFileDownload.do?fileKey=77dc4e5979eb3d598482c0f02868ded8,,unknown,,사전예고만 확인,사전예고만 확인,v0.4,review_pending
4d01f6b120fb9399,법인기업에 대한 연대보증 입보면제 운용기준,법인기업에대한연대보증입보면제운용기준,NOTICE_ONLY,사전예고만,unknown,NOTICE_EVIDENCE_ONLY,1,법인기업에 대한 연대보증 입보면제 운용기준: 사전예고만,2,OFFICIAL_NOTICE_ONLY,사전예고 공식 기록은 있으나 현행 규정 전문을 확인하지 못함,1,0,False,2026-09-08T19:20:38+09:00,2026-09-08T19:20:38+09:00,https://www.kodit.or.kr/common/nttFileDownload.do?fileKey=617ed0a25ec226881f51e1acd5ecf441,,unknown,,사전예고만 확인,사전예고만 확인,v0.4,review_pending
47519ee20c08603a,법인카드 사용기준,법인카드사용기준,NOTICE_ONLY,사전예고만,unknown,NOTICE_EVIDENCE_ONLY,1,법인카드 사용기준: 사전예고만,2,OFFICIAL_NOTICE_ONLY,사전예고 공식 기록은 있으나 현행 규정 전문을 확인하지 못함,1,0,False,2026-09-08T19:20:38+09:00,2026-09-08T19:20:38+09:00,https://www.kodit.or.kr/common/nttFileDownload.do?fileKey=df3591a0efe0e85eb3f1c34e42d4dce9,,unknown,,사전예고만 확인,사전예고만 확인,v0.4,review_pending
ce55ec011f8f5165,벤처기업 특례보증 프로그램 운용기준,벤처기업특례보증프로그램운용기준,NOTICE_ONLY,사전예고만,unknown,NOTICE_EVIDENCE_ONLY,1,벤처기업 특례보증 프로그램 운용기준: 사전예고만,2,OFFICIAL_NOTICE_ONLY,사전예고 공식 기록은 있으나 현행 규정 전문을 확인하지 못함,1,0,False,2026-09-08T19:20:38+09:00,2026-09-08T19:20:38+09:00,https://www.kodit.or.kr/common/nttFileDownload.do?fileKey=0bf3c498840e62bf539b0296d642424a,,unknown,,사전예고만 확인,사전예고만 확인,v0.4,review_pending
17c90550cbabed70,벤처확인 전문 평가 기준,벤처확인전문평가기준,NOTICE_ONLY,사전예고만,unknown,NOTICE_EVIDENCE_ONLY,1,벤처확인 전문 평가 기준: 사전예고만,2,OFFICIAL_NOTICE_ONLY,사전예고 공식 기록은 있으나 현행 규정 전문을 확인하지 못함,1,0,False,2026-09-08T19:20:38+09:00,2026-09-08T19:20:38+09:00,https://www.kodit.or.kr/common/nttFileDownload.do?fileKey=df432ea14d2dc32ae45bf7ed25c08869,,unknown,,매칭 불명,매칭 불명,v0.4,review_pending
dbb4a3bbab6b61fd,벤처확인 전문 평가 요령,벤처확인전문평가요령,EXTRACTION_PENDING,판정대기,current,EXTRACTION_PENDING,1,벤처확인 전문 평가 요령: 판정대기,2,EXTRACTION_PENDING,공식 원문은 발견했으나 본문 추출·확인이 완료되지 않음,2,0,False,2026-09-08T19:20:38+09:00,2026-09-08T19:20:38+09:00,https://www.alio.go.kr/download/rulefiledown.json?fileNo=126463,3d2e970d1435df5fcd329051c6be3070b664e7d2d6123d1554c6c126d6b2ad71,hwp,2021.03.31,공개 확인,공개 확인,v0.4,review_pending
e2b32f8c4dd54434,벤처확인 전문 평가 요령」_「벤처확인 전문 평가 기준,벤처확인전문평가요령벤처확인전문평가기준,NOTICE_ONLY,사전예고만,unknown,NOTICE_EVIDENCE_ONLY,1,벤처확인 전문 평가 요령」_「벤처확인 전문 평가 기준: 사전예고만,2,OFFICIAL_NOTICE_ONLY,사전예고 공식 기록은 있으나 현행 규정 전문을 확인하지 못함,1,0,False,2026-09-08T19:20:38+09:00,2026-09-08T19:20:38+09:00,https://www.kodit.or.kr/common/nttFileDownload.do?fileKey=df432ea14d2dc32ae45bf7ed25c08869,,unknown,,사전예고만 확인,사전예고만 확인,v0.4,review_pending
e457dd6a382a2e1e,보수규정,보수규정,EXTRACTION_PENDING,판정대기,current,EXTRACTION_PENDING,1,보수규정: 판정대기,2,EXTRACTION_PENDING,공식 원문은 발견했으나 본문 추출·확인이 완료되지 않음,2,0,False,2026-09-08T19:20:38+09:00,2026-09-08T19:20:38+09:00,https://www.alio.go.kr/download/rulefiledown.json?fileNo=232146,79e0b5ccddd3a4054267a8c894ce212e60237ef32136d4e3bd62b6f3bf785a84,hwp,2026.02.27,공개 확인,공개 확인,v0.4,review_pending
d8e5ad9d4233dedb,보수규정 운영기준,보수규정운영기준,EXTRACTION_PENDING,판정대기,current,EXTRACTION_PENDING,1,보수규정 운영기준: 판정대기,2,EXTRACTION_PENDING,공식 원문은 발견했으나 본문 추출·확인이 완료되지 않음,2,0,False,2026-09-08T19:20:38+09:00,2026-09-08T19:20:38+09:00,https://www.alio.go.kr/download/rulefiledown.json?fileNo=227916,b4318c3e50cd9111e4afff421f1f5e389e9b20ff228047d1b3c34261b4cd6606,hwp,2025.12.29,공개 확인,공개 확인,v0.4,review_pending
57fc20ad3c9d47e1,보수지급기준,보수지급기준,NOTICE_ONLY,사전예고만,unknown,NOTICE_EVIDENCE_ONLY,1,보수지급기준: 사전예고만,2,OFFICIAL_NOTICE_ONLY,사전예고 공식 기록은 있으나 현행 규정 전문을 확인하지 못함,1,0,False,2026-09-08T19:20:38+09:00,2026-09-08T19:20:38+09:00,https://www.kodit.or.kr/common/nttFileDownload.do?fileKey=b3de27678586364bd4a0f5b758b1aa9b,,unknown,,사전예고만 확인,사전예고만 확인,v0.4,review_pending
ccc0b85f4e42c6b1,보안업무요령,보안업무요령,EXTRACTION_PENDING,판정대기,current,EXTRACTION_PENDING,1,보안업무요령: 판정대기,2,EXTRACTION_PENDING,공식 원문은 발견했으나 본문 추출·확인이 완료되지 않음,2,0,False,2026-09-08T19:20:38+09:00,2026-09-08T19:20:38+09:00,https://www.alio.go.kr/download/rulefiledown.json?fileNo=235307,16fe583080d32ad6a4356d7f29150965eb978a0968a7b8f18ecd4fd2072469b3,hwp,2026.04.24,공개 확인,공개 확인,v0.4,review_pending
2d367d01642063c9,보증기관 변경을 위한 전환보증 운용기준,보증기관변경을위한전환보증운용기준,NOTICE_ONLY,사전예고만,abolished,NOTICE_EVIDENCE_ONLY,1,보증기관 변경을 위한 전환보증 운용기준: 사전예고만,2,OFFICIAL_NOTICE_ONLY,사전예고 공식 기록은 있으나 현행 규정 전문을 확인하지 못함,1,0,False,2026-09-08T19:20:38+09:00,2026-09-08T19:20:38+09:00,https://www.kodit.or.kr/common/nttFileDownload.do?fileKey=591aa118cd8e5982a867b1e3f492fbc1,,unknown,,사전예고만 확인,사전예고만 확인,v0.4,review_pending
e9e6b002335b56ce,보증료 등 운용기준,보증료등운용기준,EXTRACTION_PENDING,판정대기,current,EXTRACTION_PENDING,1,보증료 등 운용기준: 판정대기,2,EXTRACTION_PENDING,공식 원문은 발견했으나 본문 추출·확인이 완료되지 않음,2,0,False,2026-09-08T19:20:38+09:00,2026-09-08T19:20:38+09:00,https://www.alio.go.kr/download/rulefiledown.json?fileNo=239081,285da00fee244aeb7b763613d569a622a45670111eeffab5823be228da5ac441,hwp,2026.07.16,공개 확인,공개 확인,v0.4,review_pending
1e995b965340a5e1,보증료 지원 등에 관한 협약보증 운용기준,보증료지원등에관한협약보증운용기준,NOTICE_ONLY,사전예고만,unknown,NOTICE_EVIDENCE_ONLY,1,보증료 지원 등에 관한 협약보증 운용기준: 사전예고만,2,OFFICIAL_NOTICE_ONLY,사전예고 공식 기록은 있으나 현행 규정 전문을 확인하지 못함,1,0,False,2026-09-08T19:20:38+09:00,2026-09-08T19:20:38+09:00,https://www.kodit.or.kr/common/nttFileDownload.do?fileKey=08ef702dbfe4e7252ba3c9622cc4c75d,,unknown,,매칭 불명,매칭 불명,v0.4,review_pending
c1f6f0b66e5091c8,보증료 지원 협약보증 운용기준,보증료지원협약보증운용기준,NOTICE_ONLY,사전예고만,unknown,NOTICE_EVIDENCE_ONLY,1,보증료 지원 협약보증 운용기준: 사전예고만,2,OFFICIAL_NOTICE_ONLY,사전예고 공식 기록은 있으나 현행 규정 전문을 확인하지 못함,1,0,False,2026-09-08T19:20:38+09:00,2026-09-08T19:20:38+09:00,https://www.kodit.or.kr/common/nttFileDownload.do?fileKey=10214dc6c28d958067437b20db1876f5,,unknown,,사전예고만 확인,사전예고만 확인,v0.4,review_pending
349adaa953781639,보증사업심사 운영요령,보증사업심사운영요령,NOTICE_ONLY,사전예고만,unknown,NOTICE_EVIDENCE_ONLY,1,보증사업심사 운영요령: 사전예고만,2,OFFICIAL_NOTICE_ONLY,사전예고 공식 기록은 있으나 현행 규정 전문을 확인하지 못함,1,0,False,2026-09-08T19:20:38+09:00,2026-09-08T19:20:38+09:00,https://www.kodit.or.kr/common/nttFileDownload.do?fileKey=c57f8bab9c21106e5ea6daecf840009a,,unknown,,매칭 불명,매칭 불명,v0.4,review_pending
e1a3d9ec2f62b092,보증사업심사위원회 운영요령,보증사업심사위원회운영요령,EXTRACTION_PENDING,판정대기,current,EXTRACTION_PENDING,1,보증사업심사위원회 운영요령: 판정대기,2,EXTRACTION_PENDING,공식 원문은 발견했으나 본문 추출·확인이 완료되지 않음,2,0,False,2026-09-08T19:20:38+09:00,2026-09-08T19:20:38+09:00,https://www.alio.go.kr/download/rulefiledown.json?fileNo=238880,d67734f3e63678cc4ed54a25da4675ce732b2374154f92286f8fdc1b2f6fbe63,hwp,2026.07.16,공개 확인,공개 확인,v0.4,review_pending
38eda4537eea8388,보증사업심사위원회 운용요령,보증사업심사위원회운용요령,NOTICE_ONLY,사전예고만,unknown,NOTICE_EVIDENCE_ONLY,1,보증사업심사위원회 운용요령: 사전예고만,2,OFFICIAL_NOTICE_ONLY,사전예고 공식 기록은 있으나 현행 규정 전문을 확인하지 못함,1,0,False,2026-09-08T19:20:38+09:00,2026-09-08T19:20:38+09:00,https://www.kodit.or.kr/common/nttFileDownload.do?fileKey=46195b46dec30635722604668020d0ff,,unknown,,매칭 불명,매칭 불명,v0.4,review_pending
522b0e37c141f43f,보증상품요령,보증상품요령,EXTRACTION_PENDING,판정대기,current,EXTRACTION_PENDING,1,보증상품요령: 판정대기,2,EXTRACTION_PENDING,공식 원문은 발견했으나 본문 추출·확인이 완료되지 않음,2,0,False,2026-09-08T19:20:38+09:00,2026-09-08T19:20:38+09:00,https://www.alio.go.kr/download/rulefiledown.json?fileNo=238879,b54ac213825ad02532712bd248ca5c998f4a8ab9914f1bcdf875295d9da85ce6,hwp,2026.07.16,공개 확인,공개 확인,v0.4,review_pending
1075f60e60d51fc7,보증신청 및 상담 운용기준,보증신청및상담운용기준,NOTICE_ONLY,사전예고만,unknown,NOTICE_EVIDENCE_ONLY,1,보증신청 및 상담 운용기준: 사전예고만,2,OFFICIAL_NOTICE_ONLY,사전예고 공식 기록은 있으나 현행 규정 전문을 확인하지 못함,1,0,False,2026-09-08T19:20:38+09:00,2026-09-08T19:20:38+09:00,https://www.kodit.or.kr/common/nttFileDownload.do?fileKey=617ed0a25ec226881f51e1acd5ecf441,,unknown,,사전예고만 확인,사전예고만 확인,v0.4,review_pending
3b3d6133bc0640a5,보증심사방법 운용기준,보증심사방법운용기준,NOTICE_ONLY,사전예고만,abolished,NOTICE_EVIDENCE_ONLY,1,보증심사방법 운용기준: 사전예고만,2,OFFICIAL_NOTICE_ONLY,사전예고 공식 기록은 있으나 현행 규정 전문을 확인하지 못함,1,0,False,2026-09-08T19:20:38+09:00,2026-09-08T19:20:38+09:00,https://www.kodit.or.kr/common/nttFileDownload.do?fileKey=4f8541bc6aa47c9379cf920de4cfe0d0,,unknown,,사전예고만 확인,사전예고만 확인,v0.4,review_pending
3b3d6133bc0640a5,보증심사방법+운용기준,보증심사방법운용기준,NOTICE_ONLY,사전예고만,unknown,NOTICE_EVIDENCE_ONLY,1,보증심사방법+운용기준: 사전예고만,2,OFFICIAL_NOTICE_ONLY,사전예고 공식 기록은 있으나 현행 규정 전문을 확인하지 못함,1,0,False,2026-09-08T19:20:38+09:00,2026-09-08T19:20:38+09:00,https://www.kodit.or.kr/common/nttFileDownload.do?fileKey=d06addd27b7d231fb00da1bb9be6b78a,,unknown,,사전예고만 확인,사전예고만 확인,v0.4,review_pending
9bb41d799d5590b9,보증심사운요령,보증심사운요령,NOTICE_ONLY,사전예고만,unknown,NOTICE_EVIDENCE_ONLY,1,보증심사운요령: 사전예고만,2,OFFICIAL_NOTICE_ONLY,사전예고 공식 기록은 있으나 현행 규정 전문을 확인하지 못함,1,0,False,2026-09-08T19:20:38+09:00,2026-09-08T19:20:38+09:00,https://www.kodit.or.kr/common/nttFileDownload.do?fileKey=2d426f62150af48471a3358fe948bc3d,,unknown,,매칭 불명,매칭 불명,v0.4,review_pending
02701decca55085d,보증심사 운용요령,보증심사운용요령,NOTICE_ONLY,사전예고만,abolished,NOTICE_EVIDENCE_ONLY,1,보증심사 운용요령: 사전예고만,2,OFFICIAL_NOTICE_ONLY,사전예고 공식 기록은 있으나 현행 규정 전문을 확인하지 못함,1,0,False,2026-09-08T19:20:38+09:00,2026-09-08T19:20:38+09:00,https://www.kodit.or.kr/common/nttFileDownload.do?fileKey=230dfabe103fd6a0ed9a46ffee647232,,unknown,,매칭 불명,매칭 불명,v0.4,review_pending
39950ca15a8f5763,보증심사 운용요령 외 16개 기준,보증심사운용요령외16개기준,NOTICE_ONLY,사전예고만,unknown,NOTICE_EVIDENCE_ONLY,1,보증심사 운용요령 외 16개 기준: 사전예고만,2,OFFICIAL_NOTICE_ONLY,사전예고 공식 기록은 있으나 현행 규정 전문을 확인하지 못함,1,0,False,2026-09-08T19:20:38+09:00,2026-09-08T19:20:38+09:00,https://www.kodit.or.kr/common/nttFileDownload.do?fileKey=2d426f62150af48471a3358fe948bc3d,,unknown,,사전예고만 확인,사전예고만 확인,v0.4,review_pending
0c88854a0b14c5e3,보증심사 운용요령 외 9개 규정,보증심사운용요령외9개규정,NOTICE_ONLY,사전예고만,unknown,NOTICE_EVIDENCE_ONLY,1,보증심사 운용요령 외 9개 규정: 사전예고만,2,OFFICIAL_NOTICE_ONLY,사전예고 공식 기록은 있으나 현행 규정 전문을 확인하지 못함,1,0,False,2026-09-08T19:20:38+09:00,2026-09-08T19:20:38+09:00,https://www.kodit.or.kr/common/nttFileDownload.do?fileKey=12415ebf1b2c5a1342bf4c45abd151ff,,unknown,,사전예고만 확인,사전예고만 확인,v0.4,review_pending
2b33959aa4bbf62d,보증심의및재심의위원회운영기준,보증심의및재심의위원회운영기준,NOTICE_ONLY,사전예고만,unknown,NOTICE_EVIDENCE_ONLY,1,보증심의및재심의위원회운영기준: 사전예고만,2,OFFICIAL_NOTICE_ONLY,사전예고 공식 기록은 있으나 현행 규정 전문을 확인하지 못함,1,0,False,2026-09-08T19:20:38+09:00,2026-09-08T19:20:38+09:00,https://www.kodit.or.kr/common/nttFileDownload.do?fileKey=c526ca7f708ff9d19af78a2b11439593,,unknown,,사전예고만 확인,사전예고만 확인,v0.4,review_pending
94433e1174db167d,보증심의 및 재심의위원회 운용기준,보증심의및재심의위원회운용기준,NOTICE_ONLY,사전예고만,unknown,NOTICE_EVIDENCE_ONLY,1,보증심의 및 재심의위원회 운용기준: 사전예고만,2,OFFICIAL_NOTICE_ONLY,사전예고 공식 기록은 있으나 현행 규정 전문을 확인하지 못함,1,0,False,2026-09-08T19:20:38+09:00,2026-09-08T19:20:38+09:00,https://www.kodit.or.kr/common/nttFileDownload.do?fileKey=db5ec4684e69c8baa66998ec1299c95a,,unknown,,사전예고만 확인,사전예고만 확인,v0.4,review_pending
422eaa514d6d5d06,보증운용요령,보증운용요령,EXTRACTION_PENDING,판정대기,current,EXTRACTION_PENDING,1,보증운용요령: 판정대기,2,EXTRACTION_PENDING,공식 원문은 발견했으나 본문 추출·확인이 완료되지 않음,2,0,False,2026-09-08T19:20:38+09:00,2026-09-08T19:20:38+09:00,https://www.alio.go.kr/download/rulefiledown.json?fileNo=238878,2d02a0fb947187f12ae6ea60be054c11a17eab9a6999e54a593b2dfefd65c3a2,hwp,2026.07.16,공개 확인,공개 확인,v0.4,review_pending
62cf56cf1a936914,보증의 실행해지 및 사후관리 운용기준,보증의실행해지및사후관리운용기준,NOTICE_ONLY,사전예고만,unknown,NOTICE_EVIDENCE_ONLY,1,보증의 실행해지 및 사후관리 운용기준: 사전예고만,2,OFFICIAL_NOTICE_ONLY,사전예고 공식 기록은 있으나 현행 규정 전문을 확인하지 못함,1,0,False,2026-09-08T19:20:38+09:00,2026-09-08T19:20:38+09:00,https://www.kodit.or.kr/common/nttFileDownload.do?fileKey=0bf3c498840e62bf539b0296d642424a,,unknown,,사전예고만 확인,사전예고만 확인,v0.4,review_pending
dfba03d0b4d5c9ee,보증의향서 운용기준,보증의향서운용기준,NOTICE_ONLY,사전예고만,unknown,NOTICE_EVIDENCE_ONLY,1,보증의향서 운용기준: 사전예고만,2,OFFICIAL_NOTICE_ONLY,사전예고 공식 기록은 있으나 현행 규정 전문을 확인하지 못함,1,0,False,2026-09-08T19:20:38+09:00,2026-09-08T19:20:38+09:00,https://www.kodit.or.kr/common/nttFileDownload.do?fileKey=4b1587319a164d75d35f8fdb15278f89,,unknown,,사전예고만 확인,사전예고만 확인,v0.4,review_pending
58e6e93ef07bda89,보증채무이행 및 근저당권이전에 관한 업무처리기준,보증채무이행및근저당권이전에관한업무처리기준,NOTICE_ONLY,사전예고만,unknown,NOTICE_EVIDENCE_ONLY,1,보증채무이행 및 근저당권이전에 관한 업무처리기준: 사전예고만,2,OFFICIAL_NOTICE_ONLY,사전예고 공식 기록은 있으나 현행 규정 전문을 확인하지 못함,1,0,False,2026-09-08T19:20:38+09:00,2026-09-08T19:20:38+09:00,https://www.kodit.or.kr/common/nttFileDownload.do?fileKey=54a1f5e6468d874c56ae1d9e4c63d192,,unknown,,사전예고만 확인,사전예고만 확인,v0.4,review_pending
2b56c5f4fd23ab03,보증채무이행 요령,보증채무이행요령,EXTRACTION_PENDING,판정대기,current,EXTRACTION_PENDING,1,보증채무이행 요령: 판정대기,2,EXTRACTION_PENDING,공식 원문은 발견했으나 본문 추출·확인이 완료되지 않음,2,0,False,2026-09-08T19:20:38+09:00,2026-09-08T19:20:38+09:00,https://www.alio.go.kr/download/rulefiledown.json?fileNo=227959,3167185f5a4bf7e17acc3e02ad9b93d9ae995f9c0e2ab707ce5376f28b4f5525,hwp,2025.12.30,공개 확인,공개 확인,v0.4,review_pending
d2ddce1c6b7b590d,보증충당부채및구상채권대손충당금세부운용기준,보증충당부채및구상채권대손충당금세부운용기준,NOTICE_ONLY,사전예고만,unknown,NOTICE_EVIDENCE_ONLY,1,보증충당부채및구상채권대손충당금세부운용기준: 사전예고만,2,OFFICIAL_NOTICE_ONLY,사전예고 공식 기록은 있으나 현행 규정 전문을 확인하지 못함,1,0,False,2026-09-08T19:20:38+09:00,2026-09-08T19:20:38+09:00,https://www.kodit.or.kr/common/nttFileDownload.do?fileKey=f7b52ba35ad24991a86c5c2e59f54347,,unknown,,사전예고만 확인,사전예고만 확인,v0.4,review_pending
0bf1d6dfe4a1d3fb,보증취급절차 운용요령,보증취급절차운용요령,NOTICE_ONLY,사전예고만,unknown,NOTICE_EVIDENCE_ONLY,1,보증취급절차 운용요령: 사전예고만,2,OFFICIAL_NOTICE_ONLY,사전예고 공식 기록은 있으나 현행 규정 전문을 확인하지 못함,1,0,False,2026-09-08T19:20:38+09:00,2026-09-08T19:20:38+09:00,https://www.kodit.or.kr/common/nttFileDownload.do?fileKey=d06addd27b7d231fb00da1bb9be6b78a,,unknown,,매칭 불명,매칭 불명,v0.4,review_pending
ec0a8d3caeff45fb,보험금 지급업무 기준,보험금지급업무기준,NOTICE_ONLY,사전예고만,unknown,NOTICE_EVIDENCE_ONLY,1,보험금 지급업무 기준: 사전예고만,2,OFFICIAL_NOTICE_ONLY,사전예고 공식 기록은 있으나 현행 규정 전문을 확인하지 못함,1,0,False,2026-09-08T19:20:38+09:00,2026-09-08T19:20:38+09:00,https://www.kodit.or.kr/common/nttFileDownload.do?fileKey=fafe23cd8e242830131b4be1a4caa929,,unknown,,사전예고만 확인,사전예고만 확인,v0.4,review_pending
54ac4c102a0d1f19,보험료 운용기준,보험료운용기준,NOTICE_ONLY,사전예고만,unknown,NOTICE_EVIDENCE_ONLY,1,보험료 운용기준: 사전예고만,2,OFFICIAL_NOTICE_ONLY,사전예고 공식 기록은 있으나 현행 규정 전문을 확인하지 못함,1,0,False,2026-09-08T19:20:38+09:00,2026-09-08T19:20:38+09:00,https://www.kodit.or.kr/common/nttFileDownload.do?fileKey=3a9baf3c2ee7b5fd0f87aaf688abc99a,,unknown,,사전예고만 확인,사전예고만 확인,v0.4,review_pending
486ae38b63906c0e,보험료 운용기준 외 2개 기준,보험료운용기준외2개기준,NOTICE_ONLY,사전예고만,unknown,NOTICE_EVIDENCE_ONLY,1,보험료 운용기준 외 2개 기준: 사전예고만,2,OFFICIAL_NOTICE_ONLY,사전예고 공식 기록은 있으나 현행 규정 전문을 확인하지 못함,1,0,False,2026-09-08T19:20:38+09:00,2026-09-08T19:20:38+09:00,https://www.kodit.or.kr/common/nttFileDownload.do?fileKey=5651a08d78d959a71c355d0679b74ff6,,unknown,,사전예고만 확인,사전예고만 확인,v0.4,review_pending
3067909affe655b3,보험료 운용기준 외 6개 기준,보험료운용기준외6개기준,NOTICE_ONLY,사전예고만,unknown,NOTICE_EVIDENCE_ONLY,1,보험료 운용기준 외 6개 기준: 사전예고만,2,OFFICIAL_NOTICE_ONLY,사전예고 공식 기록은 있으나 현행 규정 전문을 확인하지 못함,1,0,False,2026-09-08T19:20:38+09:00,2026-09-08T19:20:38+09:00,https://www.kodit.or.kr/common/nttFileDownload.do?fileKey=09ef5fcb5ff444337286da959ca179e9,,unknown,,사전예고만 확인,사전예고만 확인,v0.4,review_pending
39fb644750d19cb5,보험료지원 협약보험 운용기준,보험료지원협약보험운용기준,NOTICE_ONLY,사전예고만,unknown,NOTICE_EVIDENCE_ONLY,1,보험료지원 협약보험 운용기준: 사전예고만,2,OFFICIAL_NOTICE_ONLY,사전예고 공식 기록은 있으나 현행 규정 전문을 확인하지 못함,1,0,False,2026-09-08T19:20:38+09:00,2026-09-08T19:20:38+09:00,https://www.kodit.or.kr/common/nttFileDownload.do?fileKey=35b77a9df7c2cf2d9287229374e6152e,,unknown,,사전예고만 확인,사전예고만 확인,v0.4,review_pending
e230fea96500f7da,보험료환급형매출채권보험운용기준,보험료환급형매출채권보험운용기준,NOTICE_ONLY,사전예고만,unknown,NOTICE_EVIDENCE_ONLY,1,보험료환급형매출채권보험운용기준: 사전예고만,2,OFFICIAL_NOTICE_ONLY,사전예고 공식 기록은 있으나 현행 규정 전문을 확인하지 못함,1,0,False,2026-09-08T19:20:38+09:00,2026-09-08T19:20:38+09:00,https://www.kodit.or.kr/common/nttFileDownload.do?fileKey=ec81ee5f2968e9194c69b504c8c44265,,unknown,,사전예고만 확인,사전예고만 확인,v0.4,review_pending
3ffcc694f9cf3a43,보험사고관리 업무기준,보험사고관리업무기준,NOTICE_ONLY,사전예고만,unknown,NOTICE_EVIDENCE_ONLY,1,보험사고관리 업무기준: 사전예고만,2,OFFICIAL_NOTICE_ONLY,사전예고 공식 기록은 있으나 현행 규정 전문을 확인하지 못함,1,0,False,2026-09-08T19:20:38+09:00,2026-09-08T19:20:38+09:00,https://www.kodit.or.kr/common/nttFileDownload.do?fileKey=34dba30f50390317f0c49e3af77aadc1,,unknown,,사전예고만 확인,사전예고만 확인,v0.4,review_pending
3a24b6dce977f6b4,보험사고관리 업무기준 외 1개 기준,보험사고관리업무기준외1개기준,NOTICE_ONLY,사전예고만,unknown,NOTICE_EVIDENCE_ONLY,1,보험사고관리 업무기준 외 1개 기준: 사전예고만,2,OFFICIAL_NOTICE_ONLY,사전예고 공식 기록은 있으나 현행 규정 전문을 확인하지 못함,1,0,False,2026-09-08T19:20:38+09:00,2026-09-08T19:20:38+09:00,https://www.kodit.or.kr/common/nttFileDownload.do?fileKey=db2da174b2f5bc1c93010866862461bf,,unknown,,사전예고만 확인,사전예고만 확인,v0.4,review_pending
8fb9c99335881ce1,보험사기 기업 및 허위자료 제출기업에 대한 업무처리기준,보험사기기업및허위자료제출기업에대한업무처리기준,NOTICE_ONLY,사전예고만,unknown,NOTICE_EVIDENCE_ONLY,1,보험사기 기업 및 허위자료 제출기업에 대한 업무처리기준: 사전예고만,2,OFFICIAL_NOTICE_ONLY,사전예고 공식 기록은 있으나 현행 규정 전문을 확인하지 못함,1,0,False,2026-09-08T19:20:38+09:00,2026-09-08T19:20:38+09:00,https://www.kodit.or.kr/common/nttFileDownload.do?fileKey=8c2fb6fc391d6613f967f3067e4475aa,,unknown,,사전예고만 확인,사전예고만 확인,v0.4,review_pending
3ca5945bf4de9bb1,보험업무요령,보험업무요령,EXTRACTION_PENDING,판정대기,current,EXTRACTION_PENDING,1,보험업무요령: 판정대기,2,EXTRACTION_PENDING,공식 원문은 발견했으나 본문 추출·확인이 완료되지 않음,2,0,False,2026-09-08T19:20:38+09:00,2026-09-08T19:20:38+09:00,https://www.alio.go.kr/download/rulefiledown.json?fileNo=227948,5d1bdcfcd23d42a506b426a4a4987f6d610b21f828f444980f1a7bae7ef41566,hwp,2025.12.31,공개 확인,공개 확인,v0.4,review_pending
1f18519ba2e2f041,보험용 신용조사 운용기준,보험용신용조사운용기준,NOTICE_ONLY,사전예고만,unknown,NOTICE_EVIDENCE_ONLY,1,보험용 신용조사 운용기준: 사전예고만,2,OFFICIAL_NOTICE_ONLY,사전예고 공식 기록은 있으나 현행 규정 전문을 확인하지 못함,1,0,False,2026-09-08T19:20:38+09:00,2026-09-08T19:20:38+09:00,https://www.kodit.or.kr/common/nttFileDownload.do?fileKey=4cb896494e34a1bfa555aabfeefdceed,,unknown,,사전예고만 확인,사전예고만 확인,v0.4,review_pending
b44cb53a5d943ed8,보험용 신용조사 운용기준 외 10개 기준,보험용신용조사운용기준외10개기준,NOTICE_ONLY,사전예고만,unknown,NOTICE_EVIDENCE_ONLY,1,보험용 신용조사 운용기준 외 10개 기준: 사전예고만,2,OFFICIAL_NOTICE_ONLY,사전예고 공식 기록은 있으나 현행 규정 전문을 확인하지 못함,1,0,False,2026-09-08T19:20:38+09:00,2026-09-08T19:20:38+09:00,https://www.kodit.or.kr/common/nttFileDownload.do?fileKey=bbb93134a5ef56223d34b76d096111ac,,unknown,,사전예고만 확인,사전예고만 확인,v0.4,review_pending
104443da5620f155,보험용 신용조사 운용기준 외 17개 규정,보험용신용조사운용기준외17개규정,NOTICE_ONLY,사전예고만,unknown,NOTICE_EVIDENCE_ONLY,1,보험용 신용조사 운용기준 외 17개 규정: 사전예고만,2,OFFICIAL_NOTICE_ONLY,사전예고 공식 기록은 있으나 현행 규정 전문을 확인하지 못함,1,0,False,2026-09-08T19:20:38+09:00,2026-09-08T19:20:38+09:00,https://www.kodit.or.kr/common/nttFileDownload.do?fileKey=f48b6d96d53f37e2dbb5184b15658501,,unknown,,사전예고만 확인,사전예고만 확인,v0.4,review_pending
fbe662ac99931979,보험용 신용조사 운용기준 외 5개 기준,보험용신용조사운용기준외5개기준,NOTICE_ONLY,사전예고만,unknown,NOTICE_EVIDENCE_ONLY,1,보험용 신용조사 운용기준 외 5개 기준: 사전예고만,2,OFFICIAL_NOTICE_ONLY,사전예고 공식 기록은 있으나 현행 규정 전문을 확인하지 못함,1,0,False,2026-09-08T19:20:38+09:00,2026-09-08T19:20:38+09:00,https://www.kodit.or.kr/common/nttFileDownload.do?fileKey=1b67ac1225e868a07db5ed27d9eb9308,,unknown,,사전예고만 확인,사전예고만 확인,v0.4,review_pending
0d10f75f443018da,보험용 조사자료 및 신용조사 운용기준,보험용조사자료및신용조사운용기준,NOTICE_ONLY,사전예고만,unknown,NOTICE_EVIDENCE_ONLY,1,보험용 조사자료 및 신용조사 운용기준: 사전예고만,2,OFFICIAL_NOTICE_ONLY,사전예고 공식 기록은 있으나 현행 규정 전문을 확인하지 못함,1,0,False,2026-09-08T19:20:38+09:00,2026-09-08T19:20:38+09:00,https://www.kodit.or.kr/common/nttFileDownload.do?fileKey=b84045f2709136658c83f3ce12c65e81,,unknown,,사전예고만 확인,사전예고만 확인,v0.4,review_pending
ccb176b098d22c14,보험용 조사자료 운용기준,보험용조사자료운용기준,NOTICE_ONLY,사전예고만,unknown,NOTICE_EVIDENCE_ONLY,1,보험용 조사자료 운용기준: 사전예고만,2,OFFICIAL_NOTICE_ONLY,사전예고 공식 기록은 있으나 현행 규정 전문을 확인하지 못함,1,0,False,2026-09-08T19:20:38+09:00,2026-09-08T19:20:38+09:00,https://www.kodit.or.kr/common/nttFileDownload.do?fileKey=3d6ed56f9189ec49e3127d08ab595396,,unknown,,사전예고만 확인,사전예고만 확인,v0.4,review_pending
d322aec3729e2796,보험인수업무기준,보험인수업무기준,NOTICE_ONLY,사전예고만,unknown,NOTICE_EVIDENCE_ONLY,1,보험인수업무기준: 사전예고만,2,OFFICIAL_NOTICE_ONLY,사전예고 공식 기록은 있으나 현행 규정 전문을 확인하지 못함,1,0,False,2026-09-08T19:20:38+09:00,2026-09-08T19:20:38+09:00,https://www.kodit.or.kr/common/nttFileDownload.do?fileKey=8c2fb6fc391d6613f967f3067e4475aa,,unknown,,사전예고만 확인,사전예고만 확인,v0.4,review_pending
a27ff9c9dcca4365,보험정보 운용기준,보험정보운용기준,NOTICE_ONLY,사전예고만,unknown,NOTICE_EVIDENCE_ONLY,1,보험정보 운용기준: 사전예고만,2,OFFICIAL_NOTICE_ONLY,사전예고 공식 기록은 있으나 현행 규정 전문을 확인하지 못함,1,0,False,2026-09-08T19:20:38+09:00,2026-09-08T19:20:38+09:00,https://www.kodit.or.kr/common/nttFileDownload.do?fileKey=8c2fb6fc391d6613f967f3067e4475aa,,unknown,,사전예고만 확인,사전예고만 확인,v0.4,review_pending
7d12cc4b3d7aa142,보험해지 및 사후관리 운용기준,보험해지및사후관리운용기준,NOTICE_ONLY,사전예고만,unknown,NOTICE_EVIDENCE_ONLY,1,보험해지 및 사후관리 운용기준: 사전예고만,2,OFFICIAL_NOTICE_ONLY,사전예고 공식 기록은 있으나 현행 규정 전문을 확인하지 못함,1,0,False,2026-09-08T19:20:38+09:00,2026-09-08T19:20:38+09:00,https://www.kodit.or.kr/common/nttFileDownload.do?fileKey=8c2fb6fc391d6613f967f3067e4475aa,,unknown,,사전예고만 확인,사전예고만 확인,v0.4,review_pending
de7e67ef14e89c4b,복지규정,복지규정,EXTRACTION_PENDING,판정대기,current,EXTRACTION_PENDING,1,복지규정: 판정대기,2,EXTRACTION_PENDING,공식 원문은 발견했으나 본문 추출·확인이 완료되지 않음,2,0,False,2026-09-08T19:20:38+09:00,2026-09-08T19:20:38+09:00,https://www.alio.go.kr/download/rulefiledown.json?fileNo=223263,2271f3f94510c13bc44ca052cdce7b4f3b76064715527608db2923d5d6472ae8,hwp,2025.10.29,공개 확인,공개 확인,v0.4,review_pending
f0cf9d81b6e0ee8f,복지규정 운영기준,복지규정운영기준,EXTRACTION_PENDING,판정대기,current,EXTRACTION_PENDING,1,복지규정 운영기준: 판정대기,2,EXTRACTION_PENDING,공식 원문은 발견했으나 본문 추출·확인이 완료되지 않음,2,0,False,2026-09-08T19:20:38+09:00,2026-09-08T19:20:38+09:00,https://www.alio.go.kr/download/rulefiledown.json?fileNo=238664,145542101b1fb6518d0537f48d0263d60608ee75d0dcc6ed332d1fe380f12fae,hwp,2026.07.06,공개 확인,공개 확인,v0.4,review_pending
502b91a415fc0a9c,본부점 세부운영기준,본부점세부운영기준,FULLTEXT_PUBLIC,전문 공개,current,ANCHORS_CONFIRMED,0,본부점 세부운영기준: 전문 공개,4,ANCHORS_CONFIRMED,공식 원문 본문에서 규정명·개정일·조문을 확인함,2,0,False,2026-09-08T19:20:38+09:00,2026-09-08T19:20:38+09:00,https://www.alio.go.kr/download/rulefiledown.json?fileNo=238532,6ce8c6e4469bef9d0bc95e196b004bcbf76cd9a807cebd7a2912345b1d75fa24,pdf,2026.07.02,공개 확인,공개 확인,v0.4,review_pending
0250403247d73aed,본부점장 경영능력평가기준,본부점장경영능력평가기준,NOTICE_ONLY,사전예고만,unknown,NOTICE_EVIDENCE_ONLY,1,본부점장 경영능력평가기준: 사전예고만,2,OFFICIAL_NOTICE_ONLY,사전예고 공식 기록은 있으나 현행 규정 전문을 확인하지 못함,1,0,False,2026-09-08T19:20:38+09:00,2026-09-08T19:20:38+09:00,https://www.kodit.or.kr/common/nttFileDownload.do?fileKey=4e8523d6029244b385e2650651ae43f2,,unknown,,사전예고만 확인,사전예고만 확인,v0.4,review_pending
50013a5a63d8b3d3,부분보증 운용기준,부분보증운용기준,NOTICE_ONLY,사전예고만,unknown,NOTICE_EVIDENCE_ONLY,1,부분보증 운용기준: 사전예고만,2,OFFICIAL_NOTICE_ONLY,사전예고 공식 기록은 있으나 현행 규정 전문을 확인하지 못함,1,0,False,2026-09-08T19:20:38+09:00,2026-09-08T19:20:38+09:00,https://www.kodit.or.kr/common/nttFileDownload.do?fileKey=ad9a2e866034ef400c5d595300cfdef9,,unknown,,사전예고만 확인,사전예고만 확인,v0.4,review_pending
e5e93af28468ec88,부실관리 및 채권보전 업무처리기준,부실관리및채권보전업무처리기준,NOTICE_ONLY,사전예고만,unknown,NOTICE_EVIDENCE_ONLY,1,부실관리 및 채권보전 업무처리기준: 사전예고만,2,OFFICIAL_NOTICE_ONLY,사전예고 공식 기록은 있으나 현행 규정 전문을 확인하지 못함,1,0,False,2026-09-08T19:20:38+09:00,2026-09-08T19:20:38+09:00,https://www.kodit.or.kr/common/nttFileDownload.do?fileKey=e420c6ebfdfbfcd6cb99e1e1aceaf88e,,unknown,,사전예고만 확인,사전예고만 확인,v0.4,review_pending
1a2ca0c7ca158930,부실기업이수관및재기지원단운영기준,부실기업이수관및재기지원단운영기준,NOTICE_ONLY,사전예고만,abolished,NOTICE_EVIDENCE_ONLY,1,부실기업이수관및재기지원단운영기준: 사전예고만,2,OFFICIAL_NOTICE_ONLY,사전예고 공식 기록은 있으나 현행 규정 전문을 확인하지 못함,1,0,False,2026-09-08T19:20:38+09:00,2026-09-08T19:20:38+09:00,https://www.kodit.or.kr/common/nttFileDownload.do?fileKey=7164fc97497381267adf6999768476d5,,unknown,,사전예고만 확인,사전예고만 확인,v0.4,review_pending
8e5bf2936c12825f,부실 및 채권보전 업무처리기준,부실및채권보전업무처리기준,NOTICE_ONLY,사전예고만,unknown,NOTICE_EVIDENCE_ONLY,1,부실 및 채권보전 업무처리기준: 사전예고만,2,OFFICIAL_NOTICE_ONLY,사전예고 공식 기록은 있으나 현행 규정 전문을 확인하지 못함,1,0,False,2026-09-08T19:20:38+09:00,2026-09-08T19:20:38+09:00,https://www.kodit.or.kr/common/nttFileDownload.do?fileKey=2cefc49c887d4097f01e003deabbaf34,,unknown,,사전예고만 확인,사전예고만 확인,v0.4,review_pending
7e45dace4eb23465,부실징후알람시스템 운용기준,부실징후알람시스템운용기준,NOTICE_ONLY,사전예고만,unknown,NOTICE_EVIDENCE_ONLY,1,부실징후알람시스템 운용기준: 사전예고만,2,OFFICIAL_NOTICE_ONLY,사전예고 공식 기록은 있으나 현행 규정 전문을 확인하지 못함,1,0,False,2026-09-08T19:20:38+09:00,2026-09-08T19:20:38+09:00,https://www.kodit.or.kr/common/nttFileDownload.do?fileKey=e8e79e38bc560d02d51e21b8300188ab,,unknown,,사전예고만 확인,사전예고만 확인,v0.4,review_pending
678f7798147ac884,부실징후알람시스템 운용기준 외 2개 기준,부실징후알람시스템운용기준외2개기준,NOTICE_ONLY,사전예고만,unknown,NOTICE_EVIDENCE_ONLY,1,부실징후알람시스템 운용기준 외 2개 기준: 사전예고만,2,OFFICIAL_NOTICE_ONLY,사전예고 공식 기록은 있으나 현행 규정 전문을 확인하지 못함,1,0,False,2026-09-08T19:20:38+09:00,2026-09-08T19:20:38+09:00,https://www.kodit.or.kr/common/nttFileDownload.do?fileKey=050181f6fd66c0f9c7a2eadba03f01d8,,unknown,,사전예고만 확인,사전예고만 확인,v0.4,review_pending
5195d49cd6fba633,부실징후알림시스템 운용기준,부실징후알림시스템운용기준,NOTICE_ONLY,사전예고만,unknown,NOTICE_EVIDENCE_ONLY,1,부실징후알림시스템 운용기준: 사전예고만,2,OFFICIAL_NOTICE_ONLY,사전예고 공식 기록은 있으나 현행 규정 전문을 확인하지 못함,1,0,False,2026-09-08T19:20:38+09:00,2026-09-08T19:20:38+09:00,https://www.kodit.or.kr/common/nttFileDownload.do?fileKey=050181f6fd66c0f9c7a2eadba03f01d8,,unknown,,사전예고만 확인,사전예고만 확인,v0.4,review_pending
45cdfc0d6c96dcb8,부정청탁 및 금품등 수수의 신고사무 처리기준,부정청탁및금품등수수의신고사무처리기준,EXTRACTION_PENDING,판정대기,current,EXTRACTION_PENDING,1,부정청탁 및 금품등 수수의 신고사무 처리기준: 판정대기,2,EXTRACTION_PENDING,공식 원문은 발견했으나 본문 추출·확인이 완료되지 않음,2,0,False,2026-09-08T19:20:38+09:00,2026-09-08T19:20:38+09:00,https://www.alio.go.kr/download/rulefiledown.json?fileNo=12172,7d99a805545d2c679674a03ec493805bb9ed9d0fc08e24a373ac0235139971cb,hwp,2016.09.28,공개 확인,공개 확인,v0.4,review_pending
2bef7dba0635d417,부패신고및공익신고처리기준,부패신고및공익신고처리기준,NOTICE_ONLY,사전예고만,abolished,NOTICE_EVIDENCE_ONLY,1,부패신고및공익신고처리기준: 사전예고만,2,OFFICIAL_NOTICE_ONLY,사전예고 공식 기록은 있으나 현행 규정 전문을 확인하지 못함,1,0,False,2026-09-08T19:20:38+09:00,2026-09-08T19:20:38+09:00,https://www.kodit.or.kr/common/nttFileDownload.do?fileKey=2929c72c79202e91df45726da89a754a,,unknown,,사전예고만 확인,사전예고만 확인,v0.4,review_pending
6a0eb35e52a65c35,부패신고 처리 및 신고자 보호 등에 관한 운영기준,부패신고처리및신고자보호등에관한운영기준,EXTRACTION_PENDING,판정대기,current,EXTRACTION_PENDING,1,부패신고 처리 및 신고자 보호 등에 관한 운영기준: 판정대기,2,EXTRACTION_PENDING,공식 원문은 발견했으나 본문 추출·확인이 완료되지 않음,2,0,False,2026-09-08T19:20:38+09:00,2026-09-08T19:20:38+09:00,https://www.alio.go.kr/download/rulefiledown.json?fileNo=159820,adbe89c42f642980564515af7d2fe67a5b96ca3d79f15e52eb1840a9fb9b5be9,hwp,2022.10.27,공개 확인,공개 확인,v0.4,review_pending
9442a1bf2c938605,부패영향 자율평가 기준,부패영향자율평가기준,NOTICE_ONLY,사전예고만,unknown,NOTICE_EVIDENCE_ONLY,1,부패영향 자율평가 기준: 사전예고만,2,OFFICIAL_NOTICE_ONLY,사전예고 공식 기록은 있으나 현행 규정 전문을 확인하지 못함,1,0,False,2026-09-08T19:20:38+09:00,2026-09-08T19:20:38+09:00,https://www.kodit.or.kr/common/nttFileDownload.do?fileKey=f45812c5925af807dcefa0d2d576fcc8,,unknown,,사전예고만 확인,사전예고만 확인,v0.4,review_pending
37a6df168f042205,분석용 데이터 제공 및 관리 등에 관한 기준,분석용데이터제공및관리등에관한기준,NOTICE_ONLY,사전예고만,unknown,NOTICE_EVIDENCE_ONLY,1,분석용 데이터 제공 및 관리 등에 관한 기준: 사전예고만,2,OFFICIAL_NOTICE_ONLY,사전예고 공식 기록은 있으나 현행 규정 전문을 확인하지 못함,1,0,False,2026-09-08T19:20:38+09:00,2026-09-08T19:20:38+09:00,https://www.kodit.or.kr/common/nttFileDownload.do?fileKey=16892ae7901e818f7d54166aa4985356,,unknown,,사전예고만 확인,사전예고만 확인,v0.4,review_pending
fe07248a7cd03fd3,분할상환 계약한 채무관계자에 대한 신용회복 업무처리기준,분할상환계약한채무관계자에대한신용회복업무처리기준,NOTICE_ONLY,사전예고만,abolished,NOTICE_EVIDENCE_ONLY,1,분할상환 계약한 채무관계자에 대한 신용회복 업무처리기준: 사전예고만,2,OFFICIAL_NOTICE_ONLY,사전예고 공식 기록은 있으나 현행 규정 전문을 확인하지 못함,1,0,False,2026-09-08T19:20:38+09:00,2026-09-08T19:20:38+09:00,https://www.kodit.or.kr/common/nttFileDownload.do?fileKey=dc1315b7f32a9d7c129bec48a501ffc0,,unknown,,사전예고만 확인,사전예고만 확인,v0.4,review_pending
9b683b8206c9aad7,브릿지 파이낸싱 보증기준,브릿지파이낸싱보증기준,NOTICE_ONLY,사전예고만,unknown,NOTICE_EVIDENCE_ONLY,1,브릿지 파이낸싱 보증기준: 사전예고만,2,OFFICIAL_NOTICE_ONLY,사전예고 공식 기록은 있으나 현행 규정 전문을 확인하지 못함,1,0,False,2026-09-08T19:20:38+09:00,2026-09-08T19:20:38+09:00,https://www.kodit.or.kr/common/nttFileDownload.do?fileKey=8bcf0db5236b53f23315f68cc8a7ecbd,,unknown,,사전예고만 확인,사전예고만 확인,v0.4,review_pending
ee5ed3338eb7b12a,비대면 신용보증업무 절차 운용기준,비대면신용보증업무절차운용기준,NOTICE_ONLY,사전예고만,unknown,NOTICE_EVIDENCE_ONLY,1,비대면 신용보증업무 절차 운용기준: 사전예고만,2,OFFICIAL_NOTICE_ONLY,사전예고 공식 기록은 있으나 현행 규정 전문을 확인하지 못함,1,0,False,2026-09-08T19:20:38+09:00,2026-09-08T19:20:38+09:00,https://www.kodit.or.kr/common/nttFileDownload.do?fileKey=bbace458f0059ff68d90f33b7c4dcb83,,unknown,,사전예고만 확인,사전예고만 확인,v0.4,review_pending
7a4a8efd600bcbae,비대면신용보증업무처리기준,비대면신용보증업무처리기준,NOTICE_ONLY,사전예고만,unknown,NOTICE_EVIDENCE_ONLY,1,비대면신용보증업무처리기준: 사전예고만,2,OFFICIAL_NOTICE_ONLY,사전예고 공식 기록은 있으나 현행 규정 전문을 확인하지 못함,1,0,False,2026-09-08T19:20:38+09:00,2026-09-08T19:20:38+09:00,https://www.kodit.or.kr/common/nttFileDownload.do?fileKey=29c11ef2d8bd6cbf9c6efeeac19b3023,,unknown,,사전예고만 확인,사전예고만 확인,v0.4,review_pending
255281bd84091c07,비대면 플랫폼·대안평가 연계 프로그램 운용기준,비대면플랫폼대안평가연계프로그램운용기준,NOTICE_ONLY,사전예고만,unknown,NOTICE_EVIDENCE_ONLY,1,비대면 플랫폼·대안평가 연계 프로그램 운용기준: 사전예고만,2,OFFICIAL_NOTICE_ONLY,사전예고 공식 기록은 있으나 현행 규정 전문을 확인하지 못함,1,0,False,2026-09-08T19:20:38+09:00,2026-09-08T19:20:38+09:00,https://www.kodit.or.kr/common/nttFileDownload.do?fileKey=22ead7e12f0afa804ae2f16905ffb861,,unknown,,사전예고만 확인,사전예고만 확인,v0.4,review_pending
255281bd84091c07,비대면 플랫폼・대안평가 연계 프로그램 운용기준,비대면플랫폼대안평가연계프로그램운용기준,NOTICE_ONLY,사전예고만,unknown,NOTICE_EVIDENCE_ONLY,1,비대면 플랫폼・대안평가 연계 프로그램 운용기준: 사전예고만,2,OFFICIAL_NOTICE_ONLY,사전예고 공식 기록은 있으나 현행 규정 전문을 확인하지 못함,1,0,False,2026-09-08T19:20:38+09:00,2026-09-08T19:20:38+09:00,https://www.kodit.or.kr/common/nttFileDownload.do?fileKey=1b48f344a444fa4f14ba19a9c90e4b1a,,unknown,,사전예고만 확인,사전예고만 확인,v0.4,review_pending
6f945bc54552f3d0,비대편플랫폼·대안평가연계프로그램운용기준,비대편플랫폼대안평가연계프로그램운용기준,NOTICE_ONLY,사전예고만,unknown,NOTICE_EVIDENCE_ONLY,1,비대편플랫폼·대안평가연계프로그램운용기준: 사전예고만,2,OFFICIAL_NOTICE_ONLY,사전예고 공식 기록은 있으나 현행 규정 전문을 확인하지 못함,1,0,False,2026-09-08T19:20:38+09:00,2026-09-08T19:20:38+09:00,https://www.kodit.or.kr/common/nttFileDownload.do?fileKey=22ead7e12f0afa804ae2f16905ffb861,,unknown,,사전예고만 확인,사전예고만 확인,v0.4,review_pending
d356989b474ccfb7,비상근무기준,비상근무기준,NOTICE_ONLY,사전예고만,unknown,NOTICE_EVIDENCE_ONLY,1,비상근무기준: 사전예고만,2,OFFICIAL_NOTICE_ONLY,사전예고 공식 기록은 있으나 현행 규정 전문을 확인하지 못함,1,0,False,2026-09-08T19:20:38+09:00,2026-09-08T19:20:38+09:00,https://www.kodit.or.kr/common/nttFileDownload.do?fileKey=6215fcb1368780bc086bde112cb2f4c6,,unknown,,사전예고만 확인,사전예고만 확인,v0.4,review_pending
58d9fb36fb93187a,비상임이사 운영규정,비상임이사운영규정,EXTRACTION_PENDING,판정대기,current,EXTRACTION_PENDING,1,비상임이사 운영규정: 판정대기,2,EXTRACTION_PENDING,공식 원문은 발견했으나 본문 추출·확인이 완료되지 않음,2,0,False,2026-09-08T19:20:38+09:00,2026-09-08T19:20:38+09:00,https://www.alio.go.kr/download/rulefiledown.json?fileNo=171842,06a3d20136a8bd947e041802185414b6025f2be3ed17c4aaf0eab16c40d26d38,hwp,2023.04.27,공개 확인,공개 확인,v0.4,review_pending
4ee1cc8c1a6af0ac,비상임이사지원기준,비상임이사지원기준,NOTICE_ONLY,사전예고만,unknown,NOTICE_EVIDENCE_ONLY,1,비상임이사지원기준: 사전예고만,2,OFFICIAL_NOTICE_ONLY,사전예고 공식 기록은 있으나 현행 규정 전문을 확인하지 못함,1,0,False,2026-09-08T19:20:38+09:00,2026-09-08T19:20:38+09:00,https://www.kodit.or.kr/common/nttFileDownload.do?fileKey=9a2632047937dd58253a951e74d5663b,,unknown,,사전예고만 확인,사전예고만 확인,v0.4,review_pending
b22d03b9bbae3703,비정규직의 정규직 전환을 위한 출자회사 업무처리기준,비정규직의정규직전환을위한출자회사업무처리기준,NOTICE_ONLY,사전예고만,unknown,NOTICE_EVIDENCE_ONLY,1,비정규직의 정규직 전환을 위한 출자회사 업무처리기준: 사전예고만,2,OFFICIAL_NOTICE_ONLY,사전예고 공식 기록은 있으나 현행 규정 전문을 확인하지 못함,1,0,False,2026-09-08T19:20:38+09:00,2026-09-08T19:20:38+09:00,https://www.kodit.or.kr/common/nttFileDownload.do?fileKey=030ccdbc0aaf2156764ea816cc9ef590,,unknown,,사전예고만 확인,사전예고만 확인,v0.4,review_pending
ee05eb26546b51c3,비정규직 활용 사전심사제 운영기준,비정규직활용사전심사제운영기준,EXTRACTION_PENDING,판정대기,current,EXTRACTION_PENDING,1,비정규직 활용 사전심사제 운영기준: 판정대기,2,EXTRACTION_PENDING,공식 원문은 발견했으나 본문 추출·확인이 완료되지 않음,2,0,False,2026-09-08T19:20:38+09:00,2026-09-08T19:20:38+09:00,https://www.alio.go.kr/download/rulefiledown.json?fileNo=97848,e73d10ab59f5592fffdad5fcd2a0de97b83ed8e1bf35bb067690ba21caae2298,hwp,2019.12.30,공개 확인,공개 확인,v0.4,review_pending
906d7f8e5cd4a4ef,비출연 협약보험 운용기준,비출연협약보험운용기준,NOTICE_ONLY,사전예고만,unknown,NOTICE_EVIDENCE_ONLY,1,비출연 협약보험 운용기준: 사전예고만,2,OFFICIAL_NOTICE_ONLY,사전예고 공식 기록은 있으나 현행 규정 전문을 확인하지 못함,1,0,False,2026-09-08T19:20:38+09:00,2026-09-08T19:20:38+09:00,https://www.kodit.or.kr/common/nttFileDownload.do?fileKey=ec81ee5f2968e9194c69b504c8c44265,,unknown,,사전예고만 확인,사전예고만 확인,v0.4,review_pending
bb9a9e19892c144a,빌드업 프로그램 운용기준,빌드업프로그램운용기준,EXTRACTION_PENDING,판정대기,current,EXTRACTION_PENDING,1,빌드업 프로그램 운용기준: 판정대기,2,EXTRACTION_PENDING,공식 원문은 발견했으나 본문 추출·확인이 완료되지 않음,2,0,False,2026-09-08T19:20:38+09:00,2026-09-08T19:20:38+09:00,https://www.alio.go.kr/download/rulefiledown.json?fileNo=227961,9bfa36b2fae105be21ce36e1e051e1780af3f0925d5c898da7b30ff236752938,hwp,2025.12.31,공개 확인,공개 확인,v0.4,review_pending
b1247734d8fc8588,뿌리산업영위기업에대한보증운용기준,뿌리산업영위기업에대한보증운용기준,NOTICE_ONLY,사전예고만,abolished,NOTICE_EVIDENCE_ONLY,1,뿌리산업영위기업에대한보증운용기준: 사전예고만,2,OFFICIAL_NOTICE_ONLY,사전예고 공식 기록은 있으나 현행 규정 전문을 확인하지 못함,1,0,False,2026-09-08T19:20:38+09:00,2026-09-08T19:20:38+09:00,https://www.kodit.or.kr/common/nttFileDownload.do?fileKey=c526ca7f708ff9d19af78a2b11439593,,unknown,,사전예고만 확인,사전예고만 확인,v0.4,review_pending
5cd030b6347c7ed7,사내동아리 운영기준,사내동아리운영기준,NOTICE_ONLY,사전예고만,unknown,NOTICE_EVIDENCE_ONLY,1,사내동아리 운영기준: 사전예고만,2,OFFICIAL_NOTICE_ONLY,사전예고 공식 기록은 있으나 현행 규정 전문을 확인하지 못함,1,0,False,2026-09-08T19:20:38+09:00,2026-09-08T19:20:38+09:00,https://www.kodit.or.kr/common/nttFileDownload.do?fileKey=580d11fd8817f57336652654b114429a,,unknown,,사전예고만 확인,사전예고만 확인,v0.4,review_pending
99113ff505beb3be,사내 컨설턴트 운영기준,사내컨설턴트운영기준,NOTICE_ONLY,사전예고만,unknown,NOTICE_EVIDENCE_ONLY,1,사내 컨설턴트 운영기준: 사전예고만,2,OFFICIAL_NOTICE_ONLY,사전예고 공식 기록은 있으나 현행 규정 전문을 확인하지 못함,1,0,False,2026-09-08T19:20:38+09:00,2026-09-08T19:20:38+09:00,https://www.kodit.or.kr/common/nttFileDownload.do?fileKey=e018c00606f3086b3251a9afc60097df,,unknown,,사전예고만 확인,사전예고만 확인,v0.4,review_pending
5946efd6d6c88b21,사료관리기준,사료관리기준,NOTICE_ONLY,사전예고만,unknown,NOTICE_EVIDENCE_ONLY,1,사료관리기준: 사전예고만,2,OFFICIAL_NOTICE_ONLY,사전예고 공식 기록은 있으나 현행 규정 전문을 확인하지 못함,1,0,False,2026-09-08T19:20:38+09:00,2026-09-08T19:20:38+09:00,https://www.kodit.or.kr/common/nttFileDownload.do?fileKey=e2279db434a6409545cc6e8ddd868a54,,unknown,,사전예고만 확인,사전예고만 확인,v0.4,review_pending
fa4f60b815738a76,사무용품관리 운영기준,사무용품관리운영기준,NOTICE_ONLY,사전예고만,unknown,NOTICE_EVIDENCE_ONLY,1,사무용품관리 운영기준: 사전예고만,2,OFFICIAL_NOTICE_ONLY,사전예고 공식 기록은 있으나 현행 규정 전문을 확인하지 못함,1,0,False,2026-09-08T19:20:38+09:00,2026-09-08T19:20:38+09:00,https://www.kodit.or.kr/common/nttFileDownload.do?fileKey=6b6e122a998e735294cf5593f5eb4f76,,unknown,,사전예고만 확인,사전예고만 확인,v0.4,review_pending
a6f7b6656d0d1bc0,사무용품 관리 운용기준,사무용품관리운용기준,NOTICE_ONLY,사전예고만,unknown,NOTICE_EVIDENCE_ONLY,1,사무용품 관리 운용기준: 사전예고만,2,OFFICIAL_NOTICE_ONLY,사전예고 공식 기록은 있으나 현행 규정 전문을 확인하지 못함,1,0,False,2026-09-08T19:20:38+09:00,2026-09-08T19:20:38+09:00,https://www.kodit.or.kr/common/nttFileDownload.do?fileKey=955378cb247516b8c0e56a65a1517a80,,unknown,,사전예고만 확인,사전예고만 확인,v0.4,review_pending
c192eb4da2085a98,사무처리기준,사무처리기준,NOTICE_ONLY,사전예고만,unknown,NOTICE_EVIDENCE_ONLY,1,사무처리기준: 사전예고만,2,OFFICIAL_NOTICE_ONLY,사전예고 공식 기록은 있으나 현행 규정 전문을 확인하지 못함,1,0,False,2026-09-08T19:20:38+09:00,2026-09-08T19:20:38+09:00,https://www.kodit.or.kr/common/nttFileDownload.do?fileKey=93ec70c8d730a865309271894e4055c1,,unknown,,사전예고만 확인,사전예고만 확인,v0.4,review_pending
57f65b2c0a9edca2,사무처리기준 외 2개 기준,사무처리기준외2개기준,NOTICE_ONLY,사전예고만,unknown,NOTICE_EVIDENCE_ONLY,1,사무처리기준 외 2개 기준: 사전예고만,2,OFFICIAL_NOTICE_ONLY,사전예고 공식 기록은 있으나 현행 규정 전문을 확인하지 못함,1,0,False,2026-09-08T19:20:38+09:00,2026-09-08T19:20:38+09:00,https://www.kodit.or.kr/common/nttFileDownload.do?fileKey=8a57e17be8928ddd77046ce083eae3de,,unknown,,사전예고만 확인,사전예고만 확인,v0.4,review_pending
c23b14dede307b2f,사업기반신용보증기준,사업기반신용보증기준,NOTICE_ONLY,사전예고만,unknown,NOTICE_EVIDENCE_ONLY,1,사업기반신용보증기준: 사전예고만,2,OFFICIAL_NOTICE_ONLY,사전예고 공식 기록은 있으나 현행 규정 전문을 확인하지 못함,1,0,False,2026-09-08T19:20:38+09:00,2026-09-08T19:20:38+09:00,https://www.kodit.or.kr/common/nttFileDownload.do?fileKey=c14b283ae9f3d56beeca4cf35b4f9b4f,,unknown,,매칭 불명,매칭 불명,v0.4,review_pending
e450f22c876fb290,사업실명제 운영기준,사업실명제운영기준,NOTICE_ONLY,사전예고만,unknown,NOTICE_EVIDENCE_ONLY,1,사업실명제 운영기준: 사전예고만,2,OFFICIAL_NOTICE_ONLY,사전예고 공식 기록은 있으나 현행 규정 전문을 확인하지 못함,1,0,False,2026-09-08T19:20:38+09:00,2026-09-08T19:20:38+09:00,https://www.kodit.or.kr/common/nttFileDownload.do?fileKey=49c853c9bba2ad44bbd4023ef690e1f5,,unknown,,사전예고만 확인,사전예고만 확인,v0.4,review_pending
5c321e9ab52bedd4,사업심사 협의회 운영기준,사업심사협의회운영기준,NOTICE_ONLY,사전예고만,unknown,NOTICE_EVIDENCE_ONLY,1,사업심사 협의회 운영기준: 사전예고만,2,OFFICIAL_NOTICE_ONLY,사전예고 공식 기록은 있으나 현행 규정 전문을 확인하지 못함,1,0,False,2026-09-08T19:20:38+09:00,2026-09-08T19:20:38+09:00,https://www.kodit.or.kr/common/nttFileDownload.do?fileKey=ad683a35173d7aea42873ea7e12dff22,,unknown,,사전예고만 확인,사전예고만 확인,v0.4,review_pending
499db19b13df28e0,사업재편기업에 대한 보증 업무처리방법,사업재편기업에대한보증업무처리방법,NOTICE_ONLY,사전예고만,unknown,NOTICE_EVIDENCE_ONLY,1,사업재편기업에 대한 보증 업무처리방법: 사전예고만,2,OFFICIAL_NOTICE_ONLY,사전예고 공식 기록은 있으나 현행 규정 전문을 확인하지 못함,1,0,False,2026-09-08T19:20:38+09:00,2026-09-08T19:20:38+09:00,https://www.kodit.or.kr/common/nttFileDownload.do?fileKey=11175c4ff5adb939e636d9fd3b6b7b5b,,unknown,,사전예고만 확인,사전예고만 확인,v0.4,review_pending
ad6cbcb3cf8dc1eb,사업재편기업에 대한 보증프로그램 운용기준,사업재편기업에대한보증프로그램운용기준,NOTICE_ONLY,사전예고만,unknown,NOTICE_EVIDENCE_ONLY,1,사업재편기업에 대한 보증프로그램 운용기준: 사전예고만,2,OFFICIAL_NOTICE_ONLY,사전예고 공식 기록은 있으나 현행 규정 전문을 확인하지 못함,1,0,False,2026-09-08T19:20:38+09:00,2026-09-08T19:20:38+09:00,https://www.kodit.or.kr/common/nttFileDownload.do?fileKey=10214dc6c28d958067437b20db1876f5,,unknown,,매칭 불명,매칭 불명,v0.4,review_pending
442e99b7ebeb56f7,사전예고_「개성공단 특례보증 운용기준,사전예고개성공단특례보증운용기준,NOTICE_ONLY,사전예고만,unknown,NOTICE_EVIDENCE_ONLY,1,사전예고_「개성공단 특례보증 운용기준: 사전예고만,2,OFFICIAL_NOTICE_ONLY,사전예고 공식 기록은 있으나 현행 규정 전문을 확인하지 못함,1,0,False,2026-09-08T19:20:38+09:00,2026-09-08T19:20:38+09:00,https://www.kodit.or.kr/common/nttFileDownload.do?fileKey=a34aceaead8e0ce56fc8d04759b6154e,,unknown,,사전예고만 확인,사전예고만 확인,v0.4,review_pending
37fb9428d7f1645d,사전예고)금융회사 특별출연 및 보증료 지원 등에 관한 협약보증 운용기준,사전예고금융회사특별출연및보증료지원등에관한협약보증운용기준,NOTICE_ONLY,사전예고만,unknown,NOTICE_EVIDENCE_ONLY,1,사전예고)금융회사 특별출연 및 보증료 지원 등에 관한 협약보증 운용기준: 사전예고만,2,OFFICIAL_NOTICE_ONLY,사전예고 공식 기록은 있으나 현행 규정 전문을 확인하지 못함,1,0,False,2026-09-08T19:20:38+09:00,2026-09-08T19:20:38+09:00,https://www.kodit.or.kr/common/nttFileDownload.do?fileKey=0f93dc6fbe0127063eae2d8bcee26a64,,unknown,,매칭 불명,매칭 불명,v0.4,review_pending
9bc875c1dc5689a6,사전예고(녹색 공정전환 보증 부실 및 구상권 관리에 관한 업무처리기준,사전예고녹색공정전환보증부실및구상권관리에관한업무처리기준,NOTICE_ONLY,사전예고만,unknown,NOTICE_EVIDENCE_ONLY,1,사전예고(녹색 공정전환 보증 부실 및 구상권 관리에 관한 업무처리기준: 사전예고만,2,OFFICIAL_NOTICE_ONLY,사전예고 공식 기록은 있으나 현행 규정 전문을 확인하지 못함,1,0,False,2026-09-08T19:20:38+09:00,2026-09-08T19:20:38+09:00,https://www.kodit.or.kr/common/nttFileDownload.do?fileKey=53d9eed6db7b343d601c50148ce8bf76,,unknown,,매칭 불명,매칭 불명,v0.4,review_pending
2a8eb137d1518ad9,사전예고(녹색보증 부실 및 구상권 관리에 관한 업무처리기준,사전예고녹색보증부실및구상권관리에관한업무처리기준,NOTICE_ONLY,사전예고만,unknown,NOTICE_EVIDENCE_ONLY,1,사전예고(녹색보증 부실 및 구상권 관리에 관한 업무처리기준: 사전예고만,2,OFFICIAL_NOTICE_ONLY,사전예고 공식 기록은 있으나 현행 규정 전문을 확인하지 못함,1,0,False,2026-09-08T19:20:38+09:00,2026-09-08T19:20:38+09:00,https://www.kodit.or.kr/common/nttFileDownload.do?fileKey=e0db23e4420119ae641c48fccacb5615,,unknown,,매칭 불명,매칭 불명,v0.4,review_pending
0599bbfa074bf387,사전예고(문화산업완성보증 부실 및 구상권 관리에 관한 업무처리기준,사전예고문화산업완성보증부실및구상권관리에관한업무처리기준,NOTICE_ONLY,사전예고만,unknown,NOTICE_EVIDENCE_ONLY,1,사전예고(문화산업완성보증 부실 및 구상권 관리에 관한 업무처리기준: 사전예고만,2,OFFICIAL_NOTICE_ONLY,사전예고 공식 기록은 있으나 현행 규정 전문을 확인하지 못함,1,0,False,2026-09-08T19:20:38+09:00,2026-09-08T19:20:38+09:00,https://www.kodit.or.kr/common/nttFileDownload.do?fileKey=529a7b396874fa3215a0c8737b6bab8a,,unknown,,매칭 불명,매칭 불명,v0.4,review_pending
57bd444a2936ef7f,사전예고) 「문화산업완성보증 업무요령,사전예고문화산업완성보증업무요령,NOTICE_ONLY,사전예고만,unknown,NOTICE_EVIDENCE_ONLY,1,사전예고) 「문화산업완성보증 업무요령: 사전예고만,2,OFFICIAL_NOTICE_ONLY,사전예고 공식 기록은 있으나 현행 규정 전문을 확인하지 못함,1,0,False,2026-09-08T19:20:38+09:00,2026-09-08T19:20:38+09:00,https://www.kodit.or.kr/common/nttFileDownload.do?fileKey=1698ee172d3b4c7d89f9f8754d6fbdc4,,unknown,,매칭 불명,매칭 불명,v0.4,review_pending
927905f6c0bfe0a0,사전예고)보증료 등 운용기준,사전예고보증료등운용기준,NOTICE_ONLY,사전예고만,unknown,NOTICE_EVIDENCE_ONLY,1,사전예고)보증료 등 운용기준: 사전예고만,2,OFFICIAL_NOTICE_ONLY,사전예고 공식 기록은 있으나 현행 규정 전문을 확인하지 못함,1,0,False,2026-09-08T19:20:38+09:00,2026-09-08T19:20:38+09:00,https://www.kodit.or.kr/common/nttFileDownload.do?fileKey=0119649ef105e520e263b571fed3d380,,unknown,,매칭 불명,매칭 불명,v0.4,review_pending
c0cf626045bfc202,사전예고)보증심사 운용요령,사전예고보증심사운용요령,NOTICE_ONLY,사전예고만,abolished,NOTICE_EVIDENCE_ONLY,1,사전예고)보증심사 운용요령: 사전예고만,2,OFFICIAL_NOTICE_ONLY,사전예고 공식 기록은 있으나 현행 규정 전문을 확인하지 못함,1,0,False,2026-09-08T19:20:38+09:00,2026-09-08T19:20:38+09:00,https://www.kodit.or.kr/common/nttFileDownload.do?fileKey=3b56e21069509c7a070e608907eb696e,,unknown,,사전예고만 확인,사전예고만 확인,v0.4,review_pending
f90b5e7c5cea57a4,사전예고(부실관리 및 채권보전 업무처리기준,사전예고부실관리및채권보전업무처리기준,NOTICE_ONLY,사전예고만,unknown,NOTICE_EVIDENCE_ONLY,1,사전예고(부실관리 및 채권보전 업무처리기준: 사전예고만,2,OFFICIAL_NOTICE_ONLY,사전예고 공식 기록은 있으나 현행 규정 전문을 확인하지 못함,1,0,False,2026-09-08T19:20:38+09:00,2026-09-08T19:20:38+09:00,https://www.kodit.or.kr/common/nttFileDownload.do?fileKey=e420c6ebfdfbfcd6cb99e1e1aceaf88e,,unknown,,사전예고만 확인,사전예고만 확인,v0.4,review_pending
951266324c98937a,사전예고_「신속위기대응 특례보증 운용기준,사전예고신속위기대응특례보증운용기준,NOTICE_ONLY,사전예고만,unknown,NOTICE_EVIDENCE_ONLY,1,사전예고_「신속위기대응 특례보증 운용기준: 사전예고만,2,OFFICIAL_NOTICE_ONLY,사전예고 공식 기록은 있으나 현행 규정 전문을 확인하지 못함,1,0,False,2026-09-08T19:20:38+09:00,2026-09-08T19:20:38+09:00,https://www.kodit.or.kr/common/nttFileDownload.do?fileKey=7396d7688ec5481fee1c38d4ba4b3a26,,unknown,,사전예고만 확인,사전예고만 확인,v0.4,review_pending
a8dd0907cf9a5bf3,사전예고) 「신용보증규정,사전예고신용보증규정,NOTICE_ONLY,사전예고만,unknown,NOTICE_EVIDENCE_ONLY,1,사전예고) 「신용보증규정: 사전예고만,2,OFFICIAL_NOTICE_ONLY,사전예고 공식 기록은 있으나 현행 규정 전문을 확인하지 못함,1,0,False,2026-09-08T19:20:38+09:00,2026-09-08T19:20:38+09:00,https://www.kodit.or.kr/common/nttFileDownload.do?fileKey=70220eb7ef0b06d2ea09d830cf159ce6,,unknown,,매칭 불명,매칭 불명,v0.4,review_pending
8b8faa9f518bb715,사전예고(채무조정요령,사전예고채무조정요령,NOTICE_ONLY,사전예고만,unknown,NOTICE_EVIDENCE_ONLY,1,사전예고(채무조정요령: 사전예고만,2,OFFICIAL_NOTICE_ONLY,사전예고 공식 기록은 있으나 현행 규정 전문을 확인하지 못함,1,0,False,2026-09-08T19:20:38+09:00,2026-09-08T19:20:38+09:00,https://www.kodit.or.kr/common/nttFileDownload.do?fileKey=486710692f17e78aacf91b3769da3490,,unknown,,매칭 불명,매칭 불명,v0.4,review_pending
d2a65f7d6dbf1e36,사전컨설팅감사 운용기준,사전컨설팅감사운용기준,NOTICE_ONLY,사전예고만,abolished,NOTICE_EVIDENCE_ONLY,1,사전컨설팅감사 운용기준: 사전예고만,2,OFFICIAL_NOTICE_ONLY,사전예고 공식 기록은 있으나 현행 규정 전문을 확인하지 못함,1,0,False,2026-09-08T19:20:38+09:00,2026-09-08T19:20:38+09:00,https://www.kodit.or.kr/common/nttFileDownload.do?fileKey=955398f815182e8872a21317c063ef2d,,unknown,,사전예고만 확인,사전예고만 확인,v0.4,review_pending
21c738eaafe44b98,사채보증 운용기준,사채보증운용기준,NOTICE_ONLY,사전예고만,abolished,NOTICE_EVIDENCE_ONLY,1,사채보증 운용기준: 사전예고만,2,OFFICIAL_NOTICE_ONLY,사전예고 공식 기록은 있으나 현행 규정 전문을 확인하지 못함,1,0,False,2026-09-08T19:20:38+09:00,2026-09-08T19:20:38+09:00,https://www.kodit.or.kr/common/nttFileDownload.do?fileKey=bb34bdf7df1bd254f9ea99859c35a83f,,unknown,,사전예고만 확인,사전예고만 확인,v0.4,review_pending
0f7c2b652e962dbc,사택 운영 기준,사택운영기준,NOTICE_ONLY,사전예고만,unknown,NOTICE_EVIDENCE_ONLY,1,사택 운영 기준: 사전예고만,2,OFFICIAL_NOTICE_ONLY,사전예고 공식 기록은 있으나 현행 규정 전문을 확인하지 못함,1,0,False,2026-09-08T19:20:38+09:00,2026-09-08T19:20:38+09:00,https://www.kodit.or.kr/common/nttFileDownload.do?fileKey=8592242cb002b4160317df28bc96713c,,unknown,,사전예고만 확인,사전예고만 확인,v0.4,review_pending
35d0f11466e12fd8,사회경제적약자기업버팀목특례보험업무처리방법,사회경제적약자기업버팀목특례보험업무처리방법,NOTICE_ONLY,사전예고만,unknown,NOTICE_EVIDENCE_ONLY,1,사회경제적약자기업버팀목특례보험업무처리방법: 사전예고만,2,OFFICIAL_NOTICE_ONLY,사전예고 공식 기록은 있으나 현행 규정 전문을 확인하지 못함,1,0,False,2026-09-08T19:20:38+09:00,2026-09-08T19:20:38+09:00,https://www.kodit.or.kr/common/nttFileDownload.do?fileKey=5bb2a3bd4376c930ebf1d9449da81ecc,,unknown,,사전예고만 확인,사전예고만 확인,v0.4,review_pending
0bf6e49b92f1e12c,사회공헌위원회 운영기준,사회공헌위원회운영기준,NOTICE_ONLY,사전예고만,unknown,NOTICE_EVIDENCE_ONLY,1,사회공헌위원회 운영기준: 사전예고만,2,OFFICIAL_NOTICE_ONLY,사전예고 공식 기록은 있으나 현행 규정 전문을 확인하지 못함,1,0,False,2026-09-08T19:20:38+09:00,2026-09-08T19:20:38+09:00,https://www.kodit.or.kr/common/nttFileDownload.do?fileKey=d80caea5498ca2eacfd49a22bf485d3a,,unknown,,사전예고만 확인,사전예고만 확인,v0.4,review_pending
24617648f318146e,사회공헌활동 운영기준,사회공헌활동운영기준,NOTICE_ONLY,사전예고만,unknown,NOTICE_EVIDENCE_ONLY,1,사회공헌활동 운영기준: 사전예고만,2,OFFICIAL_NOTICE_ONLY,사전예고 공식 기록은 있으나 현행 규정 전문을 확인하지 못함,1,0,False,2026-09-08T19:20:38+09:00,2026-09-08T19:20:38+09:00,https://www.kodit.or.kr/common/nttFileDownload.do?fileKey=80c58e232d1ec4f42d17596ae453a4f9,,unknown,,사전예고만 확인,사전예고만 확인,v0.4,review_pending
a9fc5308d36b8d97,사회기반시설 채권보증기준,사회기반시설채권보증기준,NOTICE_ONLY,사전예고만,unknown,NOTICE_EVIDENCE_ONLY,1,사회기반시설 채권보증기준: 사전예고만,2,OFFICIAL_NOTICE_ONLY,사전예고 공식 기록은 있으나 현행 규정 전문을 확인하지 못함,1,0,False,2026-09-08T19:20:38+09:00,2026-09-08T19:20:38+09:00,https://www.kodit.or.kr/common/nttFileDownload.do?fileKey=8bcf0db5236b53f23315f68cc8a7ecbd,,unknown,,사전예고만 확인,사전예고만 확인,v0.4,review_pending
cc827475dd9d8eb9,사회적 가치 실현 업무처리기준,사회적가치실현업무처리기준,NOTICE_ONLY,사전예고만,unknown,NOTICE_EVIDENCE_ONLY,1,사회적 가치 실현 업무처리기준: 사전예고만,2,OFFICIAL_NOTICE_ONLY,사전예고 공식 기록은 있으나 현행 규정 전문을 확인하지 못함,1,0,False,2026-09-08T19:20:38+09:00,2026-09-08T19:20:38+09:00,https://www.kodit.or.kr/common/nttFileDownload.do?fileKey=1ad39f30f1dfe4d8f305d25da0d19baf,,unknown,,사전예고만 확인,사전예고만 확인,v0.4,review_pending
3460ac82447fa9fb,사회적경제기업 보증 운용 프로그램 업무처리방법,사회적경제기업보증운용프로그램업무처리방법,NOTICE_ONLY,사전예고만,unknown,NOTICE_EVIDENCE_ONLY,1,사회적경제기업 보증 운용 프로그램 업무처리방법: 사전예고만,2,OFFICIAL_NOTICE_ONLY,사전예고 공식 기록은 있으나 현행 규정 전문을 확인하지 못함,1,0,False,2026-09-08T19:20:38+09:00,2026-09-08T19:20:38+09:00,https://www.kodit.or.kr/common/nttFileDownload.do?fileKey=b6f024587df2d00e782d20e01264497c,,unknown,,사전예고만 확인,사전예고만 확인,v0.4,review_pending
4ba2491eacc90600,사회적경제기업에 대한 보증 운용기준,사회적경제기업에대한보증운용기준,NOTICE_ONLY,사전예고만,unknown,NOTICE_EVIDENCE_ONLY,1,사회적경제기업에 대한 보증 운용기준: 사전예고만,2,OFFICIAL_NOTICE_ONLY,사전예고 공식 기록은 있으나 현행 규정 전문을 확인하지 못함,1,0,False,2026-09-08T19:20:38+09:00,2026-09-08T19:20:38+09:00,https://www.kodit.or.kr/common/nttFileDownload.do?fileKey=84c9cf983d9cff06355aabb21ee07bfc,,unknown,,매칭 불명,매칭 불명,v0.4,review_pending
b9692090427ec268,사회적경제기업에 대한 보증프로그램 운용기준,사회적경제기업에대한보증프로그램운용기준,NOTICE_ONLY,사전예고만,unknown,NOTICE_EVIDENCE_ONLY,1,사회적경제기업에 대한 보증프로그램 운용기준: 사전예고만,2,OFFICIAL_NOTICE_ONLY,사전예고 공식 기록은 있으나 현행 규정 전문을 확인하지 못함,1,0,False,2026-09-08T19:20:38+09:00,2026-09-08T19:20:38+09:00,https://www.kodit.or.kr/common/nttFileDownload.do?fileKey=a3d5b562659ea273c0e2e70e0ce72ede,,unknown,,매칭 불명,매칭 불명,v0.4,review_pending
16e8a80457026942,사회적경제기업에 대한 유동화보증 업무처리방법,사회적경제기업에대한유동화보증업무처리방법,EXTRACTION_PENDING,판정대기,current,EXTRACTION_PENDING,1,사회적경제기업에 대한 유동화보증 업무처리방법: 판정대기,2,EXTRACTION_PENDING,공식 원문은 발견했으나 본문 추출·확인이 완료되지 않음,2,0,False,2026-09-08T19:20:38+09:00,2026-09-08T19:20:38+09:00,https://www.alio.go.kr/download/rulefiledown.json?fileNo=239641,c2ac478b981053b05f3939fddcc5d5e1b103f255a425bb577e38c60a6f62cb4b,hwp,2026.07.23,공개 확인,공개 확인,v0.4,review_pending
cef927ed557a5d66,사회적경제기업 지원을 위한 은행권 협약보증 업무처리방법,사회적경제기업지원을위한은행권협약보증업무처리방법,NOTICE_ONLY,사전예고만,unknown,NOTICE_EVIDENCE_ONLY,1,사회적경제기업 지원을 위한 은행권 협약보증 업무처리방법: 사전예고만,2,OFFICIAL_NOTICE_ONLY,사전예고 공식 기록은 있으나 현행 규정 전문을 확인하지 못함,1,0,False,2026-09-08T19:20:38+09:00,2026-09-08T19:20:38+09:00,https://www.kodit.or.kr/common/nttFileDownload.do?fileKey=01dd168df0145bab15af7eab93ecbbcc,,unknown,,사전예고만 확인,사전예고만 확인,v0.4,review_pending
542170c2fe356973,사회적경제기업 평가시스템 운용기준,사회적경제기업평가시스템운용기준,NOTICE_ONLY,사전예고만,unknown,NOTICE_EVIDENCE_ONLY,1,사회적경제기업 평가시스템 운용기준: 사전예고만,2,OFFICIAL_NOTICE_ONLY,사전예고 공식 기록은 있으나 현행 규정 전문을 확인하지 못함,1,0,False,2026-09-08T19:20:38+09:00,2026-09-08T19:20:38+09:00,https://www.kodit.or.kr/common/nttFileDownload.do?fileKey=2610fd843e82a20a450a508047ef267d,,unknown,,사전예고만 확인,사전예고만 확인,v0.4,review_pending
c98c60ba789f8aff,사회적경제 활성화를 위한 금융지원 협약보증 업무처리방법,사회적경제활성화를위한금융지원협약보증업무처리방법,NOTICE_ONLY,사전예고만,unknown,NOTICE_EVIDENCE_ONLY,1,사회적경제 활성화를 위한 금융지원 협약보증 업무처리방법: 사전예고만,2,OFFICIAL_NOTICE_ONLY,사전예고 공식 기록은 있으나 현행 규정 전문을 확인하지 못함,1,0,False,2026-09-08T19:20:38+09:00,2026-09-08T19:20:38+09:00,https://www.kodit.or.kr/common/nttFileDownload.do?fileKey=e524aa988b08b1892e54bf5dcd013b50,,unknown,,사전예고만 확인,사전예고만 확인,v0.4,review_pending
3200a69dfe3810e9,사회적배려기업에대한보증운용기준,사회적배려기업에대한보증운용기준,NOTICE_ONLY,사전예고만,abolished,NOTICE_EVIDENCE_ONLY,1,사회적배려기업에대한보증운용기준: 사전예고만,2,OFFICIAL_NOTICE_ONLY,사전예고 공식 기록은 있으나 현행 규정 전문을 확인하지 못함,1,0,False,2026-09-08T19:20:38+09:00,2026-09-08T19:20:38+09:00,https://www.kodit.or.kr/common/nttFileDownload.do?fileKey=c526ca7f708ff9d19af78a2b11439593,,unknown,,매칭 불명,매칭 불명,v0.4,review_pending
dd75f1b122655413,사회적 배려・지역산업 지원프로그램 운용기준,사회적배려지역산업지원프로그램운용기준,NOTICE_ONLY,사전예고만,unknown,NOTICE_EVIDENCE_ONLY,1,사회적 배려・지역산업 지원프로그램 운용기준: 사전예고만,2,OFFICIAL_NOTICE_ONLY,사전예고 공식 기록은 있으나 현행 규정 전문을 확인하지 못함,1,0,False,2026-09-08T19:20:38+09:00,2026-09-08T19:20:38+09:00,https://www.kodit.or.kr/common/nttFileDownload.do?fileKey=10214dc6c28d958067437b20db1876f5,,unknown,,사전예고만 확인,사전예고만 확인,v0.4,review_pending
9d171260391d0eeb,사회적 책임 역량에 따른 보증 운용기준,사회적책임역량에따른보증운용기준,NOTICE_ONLY,사전예고만,unknown,NOTICE_EVIDENCE_ONLY,1,사회적 책임 역량에 따른 보증 운용기준: 사전예고만,2,OFFICIAL_NOTICE_ONLY,사전예고 공식 기록은 있으나 현행 규정 전문을 확인하지 못함,1,0,False,2026-09-08T19:20:38+09:00,2026-09-08T19:20:38+09:00,https://www.kodit.or.kr/common/nttFileDownload.do?fileKey=6637551a03d45e2ece8a36057b654658,,unknown,,사전예고만 확인,사전예고만 확인,v0.4,review_pending
16a2bdc972ad1fba,사후공람 기준,사후공람기준,NOTICE_ONLY,사전예고만,unknown,NOTICE_EVIDENCE_ONLY,1,사후공람 기준: 사전예고만,2,OFFICIAL_NOTICE_ONLY,사전예고 공식 기록은 있으나 현행 규정 전문을 확인하지 못함,1,0,False,2026-09-08T19:20:38+09:00,2026-09-08T19:20:38+09:00,https://www.kodit.or.kr/common/nttFileDownload.do?fileKey=5d25607378d64b83fa7c1204d71006b3,,unknown,,사전예고만 확인,사전예고만 확인,v0.4,review_pending
652e263d5c2ee1f2,사후관리및상시관리운용기준,사후관리및상시관리운용기준,NOTICE_ONLY,사전예고만,unknown,NOTICE_EVIDENCE_ONLY,1,사후관리및상시관리운용기준: 사전예고만,2,OFFICIAL_NOTICE_ONLY,사전예고 공식 기록은 있으나 현행 규정 전문을 확인하지 못함,1,0,False,2026-09-08T19:20:38+09:00,2026-09-08T19:20:38+09:00,https://www.kodit.or.kr/common/nttFileDownload.do?fileKey=35a2fa45afa3027d5c44b1039a3caee8,,unknown,,사전예고만 확인,사전예고만 확인,v0.4,review_pending
19cfdaf225610022,사후관리 운용기준,사후관리운용기준,NOTICE_ONLY,사전예고만,unknown,NOTICE_EVIDENCE_ONLY,1,사후관리 운용기준: 사전예고만,2,OFFICIAL_NOTICE_ONLY,사전예고 공식 기록은 있으나 현행 규정 전문을 확인하지 못함,1,0,False,2026-09-08T19:20:38+09:00,2026-09-08T19:20:38+09:00,https://www.kodit.or.kr/common/nttFileDownload.do?fileKey=a9182231a650f42855a743fd6770ead8,,unknown,,사전예고만 확인,사전예고만 확인,v0.4,review_pending
13c22bf6e46be566,산업 구조혁신 지원 프로그램 업무처리기준,산업구조혁신지원프로그램업무처리기준,NOTICE_ONLY,사전예고만,unknown,NOTICE_EVIDENCE_ONLY,1,산업 구조혁신 지원 프로그램 업무처리기준: 사전예고만,2,OFFICIAL_NOTICE_ONLY,사전예고 공식 기록은 있으나 현행 규정 전문을 확인하지 못함,1,0,False,2026-09-08T19:20:38+09:00,2026-09-08T19:20:38+09:00,https://www.kodit.or.kr/common/nttFileDownload.do?fileKey=feba5ef85cfb2db60634e0db9f8c0956,,unknown,,사전예고만 확인,사전예고만 확인,v0.4,review_pending
8428ff0063f1efba,산업기반구상권관리요령,산업기반구상권관리요령,NOTICE_ONLY,사전예고만,abolished,NOTICE_EVIDENCE_ONLY,1,산업기반구상권관리요령: 사전예고만,2,OFFICIAL_NOTICE_ONLY,사전예고 공식 기록은 있으나 현행 규정 전문을 확인하지 못함,1,0,False,2026-09-08T19:20:38+09:00,2026-09-08T19:20:38+09:00,https://www.kodit.or.kr/common/nttFileDownload.do?fileKey=27bc8128611d34d46fdd29f6df1725e2,,unknown,,사전예고만 확인,사전예고만 확인,v0.4,review_pending
485e34f6117aca1e,산업기반대출보증약관,산업기반대출보증약관,NOTICE_ONLY,사전예고만,unknown,NOTICE_EVIDENCE_ONLY,1,산업기반대출보증약관: 사전예고만,2,OFFICIAL_NOTICE_ONLY,사전예고 공식 기록은 있으나 현행 규정 전문을 확인하지 못함,1,0,False,2026-09-08T19:20:38+09:00,2026-09-08T19:20:38+09:00,https://www.kodit.or.kr/common/nttFileDownload.do?fileKey=ad9a2e866034ef400c5d595300cfdef9,,unknown,,매칭 불명,매칭 불명,v0.4,review_pending
1ba5997b4aaafead,산업기반 대출보증약관 면책기준,산업기반대출보증약관면책기준,EXTRACTION_PENDING,판정대기,current,EXTRACTION_PENDING,1,산업기반 대출보증약관 면책기준: 판정대기,2,EXTRACTION_PENDING,공식 원문은 발견했으나 본문 추출·확인이 완료되지 않음,2,0,False,2026-09-08T19:20:38+09:00,2026-09-08T19:20:38+09:00,https://www.alio.go.kr/download/rulefiledown.json?fileNo=219994,414558ee285f39acb2a470a80413cb06f53f10fcb66ce357cde6afe392842fcf,hwp,2025.08.08,공개 확인,공개 확인,v0.4,review_pending
5d9ea0a3c6d6cdf8,산업기반 신용보증계약기준,산업기반신용보증계약기준,NOTICE_ONLY,사전예고만,unknown,NOTICE_EVIDENCE_ONLY,1,산업기반 신용보증계약기준: 사전예고만,2,OFFICIAL_NOTICE_ONLY,사전예고 공식 기록은 있으나 현행 규정 전문을 확인하지 못함,1,0,False,2026-09-08T19:20:38+09:00,2026-09-08T19:20:38+09:00,https://www.kodit.or.kr/common/nttFileDownload.do?fileKey=c012b6552378ecf05717aea4a9130186,,unknown,,매칭 불명,매칭 불명,v0.4,review_pending
956d9ef47af71a8d,산업기반신용보증관리기준,산업기반신용보증관리기준,NOTICE_ONLY,사전예고만,unknown,NOTICE_EVIDENCE_ONLY,1,산업기반신용보증관리기준: 사전예고만,2,OFFICIAL_NOTICE_ONLY,사전예고 공식 기록은 있으나 현행 규정 전문을 확인하지 못함,1,0,False,2026-09-08T19:20:38+09:00,2026-09-08T19:20:38+09:00,https://www.kodit.or.kr/common/nttFileDownload.do?fileKey=9237fffb610df7129e0420774c1ca802,,unknown,,매칭 불명,매칭 불명,v0.4,review_pending
d348b8838ede6948,산업기반신용보증 관리업무기준,산업기반신용보증관리업무기준,NOTICE_ONLY,사전예고만,unknown,NOTICE_EVIDENCE_ONLY,1,산업기반신용보증 관리업무기준: 사전예고만,2,OFFICIAL_NOTICE_ONLY,사전예고 공식 기록은 있으나 현행 규정 전문을 확인하지 못함,1,0,False,2026-09-08T19:20:38+09:00,2026-09-08T19:20:38+09:00,https://www.kodit.or.kr/common/nttFileDownload.do?fileKey=a5e133bd744232a3686a07a45ef77a1f,,unknown,,매칭 불명,매칭 불명,v0.4,review_pending
a8848d4555a6fafe,산업기반신용보증 관리업무요령,산업기반신용보증관리업무요령,EXTRACTION_PENDING,판정대기,current,EXTRACTION_PENDING,1,산업기반신용보증 관리업무요령: 판정대기,2,EXTRACTION_PENDING,공식 원문은 발견했으나 본문 추출·확인이 완료되지 않음,2,0,False,2026-09-08T19:20:38+09:00,2026-09-08T19:20:38+09:00,https://www.alio.go.kr/download/rulefiledown.json?fileNo=218880,8a4c0d8d4b2f47577b2238c7042c762a23295bf2fb0fc648db17d449e8841a89,hwp,2025.07.17,공개 확인,공개 확인,v0.4,review_pending
24623031d7b5672e,산업기반신용보증관리요령,산업기반신용보증관리요령,NOTICE_ONLY,사전예고만,unknown,NOTICE_EVIDENCE_ONLY,1,산업기반신용보증관리요령: 사전예고만,2,OFFICIAL_NOTICE_ONLY,사전예고 공식 기록은 있으나 현행 규정 전문을 확인하지 못함,1,0,False,2026-09-08T19:20:38+09:00,2026-09-08T19:20:38+09:00,https://www.kodit.or.kr/common/nttFileDownload.do?fileKey=9237fffb610df7129e0420774c1ca802,,unknown,,매칭 불명,매칭 불명,v0.4,review_pending
c4f503a29614ab1d,산업기반신용보증기금 업무처리규정,산업기반신용보증기금업무처리규정,EXTRACTION_PENDING,판정대기,current,EXTRACTION_PENDING,1,산업기반신용보증기금 업무처리규정: 판정대기,2,EXTRACTION_PENDING,공식 원문은 발견했으나 본문 추출·확인이 완료되지 않음,2,0,False,2026-09-08T19:20:38+09:00,2026-09-08T19:20:38+09:00,https://www.alio.go.kr/download/rulefiledown.json?fileNo=229460,7cd294a638292c00b12ebcf303038ef9053cfd9290b1a39f16367512d3880860,hwp,2026.01.14,공개 확인,공개 확인,v0.4,review_pending
75114058f247a555,산업기반신용보증기금 업무처리기준,산업기반신용보증기금업무처리기준,NOTICE_ONLY,사전예고만,unknown,NOTICE_EVIDENCE_ONLY,1,산업기반신용보증기금 업무처리기준: 사전예고만,2,OFFICIAL_NOTICE_ONLY,사전예고 공식 기록은 있으나 현행 규정 전문을 확인하지 못함,1,0,False,2026-09-08T19:20:38+09:00,2026-09-08T19:20:38+09:00,https://www.kodit.or.kr/common/nttFileDownload.do?fileKey=b03df19faaaee3571fdad3b88663c21d,,unknown,,매칭 불명,매칭 불명,v0.4,review_pending
0cbc8f3dd12135a7,산업기반신용보증기금 운영요령,산업기반신용보증기금운영요령,EXTRACTION_PENDING,판정대기,current,EXTRACTION_PENDING,1,산업기반신용보증기금 운영요령: 판정대기,2,EXTRACTION_PENDING,공식 원문은 발견했으나 본문 추출·확인이 완료되지 않음,2,0,False,2026-09-08T19:20:38+09:00,2026-09-08T19:20:38+09:00,https://www.alio.go.kr/download/rulefiledown.json?fileNo=233990,30c20ccccb3654e718f499de9fb6c052624b995948495cb6a8b7a008716487b4,hwp,2026.04.01,공개 확인,공개 확인,v0.4,review_pending
4ba207c6a3b2a397,산업기반신용보증기금 운용요령,산업기반신용보증기금운용요령,NOTICE_ONLY,사전예고만,unknown,NOTICE_EVIDENCE_ONLY,1,산업기반신용보증기금 운용요령: 사전예고만,2,OFFICIAL_NOTICE_ONLY,사전예고 공식 기록은 있으나 현행 규정 전문을 확인하지 못함,1,0,False,2026-09-08T19:20:38+09:00,2026-09-08T19:20:38+09:00,https://www.kodit.or.kr/common/nttFileDownload.do?fileKey=487a4e022a8acaa4f2c6b0faa0af9527,,unknown,,매칭 불명,매칭 불명,v0.4,review_pending
a432dac74cb18591,산업기반신용보증기금 자산운용지침,산업기반신용보증기금자산운용지침,NOTICE_ONLY,사전예고만,unknown,NOTICE_EVIDENCE_ONLY,1,산업기반신용보증기금 자산운용지침: 사전예고만,2,OFFICIAL_NOTICE_ONLY,사전예고 공식 기록은 있으나 현행 규정 전문을 확인하지 못함,1,0,False,2026-09-08T19:20:38+09:00,2026-09-08T19:20:38+09:00,https://www.kodit.or.kr/common/nttFileDownload.do?fileKey=12b595f9314fd82d2932378d8381b40f,,unknown,,매칭 불명,매칭 불명,v0.4,review_pending
331b45b04fcfdae6,산업기반신용보증기금 회계처리기준,산업기반신용보증기금회계처리기준,NOTICE_ONLY,사전예고만,unknown,NOTICE_EVIDENCE_ONLY,1,산업기반신용보증기금 회계처리기준: 사전예고만,2,OFFICIAL_NOTICE_ONLY,사전예고 공식 기록은 있으나 현행 규정 전문을 확인하지 못함,1,0,False,2026-09-08T19:20:38+09:00,2026-09-08T19:20:38+09:00,https://www.kodit.or.kr/common/nttFileDownload.do?fileKey=8126a5d53889c607bf8b41dc3eb3d257,,unknown,,매칭 불명,매칭 불명,v0.4,review_pending
3e1d762bc4f4b6d0,산업기반 신용보증료기준,산업기반신용보증료기준,NOTICE_ONLY,사전예고만,unknown,NOTICE_EVIDENCE_ONLY,1,산업기반 신용보증료기준: 사전예고만,2,OFFICIAL_NOTICE_ONLY,사전예고 공식 기록은 있으나 현행 규정 전문을 확인하지 못함,1,0,False,2026-09-08T19:20:38+09:00,2026-09-08T19:20:38+09:00,https://www.kodit.or.kr/common/nttFileDownload.do?fileKey=f6befc94e2ba2e165d7c211de637bd9e,,unknown,,매칭 불명,매칭 불명,v0.4,review_pending
efd4e2bc2499ebde,산업기반신용보증료기준 외 3개 기준,산업기반신용보증료기준외3개기준,NOTICE_ONLY,사전예고만,unknown,NOTICE_EVIDENCE_ONLY,1,산업기반신용보증료기준 외 3개 기준: 사전예고만,2,OFFICIAL_NOTICE_ONLY,사전예고 공식 기록은 있으나 현행 규정 전문을 확인하지 못함,1,0,False,2026-09-08T19:20:38+09:00,2026-09-08T19:20:38+09:00,https://www.kodit.or.kr/common/nttFileDownload.do?fileKey=7d549603b76826d6347fca8bc1899972,,unknown,,매칭 불명,매칭 불명,v0.4,review_pending
a75ae6dc02461cc9,산업기반신용보증 리스크관리기준,산업기반신용보증리스크관리기준,NOTICE_ONLY,사전예고만,unknown,NOTICE_EVIDENCE_ONLY,1,산업기반신용보증 리스크관리기준: 사전예고만,2,OFFICIAL_NOTICE_ONLY,사전예고 공식 기록은 있으나 현행 규정 전문을 확인하지 못함,1,0,False,2026-09-08T19:20:38+09:00,2026-09-08T19:20:38+09:00,https://www.kodit.or.kr/common/nttFileDownload.do?fileKey=4b1587319a164d75d35f8fdb15278f89,,unknown,,매칭 불명,매칭 불명,v0.4,review_pending
cd1734c92c2abaa7,산업기반신용보증부분보증운용기준,산업기반신용보증부분보증운용기준,NOTICE_ONLY,사전예고만,unknown,NOTICE_EVIDENCE_ONLY,1,산업기반신용보증부분보증운용기준: 사전예고만,2,OFFICIAL_NOTICE_ONLY,사전예고 공식 기록은 있으나 현행 규정 전문을 확인하지 못함,1,0,False,2026-09-08T19:20:38+09:00,2026-09-08T19:20:38+09:00,https://www.kodit.or.kr/common/nttFileDownload.do?fileKey=ad9a2e866034ef400c5d595300cfdef9,,unknown,,매칭 불명,매칭 불명,v0.4,review_pending
3de78ba16d8da853,산업기반신용보증 사후관리기준,산업기반신용보증사후관리기준,NOTICE_ONLY,사전예고만,unknown,NOTICE_EVIDENCE_ONLY,1,산업기반신용보증 사후관리기준: 사전예고만,2,OFFICIAL_NOTICE_ONLY,사전예고 공식 기록은 있으나 현행 규정 전문을 확인하지 못함,1,0,False,2026-09-08T19:20:38+09:00,2026-09-08T19:20:38+09:00,https://www.kodit.or.kr/common/nttFileDownload.do?fileKey=f248cf5a0776c4289f25b7d50987e589,,unknown,,매칭 불명,매칭 불명,v0.4,review_pending
5ed5e88789d4af17,산업기반신용보증약정기준,산업기반신용보증약정기준,NOTICE_ONLY,사전예고만,unknown,NOTICE_EVIDENCE_ONLY,1,산업기반신용보증약정기준: 사전예고만,2,OFFICIAL_NOTICE_ONLY,사전예고 공식 기록은 있으나 현행 규정 전문을 확인하지 못함,1,0,False,2026-09-08T19:20:38+09:00,2026-09-08T19:20:38+09:00,https://www.kodit.or.kr/common/nttFileDownload.do?fileKey=8bcf0db5236b53f23315f68cc8a7ecbd,,unknown,,매칭 불명,매칭 불명,v0.4,review_pending
a8bdb4f4cd941164,산업기반신용보증요령,산업기반신용보증요령,FULLTEXT_PUBLIC,전문 공개,current,ANCHORS_CONFIRMED,0,산업기반신용보증요령: 전문 공개,4,ANCHORS_CONFIRMED,공식 원문 본문에서 규정명·개정일·조문을 확인함,2,0,False,2026-09-08T19:20:38+09:00,2026-09-08T19:20:38+09:00,https://www.alio.go.kr/download/rulefiledown.json?fileNo=237054,a629b3e27ba92ddd21c834e45fafa739fdd845376c3853ae7dbcbe7ab0ff492a,pdf,2026.06.11,공개 확인,공개 확인,v0.4,review_pending
00de836ebf017982,산업기반신용보증요령 외 12개 기준,산업기반신용보증요령외12개기준,NOTICE_ONLY,사전예고만,unknown,NOTICE_EVIDENCE_ONLY,1,산업기반신용보증요령 외 12개 기준: 사전예고만,2,OFFICIAL_NOTICE_ONLY,사전예고 공식 기록은 있으나 현행 규정 전문을 확인하지 못함,1,0,False,2026-09-08T19:20:38+09:00,2026-09-08T19:20:38+09:00,https://www.kodit.or.kr/common/nttFileDownload.do?fileKey=b322643e8d9d00c04f08c324390a3168,,unknown,,매칭 불명,매칭 불명,v0.4,review_pending
ed7b555f2b2945f1,산업기반신용보증 운영요령,산업기반신용보증운영요령,NOTICE_ONLY,사전예고만,unknown,NOTICE_EVIDENCE_ONLY,1,산업기반신용보증 운영요령: 사전예고만,2,OFFICIAL_NOTICE_ONLY,사전예고 공식 기록은 있으나 현행 규정 전문을 확인하지 못함,1,0,False,2026-09-08T19:20:38+09:00,2026-09-08T19:20:38+09:00,https://www.kodit.or.kr/common/nttFileDownload.do?fileKey=8bcf0db5236b53f23315f68cc8a7ecbd,,unknown,,매칭 불명,매칭 불명,v0.4,review_pending
90649b7ee6d3dacb,산업기반신용보증 조사자료 등 운용기준,산업기반신용보증조사자료등운용기준,NOTICE_ONLY,사전예고만,unknown,NOTICE_EVIDENCE_ONLY,1,산업기반신용보증 조사자료 등 운용기준: 사전예고만,2,OFFICIAL_NOTICE_ONLY,사전예고 공식 기록은 있으나 현행 규정 전문을 확인하지 못함,1,0,False,2026-09-08T19:20:38+09:00,2026-09-08T19:20:38+09:00,https://www.kodit.or.kr/common/nttFileDownload.do?fileKey=7d7dfefb8786ae9450d39b34afa8bc3f,,unknown,,매칭 불명,매칭 불명,v0.4,review_pending
3428650f825ffc9c,산업기반신용보증 컨설팅 운용기준,산업기반신용보증컨설팅운용기준,NOTICE_ONLY,사전예고만,unknown,NOTICE_EVIDENCE_ONLY,1,산업기반신용보증 컨설팅 운용기준: 사전예고만,2,OFFICIAL_NOTICE_ONLY,사전예고 공식 기록은 있으나 현행 규정 전문을 확인하지 못함,1,0,False,2026-09-08T19:20:38+09:00,2026-09-08T19:20:38+09:00,https://www.kodit.or.kr/common/nttFileDownload.do?fileKey=7d7dfefb8786ae9450d39b34afa8bc3f,,unknown,,매칭 불명,매칭 불명,v0.4,review_pending
e5f5727273fc68ad,산업기반유동화회사보증계약서,산업기반유동화회사보증계약서,NOTICE_ONLY,사전예고만,unknown,NOTICE_EVIDENCE_ONLY,1,산업기반유동화회사보증계약서: 사전예고만,2,OFFICIAL_NOTICE_ONLY,사전예고 공식 기록은 있으나 현행 규정 전문을 확인하지 못함,1,0,False,2026-09-08T19:20:38+09:00,2026-09-08T19:20:38+09:00,https://www.kodit.or.kr/common/nttFileDownload.do?fileKey=558e321ce139da6f6867349df0bc3a55,,unknown,,사전예고만 확인,사전예고만 확인,v0.4,review_pending
66d8ccb7dd926137,산업기반유동화회사보증기준,산업기반유동화회사보증기준,NOTICE_ONLY,사전예고만,unknown,NOTICE_EVIDENCE_ONLY,1,산업기반유동화회사보증기준: 사전예고만,2,OFFICIAL_NOTICE_ONLY,사전예고 공식 기록은 있으나 현행 규정 전문을 확인하지 못함,1,0,False,2026-09-08T19:20:38+09:00,2026-09-08T19:20:38+09:00,https://www.kodit.or.kr/common/nttFileDownload.do?fileKey=e72382d3a047fb91ec9404408d0d7f3c,,unknown,,사전예고만 확인,사전예고만 확인,v0.4,review_pending
465ef6000312d19e,산업기반유동화회사보증 출자자계약서,산업기반유동화회사보증출자자계약서,NOTICE_ONLY,사전예고만,unknown,NOTICE_EVIDENCE_ONLY,1,산업기반유동화회사보증 출자자계약서: 사전예고만,2,OFFICIAL_NOTICE_ONLY,사전예고 공식 기록은 있으나 현행 규정 전문을 확인하지 못함,1,0,False,2026-09-08T19:20:38+09:00,2026-09-08T19:20:38+09:00,https://www.kodit.or.kr/common/nttFileDownload.do?fileKey=558e321ce139da6f6867349df0bc3a55,,unknown,,사전예고만 확인,사전예고만 확인,v0.4,review_pending
f905f3906d6f919b,산업평가 관련 업무운용기준,산업평가관련업무운용기준,NOTICE_ONLY,사전예고만,unknown,NOTICE_EVIDENCE_ONLY,1,산업평가 관련 업무운용기준: 사전예고만,2,OFFICIAL_NOTICE_ONLY,사전예고 공식 기록은 있으나 현행 규정 전문을 확인하지 못함,1,0,False,2026-09-08T19:20:38+09:00,2026-09-08T19:20:38+09:00,https://www.kodit.or.kr/common/nttFileDownload.do?fileKey=9db31835f97736b02abf6b54b07b6ade,,unknown,,사전예고만 확인,사전예고만 확인,v0.4,review_pending
d0f52255ddcf3d26,상거래담보보증 운용기준,상거래담보보증운용기준,NOTICE_ONLY,사전예고만,abolished,NOTICE_EVIDENCE_ONLY,1,상거래담보보증 운용기준: 사전예고만,2,OFFICIAL_NOTICE_ONLY,사전예고 공식 기록은 있으나 현행 규정 전문을 확인하지 못함,1,0,False,2026-09-08T19:20:38+09:00,2026-09-08T19:20:38+09:00,https://www.kodit.or.kr/common/nttFileDownload.do?fileKey=c526ca7f708ff9d19af78a2b11439593,,unknown,,사전예고만 확인,사전예고만 확인,v0.4,review_pending
4ec94a3dcb8c8751,상거래 신용지수 매출채권보험 운용기준,상거래신용지수매출채권보험운용기준,NOTICE_ONLY,사전예고만,unknown,NOTICE_EVIDENCE_ONLY,1,상거래 신용지수 매출채권보험 운용기준: 사전예고만,2,OFFICIAL_NOTICE_ONLY,사전예고 공식 기록은 있으나 현행 규정 전문을 확인하지 못함,1,0,False,2026-09-08T19:20:38+09:00,2026-09-08T19:20:38+09:00,https://www.kodit.or.kr/common/nttFileDownload.do?fileKey=2be054a5685ab21add2532db94a79ee8,,unknown,,사전예고만 확인,사전예고만 확인,v0.4,review_pending
18b594845778733a,상거래 신용지수 연계보증 업무처리방법,상거래신용지수연계보증업무처리방법,NOTICE_ONLY,사전예고만,unknown,NOTICE_EVIDENCE_ONLY,1,상거래 신용지수 연계보증 업무처리방법: 사전예고만,2,OFFICIAL_NOTICE_ONLY,사전예고 공식 기록은 있으나 현행 규정 전문을 확인하지 못함,1,0,False,2026-09-08T19:20:38+09:00,2026-09-08T19:20:38+09:00,https://www.kodit.or.kr/common/nttFileDownload.do?fileKey=307e9526b5a3b4fe227def06890ef33b,,unknown,,사전예고만 확인,사전예고만 확인,v0.4,review_pending
f6dafeeb9326b2f8,상거래 신용지수 연계보증 운용기준,상거래신용지수연계보증운용기준,NOTICE_ONLY,사전예고만,unknown,NOTICE_EVIDENCE_ONLY,1,상거래 신용지수 연계보증 운용기준: 사전예고만,2,OFFICIAL_NOTICE_ONLY,사전예고 공식 기록은 있으나 현행 규정 전문을 확인하지 못함,1,0,False,2026-09-08T19:20:38+09:00,2026-09-08T19:20:38+09:00,https://www.kodit.or.kr/common/nttFileDownload.do?fileKey=be01865dd1422c5bdd2751c8530e7d1d,,unknown,,사전예고만 확인,사전예고만 확인,v0.4,review_pending
0c446da45da87aac,상거래 신용지수 연계보험 운용기준,상거래신용지수연계보험운용기준,NOTICE_ONLY,사전예고만,unknown,NOTICE_EVIDENCE_ONLY,1,상거래 신용지수 연계보험 운용기준: 사전예고만,2,OFFICIAL_NOTICE_ONLY,사전예고 공식 기록은 있으나 현행 규정 전문을 확인하지 못함,1,0,False,2026-09-08T19:20:38+09:00,2026-09-08T19:20:38+09:00,https://www.kodit.or.kr/common/nttFileDownload.do?fileKey=8c2fb6fc391d6613f967f3067e4475aa,,unknown,,사전예고만 확인,사전예고만 확인,v0.4,review_pending
4a5bbf170954fa84,상거래 신용지수 평가시스템 운용기준,상거래신용지수평가시스템운용기준,NOTICE_ONLY,사전예고만,unknown,NOTICE_EVIDENCE_ONLY,1,상거래 신용지수 평가시스템 운용기준: 사전예고만,2,OFFICIAL_NOTICE_ONLY,사전예고 공식 기록은 있으나 현행 규정 전문을 확인하지 못함,1,0,False,2026-09-08T19:20:38+09:00,2026-09-08T19:20:38+09:00,https://www.kodit.or.kr/common/nttFileDownload.do?fileKey=baa581362cd4a10ccdf9252713bd3dc6,,unknown,,사전예고만 확인,사전예고만 확인,v0.4,review_pending
8b54165b9a3029e0,상거래채권 추심업무 운용기준,상거래채권추심업무운용기준,NOTICE_ONLY,사전예고만,unknown,NOTICE_EVIDENCE_ONLY,1,상거래채권 추심업무 운용기준: 사전예고만,2,OFFICIAL_NOTICE_ONLY,사전예고 공식 기록은 있으나 현행 규정 전문을 확인하지 못함,1,0,False,2026-09-08T19:20:38+09:00,2026-09-08T19:20:38+09:00,https://www.kodit.or.kr/common/nttFileDownload.do?fileKey=9152779d9644732f7beff059d6d0efe9,,unknown,,사전예고만 확인,사전예고만 확인,v0.4,review_pending
1ea9d8ee0136f0bd,상담 운용기준,상담운용기준,NOTICE_ONLY,사전예고만,unknown,NOTICE_EVIDENCE_ONLY,1,상담 운용기준: 사전예고만,2,OFFICIAL_NOTICE_ONLY,사전예고 공식 기록은 있으나 현행 규정 전문을 확인하지 못함,1,0,False,2026-09-08T19:20:38+09:00,2026-09-08T19:20:38+09:00,https://www.kodit.or.kr/common/nttFileDownload.do?fileKey=617ed0a25ec226881f51e1acd5ecf441,,unknown,,사전예고만 확인,사전예고만 확인,v0.4,review_pending
8d02cb4c07615d7a,상시관리 운용기준,상시관리운용기준,NOTICE_ONLY,사전예고만,unknown,NOTICE_EVIDENCE_ONLY,1,상시관리 운용기준: 사전예고만,2,OFFICIAL_NOTICE_ONLY,사전예고 공식 기록은 있으나 현행 규정 전문을 확인하지 못함,1,0,False,2026-09-08T19:20:38+09:00,2026-09-08T19:20:38+09:00,https://www.kodit.or.kr/common/nttFileDownload.do?fileKey=29c11ef2d8bd6cbf9c6efeeac19b3023,,unknown,,사전예고만 확인,사전예고만 확인,v0.4,review_pending
59166f66808a5943,상임임원 복무 등에 관한 기준,상임임원복무등에관한기준,NOTICE_ONLY,사전예고만,unknown,NOTICE_EVIDENCE_ONLY,1,상임임원 복무 등에 관한 기준: 사전예고만,2,OFFICIAL_NOTICE_ONLY,사전예고 공식 기록은 있으나 현행 규정 전문을 확인하지 못함,1,0,False,2026-09-08T19:20:38+09:00,2026-09-08T19:20:38+09:00,https://www.kodit.or.kr/common/nttFileDownload.do?fileKey=890432c04e7f265eb05c366e7f96a530,,unknown,,매칭 불명,매칭 불명,v0.4,review_pending
6286620f982c31d8,상임임원 복무 등에 관한 요령,상임임원복무등에관한요령,EXTRACTION_PENDING,판정대기,current,EXTRACTION_PENDING,1,상임임원 복무 등에 관한 요령: 판정대기,2,EXTRACTION_PENDING,공식 원문은 발견했으나 본문 추출·확인이 완료되지 않음,2,0,False,2026-09-08T19:20:38+09:00,2026-09-08T19:20:38+09:00,https://www.alio.go.kr/download/rulefiledown.json?fileNo=199125,a4fcca76d063c24ca5f11febeefa4c419c846d0e25d0fcd19d4de39f28e3dfe5,hwp,2024.05.22,공개 확인,공개 확인,v0.4,review_pending
2033b12a7b78682f,새출발기금 지원기업에 대한 보증 업무처리방법,새출발기금지원기업에대한보증업무처리방법,EXTRACTION_PENDING,판정대기,current,EXTRACTION_PENDING,1,새출발기금 지원기업에 대한 보증 업무처리방법: 판정대기,2,EXTRACTION_PENDING,공식 원문은 발견했으나 본문 추출·확인이 완료되지 않음,1,0,False,2026-09-08T19:20:38+09:00,2026-09-08T19:20:38+09:00,https://www.alio.go.kr/download/rulefiledown.json?fileNo=211344,320b75823abc43b6d0113169def042c20197b7387b460f27ac8da66f5e2f0c0c,hwp,2025.01.22,,,v0.4,review_pending
015636c28cb6e0b9,새출발기금 지원 업무처리방법 ,새출발기금지원업무처리방법,EXTRACTION_PENDING,판정대기,current,EXTRACTION_PENDING,1,새출발기금 지원 업무처리방법 : 판정대기,2,EXTRACTION_PENDING,공식 원문은 발견했으나 본문 추출·확인이 완료되지 않음,1,0,False,2026-09-08T19:20:38+09:00,2026-09-08T19:20:38+09:00,https://www.alio.go.kr/download/rulefiledown.json?fileNo=223999,6830681f47aa890ee021c3265f545db300ef82babf3f2f855ce7e23bd550e6cf,hwp,2025.11.13,,,v0.4,review_pending
14650e511fef96ca,서비스 기업 보증지원 업무처리기준,서비스기업보증지원업무처리기준,NOTICE_ONLY,사전예고만,unknown,NOTICE_EVIDENCE_ONLY,1,서비스 기업 보증지원 업무처리기준: 사전예고만,2,OFFICIAL_NOTICE_ONLY,사전예고 공식 기록은 있으나 현행 규정 전문을 확인하지 못함,1,0,False,2026-09-08T19:20:38+09:00,2026-09-08T19:20:38+09:00,https://www.kodit.or.kr/common/nttFileDownload.do?fileKey=bb03f68b9d04c02d42171380f7d0de43,,unknown,,사전예고만 확인,사전예고만 확인,v0.4,review_pending
1698d4db21ed5acb,서비스업 영위기업에 대한 보증프로그램 운용기준,서비스업영위기업에대한보증프로그램운용기준,NOTICE_ONLY,사전예고만,unknown,NOTICE_EVIDENCE_ONLY,1,서비스업 영위기업에 대한 보증프로그램 운용기준: 사전예고만,2,OFFICIAL_NOTICE_ONLY,사전예고 공식 기록은 있으나 현행 규정 전문을 확인하지 못함,1,0,False,2026-09-08T19:20:38+09:00,2026-09-08T19:20:38+09:00,https://www.kodit.or.kr/common/nttFileDownload.do?fileKey=10214dc6c28d958067437b20db1876f5,,unknown,,매칭 불명,매칭 불명,v0.4,review_pending
41d56bf621ba504c,서울시 사회주택 안심보증 업무처리방법,서울시사회주택안심보증업무처리방법,EXTRACTION_PENDING,판정대기,current,EXTRACTION_PENDING,1,서울시 사회주택 안심보증 업무처리방법: 판정대기,2,EXTRACTION_PENDING,공식 원문은 발견했으나 본문 추출·확인이 완료되지 않음,2,0,False,2026-09-08T19:20:38+09:00,2026-09-08T19:20:38+09:00,https://www.alio.go.kr/download/rulefiledown.json?fileNo=202311,78186b8820dade232b9a3d325f65fac47301cccde9d9f0516a3a75fe8df94faa,hwp,2024.08.13,공개 확인,공개 확인,v0.4,review_pending
9ee115e7dc06c15d,서울시 사회주택 특별 시범보증 업무처리방법,서울시사회주택특별시범보증업무처리방법,NOTICE_ONLY,사전예고만,unknown,NOTICE_EVIDENCE_ONLY,1,서울시 사회주택 특별 시범보증 업무처리방법: 사전예고만,2,OFFICIAL_NOTICE_ONLY,사전예고 공식 기록은 있으나 현행 규정 전문을 확인하지 못함,1,0,False,2026-09-08T19:20:38+09:00,2026-09-08T19:20:38+09:00,https://www.kodit.or.kr/common/nttFileDownload.do?fileKey=80929165edab6bd3d1472596c9e4c15d,,unknown,,매칭 불명,매칭 불명,v0.4,review_pending
2fcfd49b8ff9a4ff,선진화계획 추진협의회 운영기준,선진화계획추진협의회운영기준,EXTRACTION_PENDING,판정대기,current,EXTRACTION_PENDING,1,선진화계획 추진협의회 운영기준: 판정대기,2,EXTRACTION_PENDING,공식 원문은 발견했으나 본문 추출·확인이 완료되지 않음,1,0,False,2026-09-08T19:20:38+09:00,2026-09-08T19:20:38+09:00,https://www.alio.go.kr/download/rulefiledown.json?fileNo=12014,032f8f9af2b97b347b357a1165452b6f9a80014173f198e8718ba4cf1c6f0019,hwp,2010.01.29,,,v0.4,review_pending
f7e59d4b65c444dd,성가평가기준,성가평가기준,NOTICE_ONLY,사전예고만,unknown,NOTICE_EVIDENCE_ONLY,1,성가평가기준: 사전예고만,2,OFFICIAL_NOTICE_ONLY,사전예고 공식 기록은 있으나 현행 규정 전문을 확인하지 못함,1,0,False,2026-09-08T19:20:38+09:00,2026-09-08T19:20:38+09:00,https://www.kodit.or.kr/common/nttFileDownload.do?fileKey=9909fed5d6e682ac248bafbcab635169,,unknown,,사전예고만 확인,사전예고만 확인,v0.4,review_pending
906230b9101295f9,성과관리요령,성과관리요령,EXTRACTION_PENDING,판정대기,current,EXTRACTION_PENDING,1,성과관리요령: 판정대기,2,EXTRACTION_PENDING,공식 원문은 발견했으나 본문 추출·확인이 완료되지 않음,2,0,False,2026-09-08T19:20:38+09:00,2026-09-08T19:20:38+09:00,https://www.alio.go.kr/download/rulefiledown.json?fileNo=200633,9ee4fa1dfbbaa0990b6316cd258bec301da1a60cdc133cfd78b582decc173ff5,hwp,2024.06.28,공개 확인,공개 확인,v0.4,review_pending
7d2a6e75bd074046,성과보증료 운용기준,성과보증료운용기준,NOTICE_ONLY,사전예고만,unknown,NOTICE_EVIDENCE_ONLY,1,성과보증료 운용기준: 사전예고만,2,OFFICIAL_NOTICE_ONLY,사전예고 공식 기록은 있으나 현행 규정 전문을 확인하지 못함,1,0,False,2026-09-08T19:20:38+09:00,2026-09-08T19:20:38+09:00,https://www.kodit.or.kr/common/nttFileDownload.do?fileKey=1207396e1580de21cc7eb91363667519,,unknown,,매칭 불명,매칭 불명,v0.4,review_pending
63455c53f8d5a07c,성과연봉제운영기준,성과연봉제운영기준,NOTICE_ONLY,사전예고만,unknown,NOTICE_EVIDENCE_ONLY,1,성과연봉제운영기준: 사전예고만,2,OFFICIAL_NOTICE_ONLY,사전예고 공식 기록은 있으나 현행 규정 전문을 확인하지 못함,1,0,False,2026-09-08T19:20:38+09:00,2026-09-08T19:20:38+09:00,https://www.kodit.or.kr/common/nttFileDownload.do?fileKey=5b533b7738c796cb66523e4482c33e97,,unknown,,사전예고만 확인,사전예고만 확인,v0.4,review_pending
93fdb5fbb5f6ec14,성과평가기준,성과평가기준,NOTICE_ONLY,사전예고만,unknown,NOTICE_EVIDENCE_ONLY,1,성과평가기준: 사전예고만,2,OFFICIAL_NOTICE_ONLY,사전예고 공식 기록은 있으나 현행 규정 전문을 확인하지 못함,1,0,False,2026-09-08T19:20:38+09:00,2026-09-08T19:20:38+09:00,https://www.kodit.or.kr/common/nttFileDownload.do?fileKey=4e8523d6029244b385e2650651ae43f2,,unknown,,사전예고만 확인,사전예고만 확인,v0.4,review_pending
e2a3dbce40c8f032,성희롱·성폭력·스토킹 예방기준,성희롱성폭력스토킹예방기준,EXTRACTION_PENDING,판정대기,current,EXTRACTION_PENDING,1,성희롱·성폭력·스토킹 예방기준: 판정대기,2,EXTRACTION_PENDING,공식 원문은 발견했으나 본문 추출·확인이 완료되지 않음,2,0,False,2026-09-08T19:20:38+09:00,2026-09-08T19:20:38+09:00,https://www.alio.go.kr/download/rulefiledown.json?fileNo=227931,c6c322af3212ee93abaf83f237a00a6616f03be50bcbb003e73ebf9f2a49fc37,hwp,2025.12.30,공개 확인,공개 확인,v0.4,review_pending
1d103ab505f2c491,성희롱·성폭력 예방기준,성희롱성폭력예방기준,NOTICE_ONLY,사전예고만,unknown,NOTICE_EVIDENCE_ONLY,1,성희롱·성폭력 예방기준: 사전예고만,2,OFFICIAL_NOTICE_ONLY,사전예고 공식 기록은 있으나 현행 규정 전문을 확인하지 못함,1,0,False,2026-09-08T19:20:38+09:00,2026-09-08T19:20:38+09:00,https://www.kodit.or.kr/common/nttFileDownload.do?fileKey=1e2ec405cdbae1b7d85dc3671be140bf,,unknown,,명칭변경·통합·폐지 확인,명칭변경·통합·폐지 확인,v0.4,review_pending
0a2df2dc453f7e74,성희롱예방기준,성희롱예방기준,NOTICE_ONLY,사전예고만,unknown,NOTICE_EVIDENCE_ONLY,1,성희롱예방기준: 사전예고만,2,OFFICIAL_NOTICE_ONLY,사전예고 공식 기록은 있으나 현행 규정 전문을 확인하지 못함,1,0,False,2026-09-08T19:20:38+09:00,2026-09-08T19:20:38+09:00,https://www.kodit.or.kr/common/nttFileDownload.do?fileKey=b261b0871289568bd49cba35372ebee6,,unknown,,명칭변경·통합·폐지 확인,명칭변경·통합·폐지 확인,v0.4,review_pending
2ff3d38dbabba1a2,소멸시효 관리기준,소멸시효관리기준,NOTICE_ONLY,사전예고만,abolished,NOTICE_EVIDENCE_ONLY,1,소멸시효 관리기준: 사전예고만,2,OFFICIAL_NOTICE_ONLY,사전예고 공식 기록은 있으나 현행 규정 전문을 확인하지 못함,1,0,False,2026-09-08T19:20:38+09:00,2026-09-08T19:20:38+09:00,https://www.kodit.or.kr/common/nttFileDownload.do?fileKey=1e0008e1d256be1426d9e4a23d3ab00d,,unknown,,사전예고만 확인,사전예고만 확인,v0.4,review_pending
0580ff51a948d59b,소방안전관리기준,소방안전관리기준,EXTRACTION_PENDING,판정대기,current,EXTRACTION_PENDING,1,소방안전관리기준: 판정대기,2,EXTRACTION_PENDING,공식 원문은 발견했으나 본문 추출·확인이 완료되지 않음,2,0,False,2026-09-08T19:20:38+09:00,2026-09-08T19:20:38+09:00,https://www.alio.go.kr/download/rulefiledown.json?fileNo=232502,4bbb99a183de30b88bf0895d3481b7e9b98ee7b8ef22639038b84606ab7c6bb7,hwp,2026.03.05,공개 확인,공개 확인,v0.4,review_pending
47e737ebf154669d,소상공인 금융지원 위탁보증,소상공인금융지원위탁보증,NOTICE_ONLY,사전예고만,unknown,NOTICE_EVIDENCE_ONLY,1,소상공인 금융지원 위탁보증: 사전예고만,2,OFFICIAL_NOTICE_ONLY,사전예고 공식 기록은 있으나 현행 규정 전문을 확인하지 못함,1,0,False,2026-09-08T19:20:38+09:00,2026-09-08T19:20:38+09:00,https://www.kodit.or.kr/common/nttFileDownload.do?fileKey=9d22756942e538db0c4f111649f2f5b4,,unknown,,,,v0.4,review_pending
4c5a40ff40b9c368,소상공인 금융지원 위탁보증 갱신보증 운용기준,소상공인금융지원위탁보증갱신보증운용기준,FULLTEXT_PUBLIC,전문 공개,current,ANCHORS_CONFIRMED,0,소상공인 금융지원 위탁보증 갱신보증 운용기준: 전문 공개,4,ANCHORS_CONFIRMED,공식 원문 본문에서 규정명·개정일·조문을 확인함,2,0,False,2026-09-08T19:20:38+09:00,2026-09-08T19:20:38+09:00,https://www.alio.go.kr/download/rulefiledown.json?fileNo=211351,5620c4999b3f49db9f26c8de557fda69da9fda0fb29888aed175ffb1ba24db2a,pdf,2025.01.23,공개 확인,공개 확인,v0.4,review_pending
193c70663910d6da,소상공인 금융지원 위탁보증 면책기준,소상공인금융지원위탁보증면책기준,EXTRACTION_PENDING,판정대기,current,EXTRACTION_PENDING,1,소상공인 금융지원 위탁보증 면책기준: 판정대기,2,EXTRACTION_PENDING,공식 원문은 발견했으나 본문 추출·확인이 완료되지 않음,2,0,False,2026-09-08T19:20:38+09:00,2026-09-08T19:20:38+09:00,https://www.alio.go.kr/download/rulefiledown.json?fileNo=106047,b46c67ef9c265a3d2c5e448e844b5dd3a1f8b4747d46743b639477e147d1b506,hwp,2020.05.25,공개 확인,공개 확인,v0.4,review_pending
ab13a857bdae4090,소상공인 금융지원 위탁보증 보증료 등 운용기준,소상공인금융지원위탁보증보증료등운용기준,FULLTEXT_PUBLIC,전문 공개,current,ANCHORS_CONFIRMED,0,소상공인 금융지원 위탁보증 보증료 등 운용기준: 전문 공개,4,ANCHORS_CONFIRMED,공식 원문 본문에서 규정명·개정일·조문을 확인함,2,0,False,2026-09-08T19:20:38+09:00,2026-09-08T19:20:38+09:00,https://www.alio.go.kr/download/rulefiledown.json?fileNo=208219,50102ee63578540b87b68d7e1c3eb6be118938ca62c33672ffb804a781ba3f6d,pdf,2024.12.18,공개 확인,공개 확인,v0.4,review_pending
f2527b379ee564f9,소상공인 금융지원 위탁보증 부실관리기준,소상공인금융지원위탁보증부실관리기준,EXTRACTION_PENDING,판정대기,current,EXTRACTION_PENDING,1,소상공인 금융지원 위탁보증 부실관리기준: 판정대기,2,EXTRACTION_PENDING,공식 원문은 발견했으나 본문 추출·확인이 완료되지 않음,2,0,False,2026-09-08T19:20:38+09:00,2026-09-08T19:20:38+09:00,https://www.alio.go.kr/download/rulefiledown.json?fileNo=213431,e9af0ca40168d7d015c5b973a3274076011310ad06be7ef0de9e174893058471,hwp,2025.03.07,공개 확인,공개 확인,v0.4,review_pending
001a54b7b306fbc4,소상공인 금융지원 위탁보증 심사운용기준,소상공인금융지원위탁보증심사운용기준,EXTRACTION_PENDING,판정대기,current,EXTRACTION_PENDING,1,소상공인 금융지원 위탁보증 심사운용기준: 판정대기,2,EXTRACTION_PENDING,공식 원문은 발견했으나 본문 추출·확인이 완료되지 않음,2,0,False,2026-09-08T19:20:38+09:00,2026-09-08T19:20:38+09:00,https://www.alio.go.kr/download/rulefiledown.json?fileNo=144659,ff7847d8c3440d8d3f1536e42c9628e2b6ca54d924136d710b087753442743ee,hwp,2021.12.30,공개 확인,공개 확인,v0.4,review_pending
9d0ec00d6686e29e,소상공인 금융지원 위탁보증 운용요령,소상공인금융지원위탁보증운용요령,EXTRACTION_PENDING,판정대기,current,EXTRACTION_PENDING,1,소상공인 금융지원 위탁보증 운용요령: 판정대기,2,EXTRACTION_PENDING,공식 원문은 발견했으나 본문 추출·확인이 완료되지 않음,2,0,False,2026-09-08T19:20:38+09:00,2026-09-08T19:20:38+09:00,https://www.alio.go.kr/download/rulefiledown.json?fileNo=239684,f6db71bb34e4ca4c5ba72785efced558f8706f2e3e2a5b683093b49203ff81f9,hwp,2026.07.31,공개 확인,공개 확인,v0.4,review_pending
9b8a487dff020935,소상공인 금융지원 위탁보증 제기준,소상공인금융지원위탁보증제기준,NOTICE_ONLY,사전예고만,unknown,NOTICE_EVIDENCE_ONLY,1,소상공인 금융지원 위탁보증 제기준: 사전예고만,2,OFFICIAL_NOTICE_ONLY,사전예고 공식 기록은 있으나 현행 규정 전문을 확인하지 못함,1,0,False,2026-09-08T19:20:38+09:00,2026-09-08T19:20:38+09:00,https://www.kodit.or.kr/common/nttFileDownload.do?fileKey=ad57e61d1b94bf7cc83f9e330931ba50,,unknown,,매칭 불명,매칭 불명,v0.4,review_pending
259fbaac00d7c77f,소상공인 금융지원 위탁보증 조사자료 등 운용기준,소상공인금융지원위탁보증조사자료등운용기준,EXTRACTION_PENDING,판정대기,current,EXTRACTION_PENDING,1,소상공인 금융지원 위탁보증 조사자료 등 운용기준: 판정대기,2,EXTRACTION_PENDING,공식 원문은 발견했으나 본문 추출·확인이 완료되지 않음,2,0,False,2026-09-08T19:20:38+09:00,2026-09-08T19:20:38+09:00,https://www.alio.go.kr/download/rulefiledown.json?fileNo=239686,9b4390137a34e4053ad61fc34fc5ffc0746e0cde1d1c180d816179153dca286b,hwp,2026.07.31,공개 확인,공개 확인,v0.4,review_pending
618ce35c99a8009b,소상공인·자영업자 새출발기금 관련 만기 연장 업무처리방법(위탁보증용),소상공인자영업자새출발기금관련만기연장업무처리방법위탁보증용,EXTRACTION_PENDING,판정대기,current,EXTRACTION_PENDING,1,소상공인·자영업자 새출발기금 관련 만기 연장 업무처리방법(위탁보증용): 판정대기,2,EXTRACTION_PENDING,공식 원문은 발견했으나 본문 추출·확인이 완료되지 않음,1,0,False,2026-09-08T19:20:38+09:00,2026-09-08T19:20:38+09:00,https://www.alio.go.kr/download/rulefiledown.json?fileNo=175762,583e1bf88d4261b5fe202a6bd01e0ed334714eaaa06562f3b9b53d8099c57621,hwp,2023.07.20,,,v0.4,review_pending
a0e8f40453ac42e5,소상공인 저금리대환 갱신보증 운용기준,소상공인저금리대환갱신보증운용기준,NOTICE_ONLY,사전예고만,unknown,NOTICE_EVIDENCE_ONLY,1,소상공인 저금리대환 갱신보증 운용기준: 사전예고만,2,OFFICIAL_NOTICE_ONLY,사전예고 공식 기록은 있으나 현행 규정 전문을 확인하지 못함,1,0,False,2026-09-08T19:20:38+09:00,2026-09-08T19:20:38+09:00,https://www.kodit.or.kr/common/nttFileDownload.do?fileKey=61523421f79f0ce770c5396cd4c4ed2d,,unknown,,매칭 불명,매칭 불명,v0.4,review_pending
44e2543f59c078c6,소상공인 저금리대환 위탁보증 갱신보증 운용기준,소상공인저금리대환위탁보증갱신보증운용기준,FULLTEXT_PUBLIC,전문 공개,current,ANCHORS_CONFIRMED,0,소상공인 저금리대환 위탁보증 갱신보증 운용기준: 전문 공개,4,ANCHORS_CONFIRMED,공식 원문 본문에서 규정명·개정일·조문을 확인함,2,0,False,2026-09-08T19:20:38+09:00,2026-09-08T19:20:38+09:00,https://www.alio.go.kr/download/rulefiledown.json?fileNo=211352,1b5fc625373f392a28afaad2de4bb560920f6d5c77549b8b57250c7afcaefa45,pdf,2025.01.23,공개 확인,공개 확인,v0.4,review_pending
8610bddfd0b8145e,소상공인 저금리대환 위탁보증 면책기준,소상공인저금리대환위탁보증면책기준,EXTRACTION_PENDING,판정대기,current,EXTRACTION_PENDING,1,소상공인 저금리대환 위탁보증 면책기준: 판정대기,2,EXTRACTION_PENDING,공식 원문은 발견했으나 본문 추출·확인이 완료되지 않음,2,0,False,2026-09-08T19:20:38+09:00,2026-09-08T19:20:38+09:00,https://www.alio.go.kr/download/rulefiledown.json?fileNo=158372,b9fae24d935707d5eec1b7e43721f0d0f45deb8f0ced48deefe583c58d88be0e,hwp,2022.09.30,공개 확인,공개 확인,v0.4,review_pending
e0d1b8566042bae4,소상공인 저금리대환 위탁보증 보증료 등 운용기준,소상공인저금리대환위탁보증보증료등운용기준,EXTRACTION_PENDING,판정대기,current,EXTRACTION_PENDING,1,소상공인 저금리대환 위탁보증 보증료 등 운용기준: 판정대기,2,EXTRACTION_PENDING,공식 원문은 발견했으나 본문 추출·확인이 완료되지 않음,2,0,False,2026-09-08T19:20:38+09:00,2026-09-08T19:20:38+09:00,https://www.alio.go.kr/download/rulefiledown.json?fileNo=204710,fe2664fc08d575b9ec00e7000e523d19ffb2941468ebf696bfc713c565ec161b,hwp,2024.10.22,공개 확인,공개 확인,v0.4,review_pending
3ed6d5031def907c,소상공인 저금리대환 위탁보증 부실관리기준,소상공인저금리대환위탁보증부실관리기준,EXTRACTION_PENDING,판정대기,current,EXTRACTION_PENDING,1,소상공인 저금리대환 위탁보증 부실관리기준: 판정대기,2,EXTRACTION_PENDING,공식 원문은 발견했으나 본문 추출·확인이 완료되지 않음,2,0,False,2026-09-08T19:20:38+09:00,2026-09-08T19:20:38+09:00,https://www.alio.go.kr/download/rulefiledown.json?fileNo=158371,ae360fb5f079415aa4fd89cd062936b8f7494cd6a9f5f8fe743161e7a3e1a0a5,hwp,2022.09.30,공개 확인,공개 확인,v0.4,review_pending
38e5d9c85277b138,소상공인 저금리대환 위탁보증 운용기준,소상공인저금리대환위탁보증운용기준,EXTRACTION_PENDING,판정대기,current,EXTRACTION_PENDING,1,소상공인 저금리대환 위탁보증 운용기준: 판정대기,2,EXTRACTION_PENDING,공식 원문은 발견했으나 본문 추출·확인이 완료되지 않음,2,0,False,2026-09-08T19:20:38+09:00,2026-09-08T19:20:38+09:00,https://www.alio.go.kr/download/rulefiledown.json?fileNo=202964,c9fa6a8c724a50833cd9687819b1ba132f0f80ee15fbbb6d51f93e0f16d5ee15,hwp,2024.08.30,공개 확인,공개 확인,v0.4,review_pending
96aebcf4fae91d35,소상공인 저금리대환 위탁보증 운용요령,소상공인저금리대환위탁보증운용요령,EXTRACTION_PENDING,판정대기,current,EXTRACTION_PENDING,1,소상공인 저금리대환 위탁보증 운용요령: 판정대기,2,EXTRACTION_PENDING,공식 원문은 발견했으나 본문 추출·확인이 완료되지 않음,2,0,False,2026-09-08T19:20:38+09:00,2026-09-08T19:20:38+09:00,https://www.alio.go.kr/download/rulefiledown.json?fileNo=239687,fa2c9203958944b5b4bc006580f81a49482299eb8619759e9edea487ec78316f,hwp,2026.07.31,공개 확인,공개 확인,v0.4,review_pending
0d27b730e9d97c68,소상공인 저금리대환 위탁보증 제기준,소상공인저금리대환위탁보증제기준,NOTICE_ONLY,사전예고만,unknown,NOTICE_EVIDENCE_ONLY,1,소상공인 저금리대환 위탁보증 제기준: 사전예고만,2,OFFICIAL_NOTICE_ONLY,사전예고 공식 기록은 있으나 현행 규정 전문을 확인하지 못함,1,0,False,2026-09-08T19:20:38+09:00,2026-09-08T19:20:38+09:00,https://www.kodit.or.kr/common/nttFileDownload.do?fileKey=9d63f634ca6a07c5abc9114a1d09df66,,unknown,,매칭 불명,매칭 불명,v0.4,review_pending
002f42cbfcfa5f2e,소상공인 저금리대환 위탁보증 조사자료 등 운용기준,소상공인저금리대환위탁보증조사자료등운용기준,EXTRACTION_PENDING,판정대기,current,EXTRACTION_PENDING,1,소상공인 저금리대환 위탁보증 조사자료 등 운용기준: 판정대기,2,EXTRACTION_PENDING,공식 원문은 발견했으나 본문 추출·확인이 완료되지 않음,2,0,False,2026-09-08T19:20:38+09:00,2026-09-08T19:20:38+09:00,https://www.alio.go.kr/download/rulefiledown.json?fileNo=239688,c5e148fc9a00a84c6bc4f4c249b2270cf2d28d31f90c79cc157319f103b93446,hwp,2026.07.31,공개 확인,공개 확인,v0.4,review_pending
431a37e988397469,소셜벤처보증업무처리방법,소셜벤처보증업무처리방법,NOTICE_ONLY,사전예고만,abolished,NOTICE_EVIDENCE_ONLY,1,소셜벤처보증업무처리방법: 사전예고만,2,OFFICIAL_NOTICE_ONLY,사전예고 공식 기록은 있으나 현행 규정 전문을 확인하지 못함,1,0,False,2026-09-08T19:20:38+09:00,2026-09-08T19:20:38+09:00,https://www.kodit.or.kr/common/nttFileDownload.do?fileKey=c526ca7f708ff9d19af78a2b11439593,,unknown,,사전예고만 확인,사전예고만 확인,v0.4,review_pending
c6ad4715609572d0,소셜스타트업 보증 업무처리방법,소셜스타트업보증업무처리방법,NOTICE_ONLY,사전예고만,unknown,NOTICE_EVIDENCE_ONLY,1,소셜스타트업 보증 업무처리방법: 사전예고만,2,OFFICIAL_NOTICE_ONLY,사전예고 공식 기록은 있으나 현행 규정 전문을 확인하지 못함,1,0,False,2026-09-08T19:20:38+09:00,2026-09-08T19:20:38+09:00,https://www.kodit.or.kr/common/nttFileDownload.do?fileKey=63a4584c296985c37670d840df1d645d,,unknown,,사전예고만 확인,사전예고만 확인,v0.4,review_pending
329c68db7a30b59b,소송업무 처리기준,소송업무처리기준,NOTICE_ONLY,사전예고만,unknown,NOTICE_EVIDENCE_ONLY,1,소송업무 처리기준: 사전예고만,2,OFFICIAL_NOTICE_ONLY,사전예고 공식 기록은 있으나 현행 규정 전문을 확인하지 못함,1,0,False,2026-09-08T19:20:38+09:00,2026-09-08T19:20:38+09:00,https://www.kodit.or.kr/common/nttFileDownload.do?fileKey=e8fac153025163789d206a06aae1d1d1,,unknown,,사전예고만 확인,사전예고만 확인,v0.4,review_pending
ade6bf10a8513b58,소송위임 변호사 선임 및 활용기준,소송위임변호사선임및활용기준,NOTICE_ONLY,사전예고만,unknown,NOTICE_EVIDENCE_ONLY,1,소송위임 변호사 선임 및 활용기준: 사전예고만,2,OFFICIAL_NOTICE_ONLY,사전예고 공식 기록은 있으나 현행 규정 전문을 확인하지 못함,1,0,False,2026-09-08T19:20:38+09:00,2026-09-08T19:20:38+09:00,https://www.kodit.or.kr/common/nttFileDownload.do?fileKey=5ace698d3a2f66645237a92be3a90d05,,unknown,,사전예고만 확인,사전예고만 확인,v0.4,review_pending
77e9a3bbe5c6d243,소액포괄형보험운용기준,소액포괄형보험운용기준,NOTICE_ONLY,사전예고만,unknown,NOTICE_EVIDENCE_ONLY,1,소액포괄형보험운용기준: 사전예고만,2,OFFICIAL_NOTICE_ONLY,사전예고 공식 기록은 있으나 현행 규정 전문을 확인하지 못함,1,0,False,2026-09-08T19:20:38+09:00,2026-09-08T19:20:38+09:00,https://www.kodit.or.kr/common/nttFileDownload.do?fileKey=71bdd9ec8d44a5847bf4dcde05bb4dc3,,unknown,,사전예고만 확인,사전예고만 확인,v0.4,review_pending
705997c3599d1c14,소위원회 운영기준,소위원회운영기준,NOTICE_ONLY,사전예고만,unknown,NOTICE_EVIDENCE_ONLY,1,소위원회 운영기준: 사전예고만,2,OFFICIAL_NOTICE_ONLY,사전예고 공식 기록은 있으나 현행 규정 전문을 확인하지 못함,1,0,False,2026-09-08T19:20:38+09:00,2026-09-08T19:20:38+09:00,https://www.kodit.or.kr/common/nttFileDownload.do?fileKey=a0ad36f2f03f00e565cc037fa5204f87,,unknown,,사전예고만 확인,사전예고만 확인,v0.4,review_pending
50c51a1a31e7d320,소재·부품·장비분야 경쟁력강화 및 공급망 안정화 보증프로그램 운용기준,소재부품장비분야경쟁력강화및공급망안정화보증프로그램운용기준,NOTICE_ONLY,사전예고만,unknown,NOTICE_EVIDENCE_ONLY,1,소재·부품·장비분야 경쟁력강화 및 공급망 안정화 보증프로그램 운용기준: 사전예고만,2,OFFICIAL_NOTICE_ONLY,사전예고 공식 기록은 있으나 현행 규정 전문을 확인하지 못함,1,0,False,2026-09-08T19:20:38+09:00,2026-09-08T19:20:38+09:00,https://www.kodit.or.kr/common/nttFileDownload.do?fileKey=f23fa8e15072e23595f2af45b34fcf07,,unknown,,사전예고만 확인,사전예고만 확인,v0.4,review_pending
5fd4e0d35c6f3c28,소재·부품·장비분야 경쟁력강화 보증프로그램 운용기준,소재부품장비분야경쟁력강화보증프로그램운용기준,NOTICE_ONLY,사전예고만,unknown,NOTICE_EVIDENCE_ONLY,1,소재·부품·장비분야 경쟁력강화 보증프로그램 운용기준: 사전예고만,2,OFFICIAL_NOTICE_ONLY,사전예고 공식 기록은 있으나 현행 규정 전문을 확인하지 못함,1,0,False,2026-09-08T19:20:38+09:00,2026-09-08T19:20:38+09:00,https://www.kodit.or.kr/common/nttFileDownload.do?fileKey=c4ff02132db8a631ef2989c9fd07bb85,,unknown,,사전예고만 확인,사전예고만 확인,v0.4,review_pending
5fd4e0d35c6f3c28,소재・부품・장비분야 경쟁력강화 보증프로그램 운용기준,소재부품장비분야경쟁력강화보증프로그램운용기준,NOTICE_ONLY,사전예고만,unknown,NOTICE_EVIDENCE_ONLY,1,소재・부품・장비분야 경쟁력강화 보증프로그램 운용기준: 사전예고만,2,OFFICIAL_NOTICE_ONLY,사전예고 공식 기록은 있으나 현행 규정 전문을 확인하지 못함,1,0,False,2026-09-08T19:20:38+09:00,2026-09-08T19:20:38+09:00,https://www.kodit.or.kr/common/nttFileDownload.do?fileKey=10214dc6c28d958067437b20db1876f5,,unknown,,사전예고만 확인,사전예고만 확인,v0.4,review_pending
5fd4e0d35c6f3c28,소재부품장비분야 경쟁력강화 보증프로그램 운용기준,소재부품장비분야경쟁력강화보증프로그램운용기준,NOTICE_ONLY,사전예고만,unknown,NOTICE_EVIDENCE_ONLY,1,소재부품장비분야 경쟁력강화 보증프로그램 운용기준: 사전예고만,2,OFFICIAL_NOTICE_ONLY,사전예고 공식 기록은 있으나 현행 규정 전문을 확인하지 못함,1,0,False,2026-09-08T19:20:38+09:00,2026-09-08T19:20:38+09:00,https://www.kodit.or.kr/common/nttFileDownload.do?fileKey=0bf3c498840e62bf539b0296d642424a,,unknown,,사전예고만 확인,사전예고만 확인,v0.4,review_pending
5f1594fa02269b2c,소재·부품·장비 협력모델 기업에 대한 특례보증 운용기준,소재부품장비협력모델기업에대한특례보증운용기준,NOTICE_ONLY,사전예고만,unknown,NOTICE_EVIDENCE_ONLY,1,소재·부품·장비 협력모델 기업에 대한 특례보증 운용기준: 사전예고만,2,OFFICIAL_NOTICE_ONLY,사전예고 공식 기록은 있으나 현행 규정 전문을 확인하지 못함,1,0,False,2026-09-08T19:20:38+09:00,2026-09-08T19:20:38+09:00,https://www.kodit.or.kr/common/nttFileDownload.do?fileKey=10214dc6c28d958067437b20db1876f5,,unknown,,사전예고만 확인,사전예고만 확인,v0.4,review_pending
5f1594fa02269b2c,소재부품장비 협력모델 기업에 대한 특례보증 운용기준,소재부품장비협력모델기업에대한특례보증운용기준,NOTICE_ONLY,사전예고만,unknown,NOTICE_EVIDENCE_ONLY,1,소재부품장비 협력모델 기업에 대한 특례보증 운용기준: 사전예고만,2,OFFICIAL_NOTICE_ONLY,사전예고 공식 기록은 있으나 현행 규정 전문을 확인하지 못함,1,0,False,2026-09-08T19:20:38+09:00,2026-09-08T19:20:38+09:00,https://www.kodit.or.kr/common/nttFileDownload.do?fileKey=0bf3c498840e62bf539b0296d642424a,,unknown,,사전예고만 확인,사전예고만 확인,v0.4,review_pending
ca2adfd97df90e56,손해금률 변경 통보,손해금률변경통보,EXTRACTION_PENDING,판정대기,current,EXTRACTION_PENDING,1,손해금률 변경 통보: 판정대기,2,EXTRACTION_PENDING,공식 원문은 발견했으나 본문 추출·확인이 완료되지 않음,1,0,False,2026-09-08T19:20:38+09:00,2026-09-08T19:20:38+09:00,https://www.alio.go.kr/download/rulefiledown.json?fileNo=204460,cd524dd2308ac472fe50aa98d5d57343e34cf13ed535ff5ca2260799baef4c6a,hwp,2024.10.16,,,v0.4,review_pending
572f3c7dfcd70f69,수출기업 특례보증 업무처리방법,수출기업특례보증업무처리방법,NOTICE_ONLY,사전예고만,abolished,NOTICE_EVIDENCE_ONLY,1,수출기업 특례보증 업무처리방법: 사전예고만,2,OFFICIAL_NOTICE_ONLY,사전예고 공식 기록은 있으나 현행 규정 전문을 확인하지 못함,1,0,False,2026-09-08T19:20:38+09:00,2026-09-08T19:20:38+09:00,https://www.kodit.or.kr/common/nttFileDownload.do?fileKey=1d05c1126c457d7ffb8ea1d49088a78b,,unknown,,사전예고만 확인,사전예고만 확인,v0.4,review_pending
46565522e34d2459,수출입금융에 대한보증 운용기준,수출입금융에대한보증운용기준,NOTICE_ONLY,사전예고만,unknown,NOTICE_EVIDENCE_ONLY,1,수출입금융에 대한보증 운용기준: 사전예고만,2,OFFICIAL_NOTICE_ONLY,사전예고 공식 기록은 있으나 현행 규정 전문을 확인하지 못함,1,0,False,2026-09-08T19:20:38+09:00,2026-09-08T19:20:38+09:00,https://www.kodit.or.kr/common/nttFileDownload.do?fileKey=10214dc6c28d958067437b20db1876f5,,unknown,,사전예고만 확인,사전예고만 확인,v0.4,review_pending
15174ca8e042ee1f,수출중소기업에 대한 보증 운용기준,수출중소기업에대한보증운용기준,NOTICE_ONLY,사전예고만,unknown,NOTICE_EVIDENCE_ONLY,1,수출중소기업에 대한 보증 운용기준: 사전예고만,2,OFFICIAL_NOTICE_ONLY,사전예고 공식 기록은 있으나 현행 규정 전문을 확인하지 못함,1,0,False,2026-09-08T19:20:38+09:00,2026-09-08T19:20:38+09:00,https://www.kodit.or.kr/common/nttFileDownload.do?fileKey=d4df2c63ea10efcc451fff180dfd0c63,,unknown,,사전예고만 확인,사전예고만 확인,v0.4,review_pending
ac17b58c838c6f9f,수출중소기업에 대한 보증프로그램 운용기준,수출중소기업에대한보증프로그램운용기준,NOTICE_ONLY,사전예고만,unknown,NOTICE_EVIDENCE_ONLY,1,수출중소기업에 대한 보증프로그램 운용기준: 사전예고만,2,OFFICIAL_NOTICE_ONLY,사전예고 공식 기록은 있으나 현행 규정 전문을 확인하지 못함,1,0,False,2026-09-08T19:20:38+09:00,2026-09-08T19:20:38+09:00,https://www.kodit.or.kr/common/nttFileDownload.do?fileKey=b923c2ce2cd0b356a2cccc5eba6acb9a,,unknown,,매칭 불명,매칭 불명,v0.4,review_pending
44a64c01152a5abc,수출중소기업 종합지원 프로그램 운용기준,수출중소기업종합지원프로그램운용기준,NOTICE_ONLY,사전예고만,unknown,NOTICE_EVIDENCE_ONLY,1,수출중소기업 종합지원 프로그램 운용기준: 사전예고만,2,OFFICIAL_NOTICE_ONLY,사전예고 공식 기록은 있으나 현행 규정 전문을 확인하지 못함,1,0,False,2026-09-08T19:20:38+09:00,2026-09-08T19:20:38+09:00,https://www.kodit.or.kr/common/nttFileDownload.do?fileKey=252a2e93ed4c2913b21fba11183301a6,,unknown,,사전예고만 확인,사전예고만 확인,v0.4,review_pending
b880cd4bba91e1b0,수출 지원 보증프로그램 운용기준,수출지원보증프로그램운용기준,NOTICE_ONLY,사전예고만,unknown,NOTICE_EVIDENCE_ONLY,1,수출 지원 보증프로그램 운용기준: 사전예고만,2,OFFICIAL_NOTICE_ONLY,사전예고 공식 기록은 있으나 현행 규정 전문을 확인하지 못함,1,0,False,2026-09-08T19:20:38+09:00,2026-09-08T19:20:38+09:00,https://www.kodit.or.kr/common/nttFileDownload.do?fileKey=3df23928d4276d85cd917339aa0ff854,,unknown,,매칭 불명,매칭 불명,v0.4,review_pending
f98447b3a3b91784,스마트공장 특화지원 프로그램 운용기준,스마트공장특화지원프로그램운용기준,NOTICE_ONLY,사전예고만,unknown,NOTICE_EVIDENCE_ONLY,1,스마트공장 특화지원 프로그램 운용기준: 사전예고만,2,OFFICIAL_NOTICE_ONLY,사전예고 공식 기록은 있으나 현행 규정 전문을 확인하지 못함,1,0,False,2026-09-08T19:20:38+09:00,2026-09-08T19:20:38+09:00,https://www.kodit.or.kr/common/nttFileDownload.do?fileKey=df9d1a45c0b6d25b98c47825fc3f90db,,unknown,,매칭 불명,매칭 불명,v0.4,review_pending
42ce6038a7bc14e4,스마트업보험 운용기준,스마트업보험운용기준,NOTICE_ONLY,사전예고만,unknown,NOTICE_EVIDENCE_ONLY,1,스마트업보험 운용기준: 사전예고만,2,OFFICIAL_NOTICE_ONLY,사전예고 공식 기록은 있으나 현행 규정 전문을 확인하지 못함,1,0,False,2026-09-08T19:20:38+09:00,2026-09-08T19:20:38+09:00,https://www.kodit.or.kr/common/nttFileDownload.do?fileKey=71bdd9ec8d44a5847bf4dcde05bb4dc3,,unknown,,사전예고만 확인,사전예고만 확인,v0.4,review_pending
4caa9339db83a090,스타트업매출채권보험운용기준,스타트업매출채권보험운용기준,NOTICE_ONLY,사전예고만,unknown,NOTICE_EVIDENCE_ONLY,1,스타트업매출채권보험운용기준: 사전예고만,2,OFFICIAL_NOTICE_ONLY,사전예고 공식 기록은 있으나 현행 규정 전문을 확인하지 못함,1,0,False,2026-09-08T19:20:38+09:00,2026-09-08T19:20:38+09:00,https://www.kodit.or.kr/common/nttFileDownload.do?fileKey=f762e84e0b550bc30d6f51e27139f857,,unknown,,사전예고만 확인,사전예고만 확인,v0.4,review_pending
2da1969e311dc303,스타트업보험운용기준,스타트업보험운용기준,NOTICE_ONLY,사전예고만,unknown,NOTICE_EVIDENCE_ONLY,1,스타트업보험운용기준: 사전예고만,2,OFFICIAL_NOTICE_ONLY,사전예고 공식 기록은 있으나 현행 규정 전문을 확인하지 못함,1,0,False,2026-09-08T19:20:38+09:00,2026-09-08T19:20:38+09:00,https://www.kodit.or.kr/common/nttFileDownload.do?fileKey=71bdd9ec8d44a5847bf4dcde05bb4dc3,,unknown,,사전예고만 확인,사전예고만 확인,v0.4,review_pending
d2ebf5201c8a3cdd,스타트업 스마트보증 운용기준,스타트업스마트보증운용기준,NOTICE_ONLY,사전예고만,unknown,NOTICE_EVIDENCE_ONLY,1,스타트업 스마트보증 운용기준: 사전예고만,2,OFFICIAL_NOTICE_ONLY,사전예고 공식 기록은 있으나 현행 규정 전문을 확인하지 못함,1,0,False,2026-09-08T19:20:38+09:00,2026-09-08T19:20:38+09:00,https://www.kodit.or.kr/common/nttFileDownload.do?fileKey=5d75cc6e7411210d86addcadf8749053,,unknown,,사전예고만 확인,사전예고만 확인,v0.4,review_pending
bfcd3a9203489c67,스타트업 육성 플랫폼(Start-up NEST) 운용기준,스타트업육성플랫폼startupnest운용기준,NOTICE_ONLY,사전예고만,unknown,NOTICE_EVIDENCE_ONLY,1,스타트업 육성 플랫폼(Start-up NEST) 운용기준: 사전예고만,2,OFFICIAL_NOTICE_ONLY,사전예고 공식 기록은 있으나 현행 규정 전문을 확인하지 못함,1,0,False,2026-09-08T19:20:38+09:00,2026-09-08T19:20:38+09:00,https://www.kodit.or.kr/common/nttFileDownload.do?fileKey=9c38e720a1370ca4a16935078cdcdce8,,unknown,,사전예고만 확인,사전예고만 확인,v0.4,review_pending
956260ac06ecf337,스타트업 육성 플랫폼 운용기준,스타트업육성플랫폼운용기준,NOTICE_ONLY,사전예고만,unknown,NOTICE_EVIDENCE_ONLY,1,스타트업 육성 플랫폼 운용기준: 사전예고만,2,OFFICIAL_NOTICE_ONLY,사전예고 공식 기록은 있으나 현행 규정 전문을 확인하지 못함,1,0,False,2026-09-08T19:20:38+09:00,2026-09-08T19:20:38+09:00,https://www.kodit.or.kr/common/nttFileDownload.do?fileKey=9c38e720a1370ca4a16935078cdcdce8,,unknown,,사전예고만 확인,사전예고만 확인,v0.4,review_pending
fe521ffe80892773,스타트업 특화보증 프로그램 운용기준,스타트업특화보증프로그램운용기준,NOTICE_ONLY,사전예고만,unknown,NOTICE_EVIDENCE_ONLY,1,스타트업 특화보증 프로그램 운용기준: 사전예고만,2,OFFICIAL_NOTICE_ONLY,사전예고 공식 기록은 있으나 현행 규정 전문을 확인하지 못함,1,0,False,2026-09-08T19:20:38+09:00,2026-09-08T19:20:38+09:00,https://www.kodit.or.kr/common/nttFileDownload.do?fileKey=cd99c1387902702642006e17b4aa2bbd,,unknown,,사전예고만 확인,사전예고만 확인,v0.4,review_pending
dc3a2c592c07877f,스핀오프 Start-up 보증 업무처리방법,스핀오프startup보증업무처리방법,NOTICE_ONLY,사전예고만,unknown,NOTICE_EVIDENCE_ONLY,1,스핀오프 Start-up 보증 업무처리방법: 사전예고만,2,OFFICIAL_NOTICE_ONLY,사전예고 공식 기록은 있으나 현행 규정 전문을 확인하지 못함,1,0,False,2026-09-08T19:20:38+09:00,2026-09-08T19:20:38+09:00,https://www.kodit.or.kr/common/nttFileDownload.do?fileKey=197b58a6ff14b5d601a47b99835267e9,,unknown,,사전예고만 확인,사전예고만 확인,v0.4,review_pending
c146e8747fdbf755,스핀오프 Start-up 보증 운용기준,스핀오프startup보증운용기준,NOTICE_ONLY,사전예고만,unknown,NOTICE_EVIDENCE_ONLY,1,스핀오프 Start-up 보증 운용기준: 사전예고만,2,OFFICIAL_NOTICE_ONLY,사전예고 공식 기록은 있으나 현행 규정 전문을 확인하지 못함,1,0,False,2026-09-08T19:20:38+09:00,2026-09-08T19:20:38+09:00,https://www.kodit.or.kr/common/nttFileDownload.do?fileKey=4b491fa30ea2fc44444a6687ade834fa,,unknown,,사전예고만 확인,사전예고만 확인,v0.4,review_pending
ce7fd8120ed51c4f,시설·운전 패키지 특례보증 업무처리방법,시설운전패키지특례보증업무처리방법,EXTRACTION_PENDING,판정대기,current,EXTRACTION_PENDING,1,시설·운전 패키지 특례보증 업무처리방법: 판정대기,2,EXTRACTION_PENDING,공식 원문은 발견했으나 본문 추출·확인이 완료되지 않음,1,0,False,2026-09-08T19:20:38+09:00,2026-09-08T19:20:38+09:00,https://www.alio.go.kr/download/rulefiledown.json?fileNo=239103,a57b44c0a21e4ab166388d3f74870831cea029f0a52f2858ea69f1fad45fb88a,hwp,2026.07.16,,,v0.4,review_pending
945b561ff5a34106,시설자금보증에 대한 특례조치,시설자금보증에대한특례조치,NOTICE_ONLY,사전예고만,unknown,NOTICE_EVIDENCE_ONLY,1,시설자금보증에 대한 특례조치: 사전예고만,2,OFFICIAL_NOTICE_ONLY,사전예고 공식 기록은 있으나 현행 규정 전문을 확인하지 못함,1,0,False,2026-09-08T19:20:38+09:00,2026-09-08T19:20:38+09:00,https://www.kodit.or.kr/common/nttFileDownload.do?fileKey=9de7cf13481f336eb461ca167c19924d,,unknown,,,,v0.4,review_pending
0817f66e28b852a1,시설자금에대한보증운용기준,시설자금에대한보증운용기준,NOTICE_ONLY,사전예고만,abolished,NOTICE_EVIDENCE_ONLY,1,시설자금에대한보증운용기준: 사전예고만,2,OFFICIAL_NOTICE_ONLY,사전예고 공식 기록은 있으나 현행 규정 전문을 확인하지 못함,1,0,False,2026-09-08T19:20:38+09:00,2026-09-08T19:20:38+09:00,https://www.kodit.or.kr/common/nttFileDownload.do?fileKey=617ed0a25ec226881f51e1acd5ecf441,,unknown,,사전예고만 확인,사전예고만 확인,v0.4,review_pending
c88b0b4ada62128e,시설자금 특례보증 운영기준,시설자금특례보증운영기준,NOTICE_ONLY,사전예고만,unknown,NOTICE_EVIDENCE_ONLY,1,시설자금 특례보증 운영기준: 사전예고만,2,OFFICIAL_NOTICE_ONLY,사전예고 공식 기록은 있으나 현행 규정 전문을 확인하지 못함,1,0,False,2026-09-08T19:20:38+09:00,2026-09-08T19:20:38+09:00,https://www.kodit.or.kr/common/nttFileDownload.do?fileKey=013f16a3356e04c7c7f5ead232a0bda2,,unknown,,사전예고만 확인,사전예고만 확인,v0.4,review_pending
8241de1da08adeb6,시설자금 특례보증 운용기준,시설자금특례보증운용기준,NOTICE_ONLY,사전예고만,unknown,NOTICE_EVIDENCE_ONLY,1,시설자금 특례보증 운용기준: 사전예고만,2,OFFICIAL_NOTICE_ONLY,사전예고 공식 기록은 있으나 현행 규정 전문을 확인하지 못함,1,0,False,2026-09-08T19:20:38+09:00,2026-09-08T19:20:38+09:00,https://www.kodit.or.kr/common/nttFileDownload.do?fileKey=db5ec4684e69c8baa66998ec1299c95a,,unknown,,사전예고만 확인,사전예고만 확인,v0.4,review_pending
5ab7707c01bcc555,시장안정유동화회사보증업무처리방법,시장안정유동화회사보증업무처리방법,NOTICE_ONLY,사전예고만,unknown,NOTICE_EVIDENCE_ONLY,1,시장안정유동화회사보증업무처리방법: 사전예고만,2,OFFICIAL_NOTICE_ONLY,사전예고 공식 기록은 있으나 현행 규정 전문을 확인하지 못함,1,0,False,2026-09-08T19:20:38+09:00,2026-09-08T19:20:38+09:00,https://www.kodit.or.kr/common/nttFileDownload.do?fileKey=d63e756dddd43cd2deb554eab0b1caf5,,unknown,,매칭 불명,매칭 불명,v0.4,review_pending
51d204550b55a5b1,시행기준,시행기준,NOTICE_ONLY,사전예고만,abolished,NOTICE_EVIDENCE_ONLY,1,시행기준: 사전예고만,2,OFFICIAL_NOTICE_ONLY,사전예고 공식 기록은 있으나 현행 규정 전문을 확인하지 못함,1,0,False,2026-09-08T19:20:38+09:00,2026-09-08T19:20:38+09:00,https://www.kodit.or.kr/common/nttFileDownload.do?fileKey=955398f815182e8872a21317c063ef2d,,unknown,,사전예고만 확인,사전예고만 확인,v0.4,review_pending
dbfdb7190b0b57f8,신성장동력산업 영위 기업에 대한 보증 운용기준,신성장동력산업영위기업에대한보증운용기준,NOTICE_ONLY,사전예고만,abolished,NOTICE_EVIDENCE_ONLY,1,신성장동력산업 영위 기업에 대한 보증 운용기준: 사전예고만,2,OFFICIAL_NOTICE_ONLY,사전예고 공식 기록은 있으나 현행 규정 전문을 확인하지 못함,1,0,False,2026-09-08T19:20:38+09:00,2026-09-08T19:20:38+09:00,https://www.kodit.or.kr/common/nttFileDownload.do?fileKey=e13492667caed53fd4e3159dc95acb0e,,unknown,,사전예고만 확인,사전예고만 확인,v0.4,review_pending
ed3deb1bb93a5571,신성장동력산업 육성 보증프로그램 운용기준,신성장동력산업육성보증프로그램운용기준,NOTICE_ONLY,사전예고만,unknown,NOTICE_EVIDENCE_ONLY,1,신성장동력산업 육성 보증프로그램 운용기준: 사전예고만,2,OFFICIAL_NOTICE_ONLY,사전예고 공식 기록은 있으나 현행 규정 전문을 확인하지 못함,1,0,False,2026-09-08T19:20:38+09:00,2026-09-08T19:20:38+09:00,https://www.kodit.or.kr/common/nttFileDownload.do?fileKey=70922726af2bb4c5ef364467f0e4e49b,,unknown,,사전예고만 확인,사전예고만 확인,v0.4,review_pending
0bc89d9824a1f9bf,신속 금융지원 프로그램 업무처리기준,신속금융지원프로그램업무처리기준,EXTRACTION_PENDING,판정대기,current,EXTRACTION_PENDING,1,신속 금융지원 프로그램 업무처리기준: 판정대기,2,EXTRACTION_PENDING,공식 원문은 발견했으나 본문 추출·확인이 완료되지 않음,2,0,False,2026-09-08T19:20:38+09:00,2026-09-08T19:20:38+09:00,https://www.alio.go.kr/download/rulefiledown.json?fileNo=218878,6b41d361413497c278defcc1d3de60b55225c8b414687fd62f9aac1318979922,hwp,2025.07.18,공개 확인,공개 확인,v0.4,review_pending
34f9aafbe814e680,신속위기대응 특례보증 운용기준,신속위기대응특례보증운용기준,NOTICE_ONLY,사전예고만,unknown,NOTICE_EVIDENCE_ONLY,1,신속위기대응 특례보증 운용기준: 사전예고만,2,OFFICIAL_NOTICE_ONLY,사전예고 공식 기록은 있으나 현행 규정 전문을 확인하지 못함,1,0,False,2026-09-08T19:20:38+09:00,2026-09-08T19:20:38+09:00,https://www.kodit.or.kr/common/nttFileDownload.do?fileKey=dbc5eccd612e1d668f463b0c88fa93f7,,unknown,,사전예고만 확인,사전예고만 확인,v0.4,review_pending
4f1857212c589d65,신용감리기준,신용감리기준,NOTICE_ONLY,사전예고만,unknown,NOTICE_EVIDENCE_ONLY,1,신용감리기준: 사전예고만,2,OFFICIAL_NOTICE_ONLY,사전예고 공식 기록은 있으나 현행 규정 전문을 확인하지 못함,1,0,False,2026-09-08T19:20:38+09:00,2026-09-08T19:20:38+09:00,https://www.kodit.or.kr/common/nttFileDownload.do?fileKey=9db31835f97736b02abf6b54b07b6ade,,unknown,,사전예고만 확인,사전예고만 확인,v0.4,review_pending
be2ff85a6e671ad6,신용관리 프로그램 운용기준,신용관리프로그램운용기준,NOTICE_ONLY,사전예고만,abolished,NOTICE_EVIDENCE_ONLY,1,신용관리 프로그램 운용기준: 사전예고만,2,OFFICIAL_NOTICE_ONLY,사전예고 공식 기록은 있으나 현행 규정 전문을 확인하지 못함,1,0,False,2026-09-08T19:20:38+09:00,2026-09-08T19:20:38+09:00,https://www.kodit.or.kr/common/nttFileDownload.do?fileKey=a3355cf5a30477a417174b5ccb3703b0,,unknown,,사전예고만 확인,사전예고만 확인,v0.4,review_pending
1bc994b209c2a75d,신용등급평가표 운용기준,신용등급평가표운용기준,NOTICE_ONLY,사전예고만,unknown,NOTICE_EVIDENCE_ONLY,1,신용등급평가표 운용기준: 사전예고만,2,OFFICIAL_NOTICE_ONLY,사전예고 공식 기록은 있으나 현행 규정 전문을 확인하지 못함,1,0,False,2026-09-08T19:20:38+09:00,2026-09-08T19:20:38+09:00,https://www.kodit.or.kr/common/nttFileDownload.do?fileKey=c29d3c84817503c4ec2342d379d0bc36,,unknown,,사전예고만 확인,사전예고만 확인,v0.4,review_pending
b0a30ddf28a3ee52,신용보증건전도_평가기준,신용보증건전도평가기준,NOTICE_ONLY,사전예고만,unknown,NOTICE_EVIDENCE_ONLY,1,신용보증건전도_평가기준: 사전예고만,2,OFFICIAL_NOTICE_ONLY,사전예고 공식 기록은 있으나 현행 규정 전문을 확인하지 못함,1,0,False,2026-09-08T19:20:38+09:00,2026-09-08T19:20:38+09:00,https://www.kodit.or.kr/common/nttFileDownload.do?fileKey=9db31835f97736b02abf6b54b07b6ade,,unknown,,사전예고만 확인,사전예고만 확인,v0.4,review_pending
9289344a266900b6,신용보증규정,신용보증규정,FULLTEXT_PUBLIC,전문 공개,current,ANCHORS_CONFIRMED,0,신용보증규정: 전문 공개,4,ANCHORS_CONFIRMED,공식 원문 본문에서 규정명·개정일·조문을 확인함,2,0,False,2026-09-08T19:20:38+09:00,2026-09-08T19:20:38+09:00,https://www.alio.go.kr/download/rulefiledown.json?fileNo=236603,c310b23fc47c64eb35eb54f3d8d0657d1f848e7417763546179e60314fde0b2f,pdf,2026.06.01,공개 확인,공개 확인,v0.4,review_pending
c1f936c8b968cd67,신용보증기금및산업기반신용보증기금자산운용지침,신용보증기금및산업기반신용보증기금자산운용지침,NOTICE_ONLY,사전예고만,unknown,NOTICE_EVIDENCE_ONLY,1,신용보증기금및산업기반신용보증기금자산운용지침: 사전예고만,2,OFFICIAL_NOTICE_ONLY,사전예고 공식 기록은 있으나 현행 규정 전문을 확인하지 못함,1,0,False,2026-09-08T19:20:38+09:00,2026-09-08T19:20:38+09:00,https://www.kodit.or.kr/common/nttFileDownload.do?fileKey=993a252aa11ec05fda56507b56bf5b00,,unknown,,사전예고만 확인,사전예고만 확인,v0.4,review_pending
019ba9b28b9d741e,신용보증기금 업무에 대한 제3자의 부당 개입 대응기준,신용보증기금업무에대한제3자의부당개입대응기준,NOTICE_ONLY,사전예고만,unknown,NOTICE_EVIDENCE_ONLY,1,신용보증기금 업무에 대한 제3자의 부당 개입 대응기준: 사전예고만,2,OFFICIAL_NOTICE_ONLY,사전예고 공식 기록은 있으나 현행 규정 전문을 확인하지 못함,1,0,False,2026-09-08T19:20:38+09:00,2026-09-08T19:20:38+09:00,https://www.kodit.or.kr/common/nttFileDownload.do?fileKey=31c5b224582f045606d93960a6861117,,unknown,,사전예고만 확인,사전예고만 확인,v0.4,review_pending
ded0fd493a66c664,신용보증기금 임직원 행동강령,신용보증기금임직원행동강령,EXTRACTION_PENDING,판정대기,current,EXTRACTION_PENDING,1,신용보증기금 임직원 행동강령: 판정대기,2,EXTRACTION_PENDING,공식 원문은 발견했으나 본문 추출·확인이 완료되지 않음,2,0,False,2026-09-08T19:20:38+09:00,2026-09-08T19:20:38+09:00,https://www.alio.go.kr/download/rulefiledown.json?fileNo=237944,4fcc5f160f3c165a10901cbe0e7c9ebab5c87950223abd669c4102d77a0a4f83,hwp,2026.06.24,,,v0.4,review_pending
9b15e6bb1f6b9d85,신용보증기금 정관,신용보증기금정관,EXTRACTION_PENDING,판정대기,current,EXTRACTION_PENDING,1,신용보증기금 정관: 판정대기,2,EXTRACTION_PENDING,공식 원문은 발견했으나 본문 추출·확인이 완료되지 않음,2,0,False,2026-09-08T19:20:38+09:00,2026-09-08T19:20:38+09:00,https://www.alio.go.kr/download/rulefiledown.json?fileNo=222461,796c0a24f4c0f212cf314e902ea10cc54113242b73cba7dc5a2245059efea1b1,hwp,2025.10.02,,,v0.4,review_pending
12f179331e3262b1,신용보증기금 중소기업 경영지원단 운영기준,신용보증기금중소기업경영지원단운영기준,NOTICE_ONLY,사전예고만,unknown,NOTICE_EVIDENCE_ONLY,1,신용보증기금 중소기업 경영지원단 운영기준: 사전예고만,2,OFFICIAL_NOTICE_ONLY,사전예고 공식 기록은 있으나 현행 규정 전문을 확인하지 못함,1,0,False,2026-09-08T19:20:38+09:00,2026-09-08T19:20:38+09:00,https://www.kodit.or.kr/common/nttFileDownload.do?fileKey=ca5dab8393cf61e481ed3e9383893da4,,unknown,,사전예고만 확인,사전예고만 확인,v0.4,review_pending
f1b37a44a95050ca,신용보증기금 컨설팅 그룹 운영기준,신용보증기금컨설팅그룹운영기준,NOTICE_ONLY,사전예고만,unknown,NOTICE_EVIDENCE_ONLY,1,신용보증기금 컨설팅 그룹 운영기준: 사전예고만,2,OFFICIAL_NOTICE_ONLY,사전예고 공식 기록은 있으나 현행 규정 전문을 확인하지 못함,1,0,False,2026-09-08T19:20:38+09:00,2026-09-08T19:20:38+09:00,https://www.kodit.or.kr/common/nttFileDownload.do?fileKey=4ccbe17481ac31adf2d3668b586d1b5d,,unknown,,사전예고만 확인,사전예고만 확인,v0.4,review_pending
3f7159d735f1d277,신용보증기금 컨설팅 그룹 운영기준 외 1개 기준,신용보증기금컨설팅그룹운영기준외1개기준,NOTICE_ONLY,사전예고만,unknown,NOTICE_EVIDENCE_ONLY,1,신용보증기금 컨설팅 그룹 운영기준 외 1개 기준: 사전예고만,2,OFFICIAL_NOTICE_ONLY,사전예고 공식 기록은 있으나 현행 규정 전문을 확인하지 못함,1,0,False,2026-09-08T19:20:38+09:00,2026-09-08T19:20:38+09:00,https://www.kodit.or.kr/common/nttFileDownload.do?fileKey=2d021f978261dc481af4d1041697528f,,unknown,,사전예고만 확인,사전예고만 확인,v0.4,review_pending
b9bade35f49acaed,신용보증 부실관리 세부업무처리기준,신용보증부실관리세부업무처리기준,NOTICE_ONLY,사전예고만,unknown,NOTICE_EVIDENCE_ONLY,1,신용보증 부실관리 세부업무처리기준: 사전예고만,2,OFFICIAL_NOTICE_ONLY,사전예고 공식 기록은 있으나 현행 규정 전문을 확인하지 못함,1,0,False,2026-09-08T19:20:38+09:00,2026-09-08T19:20:38+09:00,https://www.kodit.or.kr/common/nttFileDownload.do?fileKey=2cefc49c887d4097f01e003deabbaf34,,unknown,,매칭 불명,매칭 불명,v0.4,review_pending
d8bb449ba5dd73ee,신용보증 부실관리요령,신용보증부실관리요령,FULLTEXT_PUBLIC,전문 공개,current,ANCHORS_CONFIRMED,0,신용보증 부실관리요령: 전문 공개,4,ANCHORS_CONFIRMED,공식 원문 본문에서 규정명·개정일·조문을 확인함,2,0,False,2026-09-08T19:20:38+09:00,2026-09-08T19:20:38+09:00,https://www.alio.go.kr/download/rulefiledown.json?fileNo=237053,4c6ac72cede05032b302e08addc4a1b0290d7011d3d163a7fb87c8f2492f8610,pdf,2026.06.08,공개 확인,공개 확인,v0.4,review_pending
7af3262d536817f1,신용보증부실관리요령 외 1개 규정,신용보증부실관리요령외1개규정,NOTICE_ONLY,사전예고만,unknown,NOTICE_EVIDENCE_ONLY,1,신용보증부실관리요령 외 1개 규정: 사전예고만,2,OFFICIAL_NOTICE_ONLY,사전예고 공식 기록은 있으나 현행 규정 전문을 확인하지 못함,1,0,False,2026-09-08T19:20:38+09:00,2026-09-08T19:20:38+09:00,https://www.kodit.or.kr/common/nttFileDownload.do?fileKey=4084951f676b01223d7c5d66ceb229f6,,unknown,,매칭 불명,매칭 불명,v0.4,review_pending
fefeedf5bde08c9e,신용보증부실분석 업무처리기준,신용보증부실분석업무처리기준,NOTICE_ONLY,사전예고만,unknown,NOTICE_EVIDENCE_ONLY,1,신용보증부실분석 업무처리기준: 사전예고만,2,OFFICIAL_NOTICE_ONLY,사전예고 공식 기록은 있으나 현행 규정 전문을 확인하지 못함,1,0,False,2026-09-08T19:20:38+09:00,2026-09-08T19:20:38+09:00,https://www.kodit.or.kr/common/nttFileDownload.do?fileKey=db19ce896affaf952d26255b9f2eee5a,,unknown,,매칭 불명,매칭 불명,v0.4,review_pending
b66dd2088464d892,신용보증심사요령,신용보증심사요령,NOTICE_ONLY,사전예고만,unknown,NOTICE_EVIDENCE_ONLY,1,신용보증심사요령: 사전예고만,2,OFFICIAL_NOTICE_ONLY,사전예고 공식 기록은 있으나 현행 규정 전문을 확인하지 못함,1,0,False,2026-09-08T19:20:38+09:00,2026-09-08T19:20:38+09:00,https://www.kodit.or.kr/common/nttFileDownload.do?fileKey=ca33095d3103db3b01b6a696eee55d2a,,unknown,,매칭 불명,매칭 불명,v0.4,review_pending
935131851dbbc7a6,신용보험제기준,신용보험제기준,NOTICE_ONLY,사전예고만,unknown,NOTICE_EVIDENCE_ONLY,1,신용보험제기준: 사전예고만,2,OFFICIAL_NOTICE_ONLY,사전예고 공식 기록은 있으나 현행 규정 전문을 확인하지 못함,1,0,False,2026-09-08T19:20:38+09:00,2026-09-08T19:20:38+09:00,https://www.kodit.or.kr/common/nttFileDownload.do?fileKey=b10f4c4517c92855e285de2bbf764699,,unknown,,사전예고만 확인,사전예고만 확인,v0.4,review_pending
482511cfaffac064,신용보험평가시스템 운용기준,신용보험평가시스템운용기준,NOTICE_ONLY,사전예고만,abolished,NOTICE_EVIDENCE_ONLY,1,신용보험평가시스템 운용기준: 사전예고만,2,OFFICIAL_NOTICE_ONLY,사전예고 공식 기록은 있으나 현행 규정 전문을 확인하지 못함,1,0,False,2026-09-08T19:20:38+09:00,2026-09-08T19:20:38+09:00,https://www.kodit.or.kr/common/nttFileDownload.do?fileKey=46a23295d3d76abef166479781673579,,unknown,,사전예고만 확인,사전예고만 확인,v0.4,review_pending
25d746912d879924,신용정보서비스 업무처리기준,신용정보서비스업무처리기준,EXTRACTION_PENDING,판정대기,current,EXTRACTION_PENDING,1,신용정보서비스 업무처리기준: 판정대기,2,EXTRACTION_PENDING,공식 원문은 발견했으나 본문 추출·확인이 완료되지 않음,2,0,False,2026-09-08T19:20:38+09:00,2026-09-08T19:20:38+09:00,https://www.alio.go.kr/download/rulefiledown.json?fileNo=222460,33230fc8f5530fcab8d804678dc54e856f6b284e4e9dbcf8b57c1a10a6758c74,hwp,2025.09.29,공개 확인,공개 확인,v0.4,review_pending
9cbe22747a94dfe1,신용정보 업무요령,신용정보업무요령,EXTRACTION_PENDING,판정대기,current,EXTRACTION_PENDING,1,신용정보 업무요령: 판정대기,2,EXTRACTION_PENDING,공식 원문은 발견했으나 본문 추출·확인이 완료되지 않음,2,0,False,2026-09-08T19:20:38+09:00,2026-09-08T19:20:38+09:00,https://www.alio.go.kr/download/rulefiledown.json?fileNo=201214,449bca68daba01039e4bdfccf1a050b531251052cdfca62f2dec4309a94259aa,hwp,2024.07.12,공개 확인,공개 확인,v0.4,review_pending
93c36b0bb93a4808,신용정보 활용 및 관리기준,신용정보활용및관리기준,NOTICE_ONLY,사전예고만,unknown,NOTICE_EVIDENCE_ONLY,1,신용정보 활용 및 관리기준: 사전예고만,2,OFFICIAL_NOTICE_ONLY,사전예고 공식 기록은 있으나 현행 규정 전문을 확인하지 못함,1,0,False,2026-09-08T19:20:38+09:00,2026-09-08T19:20:38+09:00,https://www.kodit.or.kr/common/nttFileDownload.do?fileKey=3b7fa3dc509be6931029cd4a84363df8,,unknown,,사전예고만 확인,사전예고만 확인,v0.4,review_pending
8b52780d8c6d2c15,신용조사수수료 운영기준,신용조사수수료운영기준,NOTICE_ONLY,사전예고만,unknown,NOTICE_EVIDENCE_ONLY,1,신용조사수수료 운영기준: 사전예고만,2,OFFICIAL_NOTICE_ONLY,사전예고 공식 기록은 있으나 현행 규정 전문을 확인하지 못함,1,0,False,2026-09-08T19:20:38+09:00,2026-09-08T19:20:38+09:00,https://www.kodit.or.kr/common/nttFileDownload.do?fileKey=3230e1a8f6adaaec73a62d66938e0def,,unknown,,사전예고만 확인,사전예고만 확인,v0.4,review_pending
2c850960e3c0b05c,신용조사수수료 운용기준,신용조사수수료운용기준,NOTICE_ONLY,사전예고만,unknown,NOTICE_EVIDENCE_ONLY,1,신용조사수수료 운용기준: 사전예고만,2,OFFICIAL_NOTICE_ONLY,사전예고 공식 기록은 있으나 현행 규정 전문을 확인하지 못함,1,0,False,2026-09-08T19:20:38+09:00,2026-09-08T19:20:38+09:00,https://www.kodit.or.kr/common/nttFileDownload.do?fileKey=0acd06b8b587ef4c132900ccf922202e,,unknown,,사전예고만 확인,사전예고만 확인,v0.4,review_pending
157687fe33a80945,신용조사 운용기준,신용조사운용기준,NOTICE_ONLY,사전예고만,unknown,NOTICE_EVIDENCE_ONLY,1,신용조사 운용기준: 사전예고만,2,OFFICIAL_NOTICE_ONLY,사전예고 공식 기록은 있으나 현행 규정 전문을 확인하지 못함,1,0,False,2026-09-08T19:20:38+09:00,2026-09-08T19:20:38+09:00,https://www.kodit.or.kr/common/nttFileDownload.do?fileKey=0acd06b8b587ef4c132900ccf922202e,,unknown,,사전예고만 확인,사전예고만 확인,v0.4,review_pending
177d72f03005cad6,신용평가시스템 운용기준,신용평가시스템운용기준,NOTICE_ONLY,사전예고만,abolished,NOTICE_EVIDENCE_ONLY,1,신용평가시스템 운용기준: 사전예고만,2,OFFICIAL_NOTICE_ONLY,사전예고 공식 기록은 있으나 현행 규정 전문을 확인하지 못함,1,0,False,2026-09-08T19:20:38+09:00,2026-09-08T19:20:38+09:00,https://www.kodit.or.kr/common/nttFileDownload.do?fileKey=27b0350f45c982211504abba4b9b3d37,,unknown,,사전예고만 확인,사전예고만 확인,v0.4,review_pending
2e3574ca25366859,신용회복지원 업무처리기준,신용회복지원업무처리기준,NOTICE_ONLY,사전예고만,unknown,NOTICE_EVIDENCE_ONLY,1,신용회복지원 업무처리기준: 사전예고만,2,OFFICIAL_NOTICE_ONLY,사전예고 공식 기록은 있으나 현행 규정 전문을 확인하지 못함,1,0,False,2026-09-08T19:20:38+09:00,2026-09-08T19:20:38+09:00,https://www.kodit.or.kr/common/nttFileDownload.do?fileKey=0b6ad397ced8d8b41a97cfc7163766ea,,unknown,,사전예고만 확인,사전예고만 확인,v0.4,review_pending
b6cf201d5bb82d9f,신탁운영기준,신탁운영기준,NOTICE_ONLY,사전예고만,unknown,NOTICE_EVIDENCE_ONLY,1,신탁운영기준: 사전예고만,2,OFFICIAL_NOTICE_ONLY,사전예고 공식 기록은 있으나 현행 규정 전문을 확인하지 못함,1,0,False,2026-09-08T19:20:38+09:00,2026-09-08T19:20:38+09:00,https://www.kodit.or.kr/common/nttFileDownload.do?fileKey=aa5eb778dac2c0146783cb1ff9151501,,unknown,,사전예고만 확인,사전예고만 확인,v0.4,review_pending
47c4991d2cd4ce6a,신한류 해외진출 지원 프로그램 운용기준,신한류해외진출지원프로그램운용기준,NOTICE_ONLY,사전예고만,unknown,NOTICE_EVIDENCE_ONLY,1,신한류 해외진출 지원 프로그램 운용기준: 사전예고만,2,OFFICIAL_NOTICE_ONLY,사전예고 공식 기록은 있으나 현행 규정 전문을 확인하지 못함,1,0,False,2026-09-08T19:20:38+09:00,2026-09-08T19:20:38+09:00,https://www.kodit.or.kr/common/nttFileDownload.do?fileKey=65f171bca536c5b3c6422152b8f33cf1,,unknown,,사전예고만 확인,사전예고만 확인,v0.4,review_pending
140324d8e7fa30fe,쌍용자동차(주) 협력기업 우대보증 업무처리방법,쌍용자동차주협력기업우대보증업무처리방법,NOTICE_ONLY,사전예고만,unknown,NOTICE_EVIDENCE_ONLY,1,쌍용자동차(주) 협력기업 우대보증 업무처리방법: 사전예고만,2,OFFICIAL_NOTICE_ONLY,사전예고 공식 기록은 있으나 현행 규정 전문을 확인하지 못함,1,0,False,2026-09-08T19:20:38+09:00,2026-09-08T19:20:38+09:00,https://www.kodit.or.kr/common/nttFileDownload.do?fileKey=4af341b19eb3fa23d3b2bb95518bd4d2,,unknown,,사전예고만 확인,사전예고만 확인,v0.4,review_pending
7f6a948babc0c381,아이디어 실현보증 운용기준,아이디어실현보증운용기준,NOTICE_ONLY,사전예고만,unknown,NOTICE_EVIDENCE_ONLY,1,아이디어 실현보증 운용기준: 사전예고만,2,OFFICIAL_NOTICE_ONLY,사전예고 공식 기록은 있으나 현행 규정 전문을 확인하지 못함,1,0,False,2026-09-08T19:20:38+09:00,2026-09-08T19:20:38+09:00,https://www.kodit.or.kr/common/nttFileDownload.do?fileKey=4b491fa30ea2fc44444a6687ade834fa,,unknown,,사전예고만 확인,사전예고만 확인,v0.4,review_pending
ad540b68084595fc,안전관리 기준,안전관리기준,NOTICE_ONLY,사전예고만,unknown,NOTICE_EVIDENCE_ONLY,1,안전관리 기준: 사전예고만,2,OFFICIAL_NOTICE_ONLY,사전예고 공식 기록은 있으나 현행 규정 전문을 확인하지 못함,1,0,False,2026-09-08T19:20:38+09:00,2026-09-08T19:20:38+09:00,https://www.kodit.or.kr/common/nttFileDownload.do?fileKey=a7c90ef8f1a25ccd979e9c09d2ae2a55,,unknown,,매칭 불명,매칭 불명,v0.4,review_pending
4a4b35463ef0c771,안전관리 실천기업 보증프로그램 운용기준,안전관리실천기업보증프로그램운용기준,NOTICE_ONLY,사전예고만,unknown,NOTICE_EVIDENCE_ONLY,1,안전관리 실천기업 보증프로그램 운용기준: 사전예고만,2,OFFICIAL_NOTICE_ONLY,사전예고 공식 기록은 있으나 현행 규정 전문을 확인하지 못함,1,0,False,2026-09-08T19:20:38+09:00,2026-09-08T19:20:38+09:00,https://www.kodit.or.kr/common/nttFileDownload.do?fileKey=ea4372ccb83cb507fcd0348ac30d32cd,,unknown,,사전예고만 확인,사전예고만 확인,v0.4,review_pending
65cae28401e7973d,안전관리요령,안전관리요령,NOTICE_ONLY,사전예고만,unknown,NOTICE_EVIDENCE_ONLY,1,안전관리요령: 사전예고만,2,OFFICIAL_NOTICE_ONLY,사전예고 공식 기록은 있으나 현행 규정 전문을 확인하지 못함,1,0,False,2026-09-08T19:20:38+09:00,2026-09-08T19:20:38+09:00,https://www.kodit.or.kr/common/nttFileDownload.do?fileKey=6782e62fb2aac2466047f5812b844d30,,unknown,,명칭변경·통합·폐지 확인,명칭변경·통합·폐지 확인,v0.4,review_pending
f9fd065779698232,안전보건관리규정,안전보건관리규정,EXTRACTION_PENDING,판정대기,current,EXTRACTION_PENDING,1,안전보건관리규정: 판정대기,2,EXTRACTION_PENDING,공식 원문은 발견했으나 본문 추출·확인이 완료되지 않음,2,0,False,2026-09-08T19:20:38+09:00,2026-09-08T19:20:38+09:00,https://www.alio.go.kr/download/rulefiledown.json?fileNo=238723,7290958988d82a1bbeebcd11954649f2ff5649fae0cf9de4f6186d5659ab4164,hwp,2026.07.14,공개 확인,공개 확인,v0.4,review_pending
e1430818c8f050f2,안전보건관리요령,안전보건관리요령,EXTRACTION_PENDING,판정대기,current,EXTRACTION_PENDING,1,안전보건관리요령: 판정대기,2,EXTRACTION_PENDING,공식 원문은 발견했으나 본문 추출·확인이 완료되지 않음,2,0,False,2026-09-08T19:20:38+09:00,2026-09-08T19:20:38+09:00,https://www.alio.go.kr/download/rulefiledown.json?fileNo=238722,f25aea8b2695254e41e7b0893023ea499f37fb0af1d14ad713740d1652ac9642,hwp,2026.07.14,공개 확인,공개 확인,v0.4,review_pending
c9e6d70d13581232,안전보건 위험성평가 기준,안전보건위험성평가기준,EXTRACTION_PENDING,판정대기,current,EXTRACTION_PENDING,1,안전보건 위험성평가 기준: 판정대기,2,EXTRACTION_PENDING,공식 원문은 발견했으나 본문 추출·확인이 완료되지 않음,2,0,False,2026-09-08T19:20:38+09:00,2026-09-08T19:20:38+09:00,https://www.alio.go.kr/download/rulefiledown.json?fileNo=238721,fbc8b231d1c8d59e20be1d46c04217b363053fb048030daceaef213745ffd572,hwp,2026.07.14,공개 확인,공개 확인,v0.4,review_pending
be04d01684f13da5,안전사고에 관한 임원 문책요령,안전사고에관한임원문책요령,EXTRACTION_PENDING,판정대기,current,EXTRACTION_PENDING,1,안전사고에 관한 임원 문책요령: 판정대기,2,EXTRACTION_PENDING,공식 원문은 발견했으나 본문 추출·확인이 완료되지 않음,2,0,False,2026-09-08T19:20:38+09:00,2026-09-08T19:20:38+09:00,https://www.alio.go.kr/download/rulefiledown.json?fileNo=199124,139dabcf744407fab582eb3de7e3599f5e439da1f107a27da3cdc76eb1ac8969,hwp,2024.05.22,공개 확인,공개 확인,v0.4,review_pending
94b0cea0cc9951ef,액셀러레이팅 프로그램 업무처리방법,액셀러레이팅프로그램업무처리방법,NOTICE_ONLY,사전예고만,unknown,NOTICE_EVIDENCE_ONLY,1,액셀러레이팅 프로그램 업무처리방법: 사전예고만,2,OFFICIAL_NOTICE_ONLY,사전예고 공식 기록은 있으나 현행 규정 전문을 확인하지 못함,1,0,False,2026-09-08T19:20:38+09:00,2026-09-08T19:20:38+09:00,https://www.kodit.or.kr/common/nttFileDownload.do?fileKey=89ebab72306d6ace518825581868e99e,,unknown,,사전예고만 확인,사전예고만 확인,v0.4,review_pending
23964d35b76bc0ad,양도담보물 관리 및 처분에 대한 업무처리기준,양도담보물관리및처분에대한업무처리기준,NOTICE_ONLY,사전예고만,unknown,NOTICE_EVIDENCE_ONLY,1,양도담보물 관리 및 처분에 대한 업무처리기준: 사전예고만,2,OFFICIAL_NOTICE_ONLY,사전예고 공식 기록은 있으나 현행 규정 전문을 확인하지 못함,1,0,False,2026-09-08T19:20:38+09:00,2026-09-08T19:20:38+09:00,https://www.kodit.or.kr/common/nttFileDownload.do?fileKey=908ea13c8710705eb101c95bb858b588,,unknown,,사전예고만 확인,사전예고만 확인,v0.4,review_pending
98ddc32d9df81765,어린이집 운영기준,어린이집운영기준,NOTICE_ONLY,사전예고만,unknown,NOTICE_EVIDENCE_ONLY,1,어린이집 운영기준: 사전예고만,2,OFFICIAL_NOTICE_ONLY,사전예고 공식 기록은 있으나 현행 규정 전문을 확인하지 못함,1,0,False,2026-09-08T19:20:38+09:00,2026-09-08T19:20:38+09:00,https://www.kodit.or.kr/common/nttFileDownload.do?fileKey=f8a0e2984256cd6e4b2cc170da2cdb2c,,unknown,,사전예고만 확인,사전예고만 확인,v0.4,review_pending
b2fc217466597acc,어음보증 운용기준,어음보증운용기준,NOTICE_ONLY,사전예고만,abolished,NOTICE_EVIDENCE_ONLY,1,어음보증 운용기준: 사전예고만,2,OFFICIAL_NOTICE_ONLY,사전예고 공식 기록은 있으나 현행 규정 전문을 확인하지 못함,1,0,False,2026-09-08T19:20:38+09:00,2026-09-08T19:20:38+09:00,https://www.kodit.or.kr/common/nttFileDownload.do?fileKey=10214dc6c28d958067437b20db1876f5,,unknown,,사전예고만 확인,사전예고만 확인,v0.4,review_pending
9d23c793dc500d8a,어음보험약관,어음보험약관,NOTICE_ONLY,사전예고만,unknown,NOTICE_EVIDENCE_ONLY,1,어음보험약관: 사전예고만,2,OFFICIAL_NOTICE_ONLY,사전예고 공식 기록은 있으나 현행 규정 전문을 확인하지 못함,1,0,False,2026-09-08T19:20:38+09:00,2026-09-08T19:20:38+09:00,https://www.kodit.or.kr/common/nttFileDownload.do?fileKey=26a7a47c87ca81940ef318bed4f2af4f,,unknown,,사전예고만 확인,사전예고만 확인,v0.4,review_pending
eae45ea69fa6279e,어음보험운용기준,어음보험운용기준,NOTICE_ONLY,사전예고만,unknown,NOTICE_EVIDENCE_ONLY,1,어음보험운용기준: 사전예고만,2,OFFICIAL_NOTICE_ONLY,사전예고 공식 기록은 있으나 현행 규정 전문을 확인하지 못함,1,0,False,2026-09-08T19:20:38+09:00,2026-09-08T19:20:38+09:00,https://www.kodit.or.kr/common/nttFileDownload.do?fileKey=849ec1589467e80c1aa49584bbf0b5f7,,unknown,,사전예고만 확인,사전예고만 확인,v0.4,review_pending
16ac8355c3b0d6f2,어음보험 인수업무기준,어음보험인수업무기준,NOTICE_ONLY,사전예고만,unknown,NOTICE_EVIDENCE_ONLY,1,어음보험 인수업무기준: 사전예고만,2,OFFICIAL_NOTICE_ONLY,사전예고 공식 기록은 있으나 현행 규정 전문을 확인하지 못함,1,0,False,2026-09-08T19:20:38+09:00,2026-09-08T19:20:38+09:00,https://www.kodit.or.kr/common/nttFileDownload.do?fileKey=8c2fb6fc391d6613f967f3067e4475aa,,unknown,,사전예고만 확인,사전예고만 확인,v0.4,review_pending
229bc62acd38d26c,업무방법서,업무방법서,EXTRACTION_PENDING,판정대기,current,EXTRACTION_PENDING,1,업무방법서: 판정대기,2,EXTRACTION_PENDING,공식 원문은 발견했으나 본문 추출·확인이 완료되지 않음,2,0,False,2026-09-08T19:20:38+09:00,2026-09-08T19:20:38+09:00,https://www.alio.go.kr/download/rulefiledown.json?fileNo=235814,bccde317a49c960cf09c7003475bf21211f03e8dfbb021a22eb1eb5f25e07438,hwp,2026.05.12,공개 확인,공개 확인,v0.4,review_pending
dd224e2a5a5ae263,업무용차량 관리기준,업무용차량관리기준,NOTICE_ONLY,사전예고만,unknown,NOTICE_EVIDENCE_ONLY,1,업무용차량 관리기준: 사전예고만,2,OFFICIAL_NOTICE_ONLY,사전예고 공식 기록은 있으나 현행 규정 전문을 확인하지 못함,1,0,False,2026-09-08T19:20:38+09:00,2026-09-08T19:20:38+09:00,https://www.kodit.or.kr/common/nttFileDownload.do?fileKey=4f8ed7df1ebe5240a339238f0c2255fb,,unknown,,사전예고만 확인,사전예고만 확인,v0.4,review_pending
e27e7366dd85d960,업무용 통신비 지원 기준,업무용통신비지원기준,NOTICE_ONLY,사전예고만,abolished,NOTICE_EVIDENCE_ONLY,1,업무용 통신비 지원 기준: 사전예고만,2,OFFICIAL_NOTICE_ONLY,사전예고 공식 기록은 있으나 현행 규정 전문을 확인하지 못함,1,0,False,2026-09-08T19:20:38+09:00,2026-09-08T19:20:38+09:00,https://www.kodit.or.kr/common/nttFileDownload.do?fileKey=241dd89184e4470dcd8a0df5b0924719,,unknown,,사전예고만 확인,사전예고만 확인,v0.4,review_pending
797bfc86824991a7,업무제안기준,업무제안기준,NOTICE_ONLY,사전예고만,unknown,NOTICE_EVIDENCE_ONLY,1,업무제안기준: 사전예고만,2,OFFICIAL_NOTICE_ONLY,사전예고 공식 기록은 있으나 현행 규정 전문을 확인하지 못함,1,0,False,2026-09-08T19:20:38+09:00,2026-09-08T19:20:38+09:00,https://www.kodit.or.kr/common/nttFileDownload.do?fileKey=5c5e4f69a947dd780dfec551bad7193c,,unknown,,사전예고만 확인,사전예고만 확인,v0.4,review_pending
c1862b824c2d278f,에너지효율화 투자 활성화 협약보증 업무처리방법,에너지효율화투자활성화협약보증업무처리방법,NOTICE_ONLY,사전예고만,unknown,NOTICE_EVIDENCE_ONLY,1,에너지효율화 투자 활성화 협약보증 업무처리방법: 사전예고만,2,OFFICIAL_NOTICE_ONLY,사전예고 공식 기록은 있으나 현행 규정 전문을 확인하지 못함,1,0,False,2026-09-08T19:20:38+09:00,2026-09-08T19:20:38+09:00,https://www.kodit.or.kr/common/nttFileDownload.do?fileKey=cd0a82a8ba756eb6008f0527c139a89a,,unknown,,사전예고만 확인,사전예고만 확인,v0.4,review_pending
ed10fef0afaaecc1,여비기준,여비기준,EXTRACTION_PENDING,판정대기,current,EXTRACTION_PENDING,1,여비기준: 판정대기,2,EXTRACTION_PENDING,공식 원문은 발견했으나 본문 추출·확인이 완료되지 않음,2,0,False,2026-09-08T19:20:38+09:00,2026-09-08T19:20:38+09:00,https://www.alio.go.kr/download/rulefiledown.json?fileNo=239094,7ea0be195ed8bd083fad59e926e63f526f4f6cbca0e668eaa0ef7158b3fe6974,hwp,2026.07.21,공개 확인,공개 확인,v0.4,review_pending
6571f7de27018eb7,연계정보 관리기준,연계정보관리기준,NOTICE_ONLY,사전예고만,unknown,NOTICE_EVIDENCE_ONLY,1,연계정보 관리기준: 사전예고만,2,OFFICIAL_NOTICE_ONLY,사전예고 공식 기록은 있으나 현행 규정 전문을 확인하지 못함,1,0,False,2026-09-08T19:20:38+09:00,2026-09-08T19:20:38+09:00,https://www.kodit.or.kr/common/nttFileDownload.do?fileKey=0de42fd4c0086fcb7e4a0ebf2b0a748f,,unknown,,사전예고만 확인,사전예고만 확인,v0.4,review_pending
db8978a6ed0118bd,연구개발유형 벤처확인 전문 평가 운용기준,연구개발유형벤처확인전문평가운용기준,EXTRACTION_PENDING,판정대기,current,EXTRACTION_PENDING,1,연구개발유형 벤처확인 전문 평가 운용기준: 판정대기,2,EXTRACTION_PENDING,공식 원문은 발견했으나 본문 추출·확인이 완료되지 않음,2,0,False,2026-09-08T19:20:38+09:00,2026-09-08T19:20:38+09:00,https://www.alio.go.kr/download/rulefiledown.json?fileNo=223264,c576bd8d443bdd0b836d0f9af837283fb1d329e53a514e66a05109cc702801b6,hwp,2025.10.29,공개 확인,공개 확인,v0.4,review_pending
2a63591504628165,연구용역 업무처리기준,연구용역업무처리기준,NOTICE_ONLY,사전예고만,unknown,NOTICE_EVIDENCE_ONLY,1,연구용역 업무처리기준: 사전예고만,2,OFFICIAL_NOTICE_ONLY,사전예고 공식 기록은 있으나 현행 규정 전문을 확인하지 못함,1,0,False,2026-09-08T19:20:38+09:00,2026-09-08T19:20:38+09:00,https://www.kodit.or.kr/common/nttFileDownload.do?fileKey=3ebc70fc6d56f39a794f511bb9fcf3b9,,unknown,,사전예고만 확인,사전예고만 확인,v0.4,review_pending
89ded1bf21a958b4,연구윤리기준,연구윤리기준,NOTICE_ONLY,사전예고만,unknown,NOTICE_EVIDENCE_ONLY,1,연구윤리기준: 사전예고만,2,OFFICIAL_NOTICE_ONLY,사전예고 공식 기록은 있으나 현행 규정 전문을 확인하지 못함,1,0,False,2026-09-08T19:20:38+09:00,2026-09-08T19:20:38+09:00,https://www.kodit.or.kr/common/nttFileDownload.do?fileKey=ab75b1dd0b7e3c98c60e9ddcddf73e97,,unknown,,사전예고만 확인,사전예고만 확인,v0.4,review_pending
f14a1cb20a680df0,연대보증인 입보기준,연대보증인입보기준,NOTICE_ONLY,사전예고만,unknown,NOTICE_EVIDENCE_ONLY,1,연대보증인 입보기준: 사전예고만,2,OFFICIAL_NOTICE_ONLY,사전예고 공식 기록은 있으나 현행 규정 전문을 확인하지 못함,1,0,False,2026-09-08T19:20:38+09:00,2026-09-08T19:20:38+09:00,https://www.kodit.or.kr/common/nttFileDownload.do?fileKey=0bf3c498840e62bf539b0296d642424a,,unknown,,사전예고만 확인,사전예고만 확인,v0.4,review_pending
79fd907baca63408,연무업무처리기준,연무업무처리기준,NOTICE_ONLY,사전예고만,unknown,NOTICE_EVIDENCE_ONLY,1,연무업무처리기준: 사전예고만,2,OFFICIAL_NOTICE_ONLY,사전예고 공식 기록은 있으나 현행 규정 전문을 확인하지 못함,1,0,False,2026-09-08T19:20:38+09:00,2026-09-08T19:20:38+09:00,https://www.kodit.or.kr/common/nttFileDownload.do?fileKey=acbcde7df1e37ed1f5263ed60794964b,,unknown,,사전예고만 확인,사전예고만 확인,v0.4,review_pending
b9ab4c58a0444769,연수업무처리기준,연수업무처리기준,EXTRACTION_PENDING,판정대기,current,EXTRACTION_PENDING,1,연수업무처리기준: 판정대기,2,EXTRACTION_PENDING,공식 원문은 발견했으나 본문 추출·확인이 완료되지 않음,2,0,False,2026-09-08T19:20:38+09:00,2026-09-08T19:20:38+09:00,https://www.alio.go.kr/download/rulefiledown.json?fileNo=239490,3a92486c90584680568d101aa8f98e58fd988f227dfbef96268d50dc5b8464fa,hwp,2026.07.21,공개 확인,공개 확인,v0.4,review_pending
759aa2b2275d21c7,연수요령,연수요령,EXTRACTION_PENDING,판정대기,current,EXTRACTION_PENDING,1,연수요령: 판정대기,2,EXTRACTION_PENDING,공식 원문은 발견했으나 본문 추출·확인이 완료되지 않음,2,0,False,2026-09-08T19:20:38+09:00,2026-09-08T19:20:38+09:00,https://www.alio.go.kr/download/rulefiledown.json?fileNo=223405,d1a894f0c8ae798f1da3f8ecae8bc22d769059874f97ea12da9b091899af0de6,hwp,2025.10.31,공개 확인,공개 확인,v0.4,review_pending
8972566a80f1db03,연수지원시설 이용기준,연수지원시설이용기준,NOTICE_ONLY,사전예고만,unknown,NOTICE_EVIDENCE_ONLY,1,연수지원시설 이용기준: 사전예고만,2,OFFICIAL_NOTICE_ONLY,사전예고 공식 기록은 있으나 현행 규정 전문을 확인하지 못함,1,0,False,2026-09-08T19:20:38+09:00,2026-09-08T19:20:38+09:00,https://www.kodit.or.kr/common/nttFileDownload.do?fileKey=3bd6d594d2cbc159d5b1dd14f449afa3,,unknown,,사전예고만 확인,사전예고만 확인,v0.4,review_pending
2f57d86045fbaf15,영상정보처리기기 설치 운영기준,영상정보처리기기설치운영기준,NOTICE_ONLY,사전예고만,unknown,NOTICE_EVIDENCE_ONLY,1,영상정보처리기기 설치 운영기준: 사전예고만,2,OFFICIAL_NOTICE_ONLY,사전예고 공식 기록은 있으나 현행 규정 전문을 확인하지 못함,1,0,False,2026-09-08T19:20:38+09:00,2026-09-08T19:20:38+09:00,https://www.kodit.or.kr/common/nttFileDownload.do?fileKey=811be4265432cb0c98194e758e8352c0,,unknown,,사전예고만 확인,사전예고만 확인,v0.4,review_pending
b7ff420991a3eb87,영상정보처리기기 설치 운용기준,영상정보처리기기설치운용기준,NOTICE_ONLY,사전예고만,unknown,NOTICE_EVIDENCE_ONLY,1,영상정보처리기기 설치 운용기준: 사전예고만,2,OFFICIAL_NOTICE_ONLY,사전예고 공식 기록은 있으나 현행 규정 전문을 확인하지 못함,1,0,False,2026-09-08T19:20:38+09:00,2026-09-08T19:20:38+09:00,https://www.kodit.or.kr/common/nttFileDownload.do?fileKey=c90d260e9579eba29351d28e2551d1e3,,unknown,,사전예고만 확인,사전예고만 확인,v0.4,review_pending
b6995acdc9a39b49,영세 중소기업·소상공인 신속·전액 보증 업무처리방법,영세중소기업소상공인신속전액보증업무처리방법,NOTICE_ONLY,사전예고만,unknown,NOTICE_EVIDENCE_ONLY,1,영세 중소기업·소상공인 신속·전액 보증 업무처리방법: 사전예고만,2,OFFICIAL_NOTICE_ONLY,사전예고 공식 기록은 있으나 현행 규정 전문을 확인하지 못함,1,0,False,2026-09-08T19:20:38+09:00,2026-09-08T19:20:38+09:00,https://www.kodit.or.kr/common/nttFileDownload.do?fileKey=ea277390b8d1849de5eded96db719977,,unknown,,사전예고만 확인,사전예고만 확인,v0.4,review_pending
4e302262520d92f8,영업점 관할구역 운영기준,영업점관할구역운영기준,NOTICE_ONLY,사전예고만,unknown,NOTICE_EVIDENCE_ONLY,1,영업점 관할구역 운영기준: 사전예고만,2,OFFICIAL_NOTICE_ONLY,사전예고 공식 기록은 있으나 현행 규정 전문을 확인하지 못함,1,0,False,2026-09-08T19:20:38+09:00,2026-09-08T19:20:38+09:00,https://www.kodit.or.kr/common/nttFileDownload.do?fileKey=2df499ac50adc03e394da367ff4c66b5,,unknown,,사전예고만 확인,사전예고만 확인,v0.4,review_pending
d46533f9b8074024,영업점 관할구역 운용기준,영업점관할구역운용기준,NOTICE_ONLY,사전예고만,unknown,NOTICE_EVIDENCE_ONLY,1,영업점 관할구역 운용기준: 사전예고만,2,OFFICIAL_NOTICE_ONLY,사전예고 공식 기록은 있으나 현행 규정 전문을 확인하지 못함,1,0,False,2026-09-08T19:20:38+09:00,2026-09-08T19:20:38+09:00,https://www.kodit.or.kr/common/nttFileDownload.do?fileKey=7a50a18b816ef1f4c9a94071897bbe3b,,unknown,,사전예고만 확인,사전예고만 확인,v0.4,review_pending
3318fe10fc3459d2,영업점관활구역운영기준,영업점관활구역운영기준,NOTICE_ONLY,사전예고만,unknown,NOTICE_EVIDENCE_ONLY,1,영업점관활구역운영기준: 사전예고만,2,OFFICIAL_NOTICE_ONLY,사전예고 공식 기록은 있으나 현행 규정 전문을 확인하지 못함,1,0,False,2026-09-08T19:20:38+09:00,2026-09-08T19:20:38+09:00,https://www.kodit.or.kr/common/nttFileDownload.do?fileKey=4db46a1e700f3367e45aa5f874f3d3ce,,unknown,,사전예고만 확인,사전예고만 확인,v0.4,review_pending
0c9ab9eecec66493,예산관리요령,예산관리요령,EXTRACTION_PENDING,판정대기,current,EXTRACTION_PENDING,1,예산관리요령: 판정대기,2,EXTRACTION_PENDING,공식 원문은 발견했으나 본문 추출·확인이 완료되지 않음,2,0,False,2026-09-08T19:20:38+09:00,2026-09-08T19:20:38+09:00,https://www.alio.go.kr/download/rulefiledown.json?fileNo=227962,3ef89ea3322fc97ed54df6c1adb9ae7384c90690fe900dca3b17b39027b7df5c,hwp,2026.01.02,공개 확인,공개 확인,v0.4,review_pending
d5f459f5198cb6d6,예산낭비신고센터 운영기준,예산낭비신고센터운영기준,NOTICE_ONLY,사전예고만,unknown,NOTICE_EVIDENCE_ONLY,1,예산낭비신고센터 운영기준: 사전예고만,2,OFFICIAL_NOTICE_ONLY,사전예고 공식 기록은 있으나 현행 규정 전문을 확인하지 못함,1,0,False,2026-09-08T19:20:38+09:00,2026-09-08T19:20:38+09:00,https://www.kodit.or.kr/common/nttFileDownload.do?fileKey=f30c2f747e0c57f3bf4f3817e114d054,,unknown,,사전예고만 확인,사전예고만 확인,v0.4,review_pending
a28899ddb323e503,예산성과금 및 예산낭비신고센터 운영기준,예산성과금및예산낭비신고센터운영기준,NOTICE_ONLY,사전예고만,unknown,NOTICE_EVIDENCE_ONLY,1,예산성과금 및 예산낭비신고센터 운영기준: 사전예고만,2,OFFICIAL_NOTICE_ONLY,사전예고 공식 기록은 있으나 현행 규정 전문을 확인하지 못함,1,0,False,2026-09-08T19:20:38+09:00,2026-09-08T19:20:38+09:00,https://www.kodit.or.kr/common/nttFileDownload.do?fileKey=f30c2f747e0c57f3bf4f3817e114d054,,unknown,,사전예고만 확인,사전예고만 확인,v0.4,review_pending
f70ca0b725b9f620,온라인간편인수매출채권보험약관,온라인간편인수매출채권보험약관,NOTICE_ONLY,사전예고만,unknown,NOTICE_EVIDENCE_ONLY,1,온라인간편인수매출채권보험약관: 사전예고만,2,OFFICIAL_NOTICE_ONLY,사전예고 공식 기록은 있으나 현행 규정 전문을 확인하지 못함,1,0,False,2026-09-08T19:20:38+09:00,2026-09-08T19:20:38+09:00,https://www.kodit.or.kr/common/nttFileDownload.do?fileKey=3da0ea60ae9a8478658fbb1e07b1e26d,,unknown,,사전예고만 확인,사전예고만 확인,v0.4,review_pending
6e3828d7080a9984,온라인 대출장터 운영기준,온라인대출장터운영기준,NOTICE_ONLY,사전예고만,unknown,NOTICE_EVIDENCE_ONLY,1,온라인 대출장터 운영기준: 사전예고만,2,OFFICIAL_NOTICE_ONLY,사전예고 공식 기록은 있으나 현행 규정 전문을 확인하지 못함,1,0,False,2026-09-08T19:20:38+09:00,2026-09-08T19:20:38+09:00,https://www.kodit.or.kr/common/nttFileDownload.do?fileKey=b83f7334eef821be576d895ad792e37f,,unknown,,사전예고만 확인,사전예고만 확인,v0.4,review_pending
ac6023131f9456d3,온라인매출채권보험약관,온라인매출채권보험약관,NOTICE_ONLY,사전예고만,unknown,NOTICE_EVIDENCE_ONLY,1,온라인매출채권보험약관: 사전예고만,2,OFFICIAL_NOTICE_ONLY,사전예고 공식 기록은 있으나 현행 규정 전문을 확인하지 못함,1,0,False,2026-09-08T19:20:38+09:00,2026-09-08T19:20:38+09:00,https://www.kodit.or.kr/common/nttFileDownload.do?fileKey=609cfd4e1779e1c85a37880950bd63ee,,unknown,,사전예고만 확인,사전예고만 확인,v0.4,review_pending
40022f1f8572d713,온라인 매출채권보험 운용기준,온라인매출채권보험운용기준,NOTICE_ONLY,사전예고만,unknown,NOTICE_EVIDENCE_ONLY,1,온라인 매출채권보험 운용기준: 사전예고만,2,OFFICIAL_NOTICE_ONLY,사전예고 공식 기록은 있으나 현행 규정 전문을 확인하지 못함,1,0,False,2026-09-08T19:20:38+09:00,2026-09-08T19:20:38+09:00,https://www.kodit.or.kr/common/nttFileDownload.do?fileKey=8c2fb6fc391d6613f967f3067e4475aa,,unknown,,사전예고만 확인,사전예고만 확인,v0.4,review_pending
bbfc4c9e80b7a7ee,온라인매출채권보험인수업무기준,온라인매출채권보험인수업무기준,NOTICE_ONLY,사전예고만,unknown,NOTICE_EVIDENCE_ONLY,1,온라인매출채권보험인수업무기준: 사전예고만,2,OFFICIAL_NOTICE_ONLY,사전예고 공식 기록은 있으나 현행 규정 전문을 확인하지 못함,1,0,False,2026-09-08T19:20:38+09:00,2026-09-08T19:20:38+09:00,https://www.kodit.or.kr/common/nttFileDownload.do?fileKey=beb60b5c3c9041adf17a6ac6f541de9d,,unknown,,사전예고만 확인,사전예고만 확인,v0.4,review_pending
b2ba178bd365acb5,옵션형 매출채권보험 운용기준,옵션형매출채권보험운용기준,NOTICE_ONLY,사전예고만,abolished,NOTICE_EVIDENCE_ONLY,1,옵션형 매출채권보험 운용기준: 사전예고만,2,OFFICIAL_NOTICE_ONLY,사전예고 공식 기록은 있으나 현행 규정 전문을 확인하지 못함,1,0,False,2026-09-08T19:20:38+09:00,2026-09-08T19:20:38+09:00,https://www.kodit.or.kr/common/nttFileDownload.do?fileKey=ec81ee5f2968e9194c69b504c8c44265,,unknown,,사전예고만 확인,사전예고만 확인,v0.4,review_pending
e5c937a1bf56d337,옵션형 매출채권보험 인수업무기준,옵션형매출채권보험인수업무기준,NOTICE_ONLY,사전예고만,unknown,NOTICE_EVIDENCE_ONLY,1,옵션형 매출채권보험 인수업무기준: 사전예고만,2,OFFICIAL_NOTICE_ONLY,사전예고 공식 기록은 있으나 현행 규정 전문을 확인하지 못함,1,0,False,2026-09-08T19:20:38+09:00,2026-09-08T19:20:38+09:00,https://www.kodit.or.kr/common/nttFileDownload.do?fileKey=4cb896494e34a1bfa555aabfeefdceed,,unknown,,사전예고만 확인,사전예고만 확인,v0.4,review_pending
92d87fe3f8562a06,외10개(규정,외10개규정,NOTICE_ONLY,사전예고만,unknown,NOTICE_EVIDENCE_ONLY,1,외10개(규정: 사전예고만,2,OFFICIAL_NOTICE_ONLY,사전예고 공식 기록은 있으나 현행 규정 전문을 확인하지 못함,1,0,False,2026-09-08T19:20:38+09:00,2026-09-08T19:20:38+09:00,https://www.kodit.or.kr/common/nttFileDownload.do?fileKey=bbb93134a5ef56223d34b76d096111ac,,unknown,,사전예고만 확인,사전예고만 확인,v0.4,review_pending
c64e576cd84effa4,외11개기준,외11개기준,NOTICE_ONLY,사전예고만,unknown,NOTICE_EVIDENCE_ONLY,1,외11개기준: 사전예고만,2,OFFICIAL_NOTICE_ONLY,사전예고 공식 기록은 있으나 현행 규정 전문을 확인하지 못함,1,0,False,2026-09-08T19:20:38+09:00,2026-09-08T19:20:38+09:00,https://www.kodit.or.kr/common/nttFileDownload.do?fileKey=f58d79ba9652f1125bc3b9ac56ee399f,,unknown,,사전예고만 확인,사전예고만 확인,v0.4,review_pending
110f9ab4fce5fb7e,외17개(규정,외17개규정,NOTICE_ONLY,사전예고만,unknown,NOTICE_EVIDENCE_ONLY,1,외17개(규정: 사전예고만,2,OFFICIAL_NOTICE_ONLY,사전예고 공식 기록은 있으나 현행 규정 전문을 확인하지 못함,1,0,False,2026-09-08T19:20:38+09:00,2026-09-08T19:20:38+09:00,https://www.kodit.or.kr/common/nttFileDownload.do?fileKey=f48b6d96d53f37e2dbb5184b15658501,,unknown,,사전예고만 확인,사전예고만 확인,v0.4,review_pending
1582d777e537f82a,외 2개 기준,외2개기준,NOTICE_ONLY,사전예고만,unknown,NOTICE_EVIDENCE_ONLY,1,외 2개 기준: 사전예고만,2,OFFICIAL_NOTICE_ONLY,사전예고 공식 기록은 있으나 현행 규정 전문을 확인하지 못함,1,0,False,2026-09-08T19:20:38+09:00,2026-09-08T19:20:38+09:00,https://www.kodit.or.kr/common/nttFileDownload.do?fileKey=4752ad3113513a678b80a7c9041245f4,,unknown,,사전예고만 확인,사전예고만 확인,v0.4,review_pending
129a34551f896e38,외36개기준,외36개기준,NOTICE_ONLY,사전예고만,unknown,NOTICE_EVIDENCE_ONLY,1,외36개기준: 사전예고만,2,OFFICIAL_NOTICE_ONLY,사전예고 공식 기록은 있으나 현행 규정 전문을 확인하지 못함,1,0,False,2026-09-08T19:20:38+09:00,2026-09-08T19:20:38+09:00,https://www.kodit.or.kr/common/nttFileDownload.do?fileKey=2277295ce4878ac438082135ccbd78c1,,unknown,,사전예고만 확인,사전예고만 확인,v0.4,review_pending
1a8d19c61c53b9a6,외3개기준,외3개기준,NOTICE_ONLY,사전예고만,unknown,NOTICE_EVIDENCE_ONLY,1,외3개기준: 사전예고만,2,OFFICIAL_NOTICE_ONLY,사전예고 공식 기록은 있으나 현행 규정 전문을 확인하지 못함,1,0,False,2026-09-08T19:20:38+09:00,2026-09-08T19:20:38+09:00,https://www.kodit.or.kr/common/nttFileDownload.do?fileKey=fb08c58871b80212a1bdee9cce6d7b0d,,unknown,,사전예고만 확인,사전예고만 확인,v0.4,review_pending
d0e36f774d98519c,외4개기준,외4개기준,NOTICE_ONLY,사전예고만,unknown,NOTICE_EVIDENCE_ONLY,1,외4개기준: 사전예고만,2,OFFICIAL_NOTICE_ONLY,사전예고 공식 기록은 있으나 현행 규정 전문을 확인하지 못함,1,0,False,2026-09-08T19:20:38+09:00,2026-09-08T19:20:38+09:00,https://www.kodit.or.kr/common/nttFileDownload.do?fileKey=33c8c0a6fbd0374f44dee1db04305594,,unknown,,사전예고만 확인,사전예고만 확인,v0.4,review_pending
f3cf0c07c7de2e56,외 6개 기준,외6개기준,NOTICE_ONLY,사전예고만,unknown,NOTICE_EVIDENCE_ONLY,1,외 6개 기준: 사전예고만,2,OFFICIAL_NOTICE_ONLY,사전예고 공식 기록은 있으나 현행 규정 전문을 확인하지 못함,1,0,False,2026-09-08T19:20:38+09:00,2026-09-08T19:20:38+09:00,https://www.kodit.or.kr/common/nttFileDownload.do?fileKey=9a2632047937dd58253a951e74d5663b,,unknown,,사전예고만 확인,사전예고만 확인,v0.4,review_pending
00d0c2aa78bccc1c,외국어능력평가 실시기준,외국어능력평가실시기준,EXTRACTION_PENDING,판정대기,current,EXTRACTION_PENDING,1,외국어능력평가 실시기준: 판정대기,2,EXTRACTION_PENDING,공식 원문은 발견했으나 본문 추출·확인이 완료되지 않음,2,0,False,2026-09-08T19:20:38+09:00,2026-09-08T19:20:38+09:00,https://www.alio.go.kr/download/rulefiledown.json?fileNo=223406,c5c42e708ab6ffa68ae30c4805d3dc280573e4c04d7c7e8242096ec31494501a,hwp,2025.10.31,공개 확인,공개 확인,v0.4,review_pending
c844ef77ca913b49,외부감사운용기준,외부감사운용기준,NOTICE_ONLY,사전예고만,unknown,NOTICE_EVIDENCE_ONLY,1,외부감사운용기준: 사전예고만,2,OFFICIAL_NOTICE_ONLY,사전예고 공식 기록은 있으나 현행 규정 전문을 확인하지 못함,1,0,False,2026-09-08T19:20:38+09:00,2026-09-08T19:20:38+09:00,https://www.kodit.or.kr/common/nttFileDownload.do?fileKey=d594a29fcde5a193a319ac8b11d2b4c3,,unknown,,사전예고만 확인,사전예고만 확인,v0.4,review_pending
9e20be95219cfc64,외폐지기준,외폐지기준,NOTICE_ONLY,사전예고만,abolished,NOTICE_EVIDENCE_ONLY,1,외폐지기준: 사전예고만,2,OFFICIAL_NOTICE_ONLY,사전예고 공식 기록은 있으나 현행 규정 전문을 확인하지 못함,1,0,False,2026-09-08T19:20:38+09:00,2026-09-08T19:20:38+09:00,https://www.kodit.or.kr/common/nttFileDownload.do?fileKey=c526ca7f708ff9d19af78a2b11439593,,unknown,,사전예고만 확인,사전예고만 확인,v0.4,review_pending
b3740c07338a08b9,운영리스크 관리기준,운영리스크관리기준,NOTICE_ONLY,사전예고만,unknown,NOTICE_EVIDENCE_ONLY,1,운영리스크 관리기준: 사전예고만,2,OFFICIAL_NOTICE_ONLY,사전예고 공식 기록은 있으나 현행 규정 전문을 확인하지 못함,1,0,False,2026-09-08T19:20:38+09:00,2026-09-08T19:20:38+09:00,https://www.kodit.or.kr/common/nttFileDownload.do?fileKey=9db31835f97736b02abf6b54b07b6ade,,unknown,,사전예고만 확인,사전예고만 확인,v0.4,review_pending
771ad305a8845fd9,운영위원회규정,운영위원회규정,EXTRACTION_PENDING,판정대기,current,EXTRACTION_PENDING,1,운영위원회규정: 판정대기,2,EXTRACTION_PENDING,공식 원문은 발견했으나 본문 추출·확인이 완료되지 않음,2,0,False,2026-09-08T19:20:38+09:00,2026-09-08T19:20:38+09:00,https://www.alio.go.kr/download/rulefiledown.json?fileNo=149496,1d4438661dda0b4871c1a15d706a79b942c8d081740780835b10927f59c974c3,hwp,2022.04.07,공개 확인,공개 확인,v0.4,review_pending
bcb1d62ca2726068,운영자금보증기준,운영자금보증기준,NOTICE_ONLY,사전예고만,unknown,NOTICE_EVIDENCE_ONLY,1,운영자금보증기준: 사전예고만,2,OFFICIAL_NOTICE_ONLY,사전예고 공식 기록은 있으나 현행 규정 전문을 확인하지 못함,1,0,False,2026-09-08T19:20:38+09:00,2026-09-08T19:20:38+09:00,https://www.kodit.or.kr/common/nttFileDownload.do?fileKey=8bcf0db5236b53f23315f68cc8a7ecbd,,unknown,,사전예고만 확인,사전예고만 확인,v0.4,review_pending
415a9d9f75e6862a,위기대응 특례보험 운용기준,위기대응특례보험운용기준,NOTICE_ONLY,사전예고만,unknown,NOTICE_EVIDENCE_ONLY,1,위기대응 특례보험 운용기준: 사전예고만,2,OFFICIAL_NOTICE_ONLY,사전예고 공식 기록은 있으나 현행 규정 전문을 확인하지 못함,1,0,False,2026-09-08T19:20:38+09:00,2026-09-08T19:20:38+09:00,https://www.kodit.or.kr/common/nttFileDownload.do?fileKey=081535b2dddee128771e751f719cc8a1,,unknown,,사전예고만 확인,사전예고만 확인,v0.4,review_pending
3e99bb5d1aa86ba1,위메프·티몬 정산지연 피해기업 특례보증 업무처리방법,위메프티몬정산지연피해기업특례보증업무처리방법,NOTICE_ONLY,사전예고만,unknown,NOTICE_EVIDENCE_ONLY,1,위메프·티몬 정산지연 피해기업 특례보증 업무처리방법: 사전예고만,2,OFFICIAL_NOTICE_ONLY,사전예고 공식 기록은 있으나 현행 규정 전문을 확인하지 못함,1,0,False,2026-09-08T19:20:38+09:00,2026-09-08T19:20:38+09:00,https://www.kodit.or.kr/common/nttFileDownload.do?fileKey=e465287d785d4ce827f4a47a7cb24fee,,unknown,,명칭변경·통합·폐지 확인,명칭변경·통합·폐지 확인,v0.4,review_pending
f27588165ec2b041,위탁보증검토표·신용조사서및신용등급평가표운용기준,위탁보증검토표신용조사서및신용등급평가표운용기준,NOTICE_ONLY,사전예고만,unknown,NOTICE_EVIDENCE_ONLY,1,위탁보증검토표·신용조사서및신용등급평가표운용기준: 사전예고만,2,OFFICIAL_NOTICE_ONLY,사전예고 공식 기록은 있으나 현행 규정 전문을 확인하지 못함,1,0,False,2026-09-08T19:20:38+09:00,2026-09-08T19:20:38+09:00,https://www.kodit.or.kr/common/nttFileDownload.do?fileKey=c29d3c84817503c4ec2342d379d0bc36,,unknown,,사전예고만 확인,사전예고만 확인,v0.4,review_pending
cdd6ee0cb000e61d,위탁보증 기보증회수보증(갱신보증) 업무처리기준,위탁보증기보증회수보증갱신보증업무처리기준,EXTRACTION_PENDING,판정대기,current,EXTRACTION_PENDING,1,위탁보증 기보증회수보증(갱신보증) 업무처리기준: 판정대기,2,EXTRACTION_PENDING,공식 원문은 발견했으나 본문 추출·확인이 완료되지 않음,1,0,False,2026-09-08T19:20:38+09:00,2026-09-08T19:20:38+09:00,https://www.alio.go.kr/download/rulefiledown.json?fileNo=43267,82024a679c4e587751c84eae1a5696f90e624449c222aa503b8515b6a5622c1e,hwp,2017.06.09,,,v0.4,review_pending
d131f902f3df7b7c,위탁보증 기업형태변동기업에 대한 업무처리기준,위탁보증기업형태변동기업에대한업무처리기준,EXTRACTION_PENDING,판정대기,current,EXTRACTION_PENDING,1,위탁보증 기업형태변동기업에 대한 업무처리기준: 판정대기,2,EXTRACTION_PENDING,공식 원문은 발견했으나 본문 추출·확인이 완료되지 않음,1,0,False,2026-09-08T19:20:38+09:00,2026-09-08T19:20:38+09:00,https://www.alio.go.kr/download/rulefiledown.json?fileNo=43268,a84746af163706ad30d1b557b2fbf4f3ed987d99e7289542077d2bd5a87b9555,hwp,2017.06.09,,,v0.4,review_pending
32976686f7e6c91b,위탁보증 면책기준,위탁보증면책기준,EXTRACTION_PENDING,판정대기,current,EXTRACTION_PENDING,1,위탁보증 면책기준: 판정대기,2,EXTRACTION_PENDING,공식 원문은 발견했으나 본문 추출·확인이 완료되지 않음,2,0,False,2026-09-08T19:20:38+09:00,2026-09-08T19:20:38+09:00,https://www.alio.go.kr/download/rulefiledown.json?fileNo=26804,16d5e0950c048598144fb542bc3d6c4573131c03fc233ef5c4b30e0fef7f2fd2,hwp,2016.02.26,공개 확인,공개 확인,v0.4,review_pending
42c36ea4b53e42d1,위탁보증 보증료 등 운용기준,위탁보증보증료등운용기준,EXTRACTION_PENDING,판정대기,current,EXTRACTION_PENDING,1,위탁보증 보증료 등 운용기준: 판정대기,2,EXTRACTION_PENDING,공식 원문은 발견했으나 본문 추출·확인이 완료되지 않음,2,0,False,2026-09-08T19:20:38+09:00,2026-09-08T19:20:38+09:00,https://www.alio.go.kr/download/rulefiledown.json?fileNo=43269,269b89e6313a3195a76c187d9d6d4739e9253cd2722254076462e5de2c9ecd81,hwp,2017.06.09,공개 확인,공개 확인,v0.4,review_pending
fb9b616a45d715b8,위탁보증부실관리기준,위탁보증부실관리기준,EXTRACTION_PENDING,판정대기,current,EXTRACTION_PENDING,1,위탁보증부실관리기준: 판정대기,2,EXTRACTION_PENDING,공식 원문은 발견했으나 본문 추출·확인이 완료되지 않음,2,0,False,2026-09-08T19:20:38+09:00,2026-09-08T19:20:38+09:00,https://www.alio.go.kr/download/rulefiledown.json?fileNo=158370,78c991224056e10412ba980e1d9567816572d5d4cdf6a39f39b7d02e5b7c5872,hwp,2022.09.30,공개 확인,공개 확인,v0.4,review_pending
30b682678bf76c3b,위탁보증 사고(부실)관리기준,위탁보증사고부실관리기준,EXTRACTION_PENDING,판정대기,current,EXTRACTION_PENDING,1,위탁보증 사고(부실)관리기준: 판정대기,2,EXTRACTION_PENDING,공식 원문은 발견했으나 본문 추출·확인이 완료되지 않음,2,0,False,2026-09-08T19:20:38+09:00,2026-09-08T19:20:38+09:00,https://www.alio.go.kr/download/rulefiledown.json?fileNo=43327,6d5fb846d1c63062b461817d890e7b06602b5d7e6013fdef1f805fac8a5db74b,hwp,2017.06.14,공개 확인,공개 확인,v0.4,review_pending
dbdc6e9aa5823932,위탁보증 사고(부실)관리기준 외 1개 기준,위탁보증사고부실관리기준외1개기준,NOTICE_ONLY,사전예고만,unknown,NOTICE_EVIDENCE_ONLY,1,위탁보증 사고(부실)관리기준 외 1개 기준: 사전예고만,2,OFFICIAL_NOTICE_ONLY,사전예고 공식 기록은 있으나 현행 규정 전문을 확인하지 못함,1,0,False,2026-09-08T19:20:38+09:00,2026-09-08T19:20:38+09:00,https://www.kodit.or.kr/common/nttFileDownload.do?fileKey=cd15ea67e50ac57e085b338a6c87d3ac,,unknown,,매칭 불명,매칭 불명,v0.4,review_pending
4bd602022a9e162e,위탁보증 심사요령,위탁보증심사요령,EXTRACTION_PENDING,판정대기,current,EXTRACTION_PENDING,1,위탁보증 심사요령: 판정대기,2,EXTRACTION_PENDING,공식 원문은 발견했으나 본문 추출·확인이 완료되지 않음,2,0,False,2026-09-08T19:20:38+09:00,2026-09-08T19:20:38+09:00,https://www.alio.go.kr/download/rulefiledown.json?fileNo=71424,6109e6ffaf5ee4febd13434102f7dbe92511f1ef35e75f7c9f8def05d0dfd083,hwp,2018.11.16,공개 확인,공개 확인,v0.4,review_pending
c380247fb34765c0,위탁보증 연대보증 운용기준,위탁보증연대보증운용기준,EXTRACTION_PENDING,판정대기,current,EXTRACTION_PENDING,1,위탁보증 연대보증 운용기준: 판정대기,2,EXTRACTION_PENDING,공식 원문은 발견했으나 본문 추출·확인이 완료되지 않음,1,0,False,2026-09-08T19:20:38+09:00,2026-09-08T19:20:38+09:00,https://www.alio.go.kr/download/rulefiledown.json?fileNo=43270,0bfde7a9365839ad0dfafae1be6916fb5d13c416f678c5d34607f0ee15d1d59c,hwp,2017.06.09,,,v0.4,review_pending
d8a6cdfd368b5f62,위탁보증 운용요령,위탁보증운용요령,EXTRACTION_PENDING,판정대기,current,EXTRACTION_PENDING,1,위탁보증 운용요령: 판정대기,2,EXTRACTION_PENDING,공식 원문은 발견했으나 본문 추출·확인이 완료되지 않음,2,0,False,2026-09-08T19:20:38+09:00,2026-09-08T19:20:38+09:00,https://www.alio.go.kr/download/rulefiledown.json?fileNo=43271,3343ab1b52148945d5f3f8d47d4dc3bbecd8ab7ce2a1440c22f0bd594ad84edc,hwp,2017.06.09,공개 확인,공개 확인,v0.4,review_pending
b6c2eb8b7e94733a,위탁보증운용요령 외 10개 기준,위탁보증운용요령외10개기준,NOTICE_ONLY,사전예고만,unknown,NOTICE_EVIDENCE_ONLY,1,위탁보증운용요령 외 10개 기준: 사전예고만,2,OFFICIAL_NOTICE_ONLY,사전예고 공식 기록은 있으나 현행 규정 전문을 확인하지 못함,1,0,False,2026-09-08T19:20:38+09:00,2026-09-08T19:20:38+09:00,https://www.kodit.or.kr/common/nttFileDownload.do?fileKey=ac72bb2e5365cc708c2717dda0970066,,unknown,,매칭 불명,매칭 불명,v0.4,review_pending
8b45aaeb12bb8718,위탁보증 전환기업 면책기준,위탁보증전환기업면책기준,EXTRACTION_PENDING,판정대기,current,EXTRACTION_PENDING,1,위탁보증 전환기업 면책기준: 판정대기,2,EXTRACTION_PENDING,공식 원문은 발견했으나 본문 추출·확인이 완료되지 않음,1,0,False,2026-09-08T19:20:38+09:00,2026-09-08T19:20:38+09:00,https://www.alio.go.kr/download/rulefiledown.json?fileNo=43328,1b1112a98c2f14de83021c94a53cc882a9d56ca8c9f467f5698a064d6c2f6740,hwp,2017.06.14,,,v0.4,review_pending
f933c4f60932b4a9,위탁보증 전환기업에 대한 보증 업무처리기준,위탁보증전환기업에대한보증업무처리기준,EXTRACTION_PENDING,판정대기,current,EXTRACTION_PENDING,1,위탁보증 전환기업에 대한 보증 업무처리기준: 판정대기,2,EXTRACTION_PENDING,공식 원문은 발견했으나 본문 추출·확인이 완료되지 않음,1,0,False,2026-09-08T19:20:38+09:00,2026-09-08T19:20:38+09:00,https://www.alio.go.kr/download/rulefiledown.json?fileNo=43273,3bdde7402282bbf39c29a982fcfa49559116093244925051a60d80442e42f31f,hwp,2017.06.09,,,v0.4,review_pending
661e48684d220152,위탁보증(전환)면책기준,위탁보증전환면책기준,NOTICE_ONLY,사전예고만,unknown,NOTICE_EVIDENCE_ONLY,1,위탁보증(전환)면책기준: 사전예고만,2,OFFICIAL_NOTICE_ONLY,사전예고 공식 기록은 있으나 현행 규정 전문을 확인하지 못함,1,0,False,2026-09-08T19:20:38+09:00,2026-09-08T19:20:38+09:00,https://www.kodit.or.kr/common/nttFileDownload.do?fileKey=cd15ea67e50ac57e085b338a6c87d3ac,,unknown,,매칭 불명,매칭 불명,v0.4,review_pending
0684b358c981af2a,위탁보증 전환 및 운영기준,위탁보증전환및운영기준,EXTRACTION_PENDING,판정대기,current,EXTRACTION_PENDING,1,위탁보증 전환 및 운영기준: 판정대기,2,EXTRACTION_PENDING,공식 원문은 발견했으나 본문 추출·확인이 완료되지 않음,1,0,False,2026-09-08T19:20:38+09:00,2026-09-08T19:20:38+09:00,https://www.alio.go.kr/download/rulefiledown.json?fileNo=43272,2ef43dde2bc393bd8e13c969e75b63b9aa87e2aae5ae1bbf5e7218dffd45a4a5,hwp,2017.06.09,,,v0.4,review_pending
859e00169138373e,위탁보증제기준,위탁보증제기준,NOTICE_ONLY,사전예고만,unknown,NOTICE_EVIDENCE_ONLY,1,위탁보증제기준: 사전예고만,2,OFFICIAL_NOTICE_ONLY,사전예고 공식 기록은 있으나 현행 규정 전문을 확인하지 못함,1,0,False,2026-09-08T19:20:38+09:00,2026-09-08T19:20:38+09:00,https://www.kodit.or.kr/common/nttFileDownload.do?fileKey=b43ac7e4f2e1e110d24d03b112f78642,,unknown,,매칭 불명,매칭 불명,v0.4,review_pending
be127f332414f782,위탁보증 조건변경 업무처리기준,위탁보증조건변경업무처리기준,EXTRACTION_PENDING,판정대기,current,EXTRACTION_PENDING,1,위탁보증 조건변경 업무처리기준: 판정대기,2,EXTRACTION_PENDING,공식 원문은 발견했으나 본문 추출·확인이 완료되지 않음,1,0,False,2026-09-08T19:20:38+09:00,2026-09-08T19:20:38+09:00,https://www.alio.go.kr/download/rulefiledown.json?fileNo=43274,127d73de477312b6d83489d79c59f7421f993a03e96554bcd1bf10cae418f3c1,hwp,2017.06.09,,,v0.4,review_pending
a640a3330681ab5f,"위탁보증 조사, 심사 운용기준",위탁보증조사심사운용기준,EXTRACTION_PENDING,판정대기,current,EXTRACTION_PENDING,1,"위탁보증 조사, 심사 운용기준: 판정대기",2,EXTRACTION_PENDING,공식 원문은 발견했으나 본문 추출·확인이 완료되지 않음,1,0,False,2026-09-08T19:20:38+09:00,2026-09-08T19:20:38+09:00,https://www.alio.go.kr/download/rulefiledown.json?fileNo=43275,8c83d06aef6eff524cb495f5ba0284fff960c0d467e50e15de65589d3f1adfaa,hwp,2017.06.09,,,v0.4,review_pending
76bc06190d280be2,위탁보증 조사자료 등 운용기준,위탁보증조사자료등운용기준,EXTRACTION_PENDING,판정대기,current,EXTRACTION_PENDING,1,위탁보증 조사자료 등 운용기준: 판정대기,2,EXTRACTION_PENDING,공식 원문은 발견했으나 본문 추출·확인이 완료되지 않음,2,0,False,2026-09-08T19:20:38+09:00,2026-09-08T19:20:38+09:00,https://www.alio.go.kr/download/rulefiledown.json?fileNo=43276,a13ac23b3350d0136f2b9f896ddfa72dbac7168221cb0b4a50deddf94d8c2d22,hwp,2017.06.09,공개 확인,공개 확인,v0.4,review_pending
50d5856756ac3345,위탁보증 취급절차 운용기준,위탁보증취급절차운용기준,EXTRACTION_PENDING,판정대기,current,EXTRACTION_PENDING,1,위탁보증 취급절차 운용기준: 판정대기,2,EXTRACTION_PENDING,공식 원문은 발견했으나 본문 추출·확인이 완료되지 않음,1,0,False,2026-09-08T19:20:38+09:00,2026-09-08T19:20:38+09:00,https://www.alio.go.kr/download/rulefiledown.json?fileNo=43277,446d5b9157ad08a05a062274ce4ac1a5b2859a58a8fdc3fec044d3cd2bfa049b,hwp,2017.06.09,,,v0.4,review_pending
5fedb9a5558f6140,위탁보험업무운용기준,위탁보험업무운용기준,NOTICE_ONLY,사전예고만,unknown,NOTICE_EVIDENCE_ONLY,1,위탁보험업무운용기준: 사전예고만,2,OFFICIAL_NOTICE_ONLY,사전예고 공식 기록은 있으나 현행 규정 전문을 확인하지 못함,1,0,False,2026-09-08T19:20:38+09:00,2026-09-08T19:20:38+09:00,https://www.kodit.or.kr/common/nttFileDownload.do?fileKey=b7728665f030261ea35986ac5e3d8810,,unknown,,매칭 불명,매칭 불명,v0.4,review_pending
87789ec4c2bfea18,위탁운용 관리기준,위탁운용관리기준,NOTICE_ONLY,사전예고만,unknown,NOTICE_EVIDENCE_ONLY,1,위탁운용 관리기준: 사전예고만,2,OFFICIAL_NOTICE_ONLY,사전예고 공식 기록은 있으나 현행 규정 전문을 확인하지 못함,1,0,False,2026-09-08T19:20:38+09:00,2026-09-08T19:20:38+09:00,https://www.kodit.or.kr/common/nttFileDownload.do?fileKey=c614e6ba55d51ca3f3e839ebed729edb,,unknown,,매칭 불명,매칭 불명,v0.4,review_pending
4fd5e3aedeb2b7cc,위험성평가기준,위험성평가기준,NOTICE_ONLY,사전예고만,unknown,NOTICE_EVIDENCE_ONLY,1,위험성평가기준: 사전예고만,2,OFFICIAL_NOTICE_ONLY,사전예고 공식 기록은 있으나 현행 규정 전문을 확인하지 못함,1,0,False,2026-09-08T19:20:38+09:00,2026-09-08T19:20:38+09:00,https://www.kodit.or.kr/common/nttFileDownload.do?fileKey=afa74f666ecdadd54625e30db3c5ef3c,,unknown,,사전예고만 확인,사전예고만 확인,v0.4,review_pending
6ec44a0ece9d9bc8,유가증권관리기준,유가증권관리기준,NOTICE_ONLY,사전예고만,unknown,NOTICE_EVIDENCE_ONLY,1,유가증권관리기준: 사전예고만,2,OFFICIAL_NOTICE_ONLY,사전예고 공식 기록은 있으나 현행 규정 전문을 확인하지 못함,1,0,False,2026-09-08T19:20:38+09:00,2026-09-08T19:20:38+09:00,https://www.kodit.or.kr/common/nttFileDownload.do?fileKey=5d9068419381f09cab8b18ad9c0bf38a,,unknown,,사전예고만 확인,사전예고만 확인,v0.4,review_pending
b11099508b96c06b,유동화 기초자산 관리기준,유동화기초자산관리기준,NOTICE_ONLY,사전예고만,unknown,NOTICE_EVIDENCE_ONLY,1,유동화 기초자산 관리기준: 사전예고만,2,OFFICIAL_NOTICE_ONLY,사전예고 공식 기록은 있으나 현행 규정 전문을 확인하지 못함,1,0,False,2026-09-08T19:20:38+09:00,2026-09-08T19:20:38+09:00,https://www.kodit.or.kr/common/nttFileDownload.do?fileKey=aa5eb778dac2c0146783cb1ff9151501,,unknown,,사전예고만 확인,사전예고만 확인,v0.4,review_pending
f5c10ee54ecbd475,유동화보증 관리요령,유동화보증관리요령,FULLTEXT_PUBLIC,전문 공개,current,ANCHORS_CONFIRMED,0,유동화보증 관리요령: 전문 공개,4,ANCHORS_CONFIRMED,공식 원문 본문에서 규정명·개정일·조문을 확인함,2,0,False,2026-09-08T19:20:38+09:00,2026-09-08T19:20:38+09:00,https://www.alio.go.kr/download/rulefiledown.json?fileNo=236617,0b32819fa485fad1724ac293d3d77f6f33c73cce95b988de47a31088de4c3388,pdf,2026.06.01,공개 확인,공개 확인,v0.4,review_pending
08b990b7116f7b83,유동화보증규정,유동화보증규정,FULLTEXT_PUBLIC,전문 공개,current,ANCHORS_CONFIRMED,0,유동화보증규정: 전문 공개,4,ANCHORS_CONFIRMED,공식 원문 본문에서 규정명·개정일·조문을 확인함,2,0,False,2026-09-08T19:20:38+09:00,2026-09-08T19:20:38+09:00,https://www.alio.go.kr/download/rulefiledown.json?fileNo=236622,7f60d65b2ce166a2a13ddccaf284ca8b2ae8b5f36c82634140ed7e689ed7d0c5,pdf,2026.06.01,공개 확인,공개 확인,v0.4,review_pending
0fe9179e369347c2,유동화보증 운용기준,유동화보증운용기준,NOTICE_ONLY,사전예고만,unknown,NOTICE_EVIDENCE_ONLY,1,유동화보증 운용기준: 사전예고만,2,OFFICIAL_NOTICE_ONLY,사전예고 공식 기록은 있으나 현행 규정 전문을 확인하지 못함,1,0,False,2026-09-08T19:20:38+09:00,2026-09-08T19:20:38+09:00,https://www.kodit.or.kr/common/nttFileDownload.do?fileKey=aa5eb778dac2c0146783cb1ff9151501,,unknown,,매칭 불명,매칭 불명,v0.4,review_pending
7684fd37bc49607f,유동화보증 운용요령,유동화보증운용요령,FULLTEXT_PUBLIC,전문 공개,current,ANCHORS_CONFIRMED,0,유동화보증 운용요령: 전문 공개,4,ANCHORS_CONFIRMED,공식 원문 본문에서 규정명·개정일·조문을 확인함,2,0,False,2026-09-08T19:20:38+09:00,2026-09-08T19:20:38+09:00,https://www.alio.go.kr/download/rulefiledown.json?fileNo=236618,1dfdfce126d70e819350dfa051917993ccf106ca59b31fe4720e0895cb395a2e,pdf,2026.06.01,공개 확인,공개 확인,v0.4,review_pending
450f263fe2f72797,유동화보증 조사 및 심사 운용기준,유동화보증조사및심사운용기준,NOTICE_ONLY,사전예고만,unknown,NOTICE_EVIDENCE_ONLY,1,유동화보증 조사 및 심사 운용기준: 사전예고만,2,OFFICIAL_NOTICE_ONLY,사전예고 공식 기록은 있으나 현행 규정 전문을 확인하지 못함,1,0,False,2026-09-08T19:20:38+09:00,2026-09-08T19:20:38+09:00,https://www.kodit.or.kr/common/nttFileDownload.do?fileKey=aa5eb778dac2c0146783cb1ff9151501,,unknown,,매칭 불명,매칭 불명,v0.4,review_pending
7c15b12546527c9c,유동화신탁 운영요령,유동화신탁운영요령,FULLTEXT_PUBLIC,전문 공개,current,ANCHORS_CONFIRMED,0,유동화신탁 운영요령: 전문 공개,4,ANCHORS_CONFIRMED,공식 원문 본문에서 규정명·개정일·조문을 확인함,2,0,False,2026-09-08T19:20:38+09:00,2026-09-08T19:20:38+09:00,https://www.alio.go.kr/download/rulefiledown.json?fileNo=236619,91e2681ed24805f13bec07f2a34c8bf4acf0a816521357b09cc58161142422bf,pdf,2026.06.01,공개 확인,공개 확인,v0.4,review_pending
19c7d4b45f03dce3,유동화증권 등 발행기준,유동화증권등발행기준,NOTICE_ONLY,사전예고만,unknown,NOTICE_EVIDENCE_ONLY,1,유동화증권 등 발행기준: 사전예고만,2,OFFICIAL_NOTICE_ONLY,사전예고 공식 기록은 있으나 현행 규정 전문을 확인하지 못함,1,0,False,2026-09-08T19:20:38+09:00,2026-09-08T19:20:38+09:00,https://www.kodit.or.kr/common/nttFileDownload.do?fileKey=d52dc8767722e5fc2147aca30a5b9aa1,,unknown,,매칭 불명,매칭 불명,v0.4,review_pending
4a57417007a79da7,유동화증권 등 발행요령,유동화증권등발행요령,FULLTEXT_PUBLIC,전문 공개,current,ANCHORS_CONFIRMED,0,유동화증권 등 발행요령: 전문 공개,4,ANCHORS_CONFIRMED,공식 원문 본문에서 규정명·개정일·조문을 확인함,2,0,False,2026-09-08T19:20:38+09:00,2026-09-08T19:20:38+09:00,https://www.alio.go.kr/download/rulefiledown.json?fileNo=236620,e4f4f058d51c082ef8c0496c5b6c8c5df51aefb569c6f0f963408be3a04b466a,pdf,2026.06.01,공개 확인,공개 확인,v0.4,review_pending
b859454a75c011f4,유동화회사등 관리기준,유동화회사등관리기준,NOTICE_ONLY,사전예고만,unknown,NOTICE_EVIDENCE_ONLY,1,유동화회사등 관리기준: 사전예고만,2,OFFICIAL_NOTICE_ONLY,사전예고 공식 기록은 있으나 현행 규정 전문을 확인하지 못함,1,0,False,2026-09-08T19:20:38+09:00,2026-09-08T19:20:38+09:00,https://www.kodit.or.kr/common/nttFileDownload.do?fileKey=aa5eb778dac2c0146783cb1ff9151501,,unknown,,사전예고만 확인,사전예고만 확인,v0.4,review_pending
5b92392131baec39,유동화회사보증 관리기준,유동화회사보증관리기준,NOTICE_ONLY,사전예고만,abolished,NOTICE_EVIDENCE_ONLY,1,유동화회사보증 관리기준: 사전예고만,2,OFFICIAL_NOTICE_ONLY,사전예고 공식 기록은 있으나 현행 규정 전문을 확인하지 못함,1,0,False,2026-09-08T19:20:38+09:00,2026-09-08T19:20:38+09:00,https://www.kodit.or.kr/common/nttFileDownload.do?fileKey=8b7f0273f02a31666228b48861a49e32,,unknown,,매칭 불명,매칭 불명,v0.4,review_pending
df05f61223bcd8e3,유동화회사보증 관리요령,유동화회사보증관리요령,NOTICE_ONLY,사전예고만,abolished,NOTICE_EVIDENCE_ONLY,1,유동화회사보증 관리요령: 사전예고만,2,OFFICIAL_NOTICE_ONLY,사전예고 공식 기록은 있으나 현행 규정 전문을 확인하지 못함,1,0,False,2026-09-08T19:20:38+09:00,2026-09-08T19:20:38+09:00,https://www.kodit.or.kr/common/nttFileDownload.do?fileKey=8b7f0273f02a31666228b48861a49e32,,unknown,,매칭 불명,매칭 불명,v0.4,review_pending
29f9ad077c8fe6de,"유동화회사보증 관리요령, 관리기준",유동화회사보증관리요령관리기준,NOTICE_ONLY,사전예고만,unknown,NOTICE_EVIDENCE_ONLY,1,"유동화회사보증 관리요령, 관리기준: 사전예고만",2,OFFICIAL_NOTICE_ONLY,사전예고 공식 기록은 있으나 현행 규정 전문을 확인하지 못함,1,0,False,2026-09-08T19:20:38+09:00,2026-09-08T19:20:38+09:00,https://www.kodit.or.kr/common/nttFileDownload.do?fileKey=3676f7280be3e34ea986bed8d1b3bf9c,,unknown,,매칭 불명,매칭 불명,v0.4,review_pending
e9b55240fa461cae,유동화회사보증 관리요령 외 3개 규정,유동화회사보증관리요령외3개규정,NOTICE_ONLY,사전예고만,unknown,NOTICE_EVIDENCE_ONLY,1,유동화회사보증 관리요령 외 3개 규정: 사전예고만,2,OFFICIAL_NOTICE_ONLY,사전예고 공식 기록은 있으나 현행 규정 전문을 확인하지 못함,1,0,False,2026-09-08T19:20:38+09:00,2026-09-08T19:20:38+09:00,https://www.kodit.or.kr/common/nttFileDownload.do?fileKey=2c086e0e6ce13151c4a3bf6283ce76fd,,unknown,,매칭 불명,매칭 불명,v0.4,review_pending
7057adac6103436b,유동화회사보증 기초자산의 일반보증 전화보증 업무처리방법,유동화회사보증기초자산의일반보증전화보증업무처리방법,NOTICE_ONLY,사전예고만,unknown,NOTICE_EVIDENCE_ONLY,1,유동화회사보증 기초자산의 일반보증 전화보증 업무처리방법: 사전예고만,2,OFFICIAL_NOTICE_ONLY,사전예고 공식 기록은 있으나 현행 규정 전문을 확인하지 못함,1,0,False,2026-09-08T19:20:38+09:00,2026-09-08T19:20:38+09:00,https://www.kodit.or.kr/common/nttFileDownload.do?fileKey=0bf3c498840e62bf539b0296d642424a,,unknown,,사전예고만 확인,사전예고만 확인,v0.4,review_pending
46ef8aa74088627d,유동화회사보증 기초자산의 일반보증 전환보증 운용기준,유동화회사보증기초자산의일반보증전환보증운용기준,NOTICE_ONLY,사전예고만,abolished,NOTICE_EVIDENCE_ONLY,1,유동화회사보증 기초자산의 일반보증 전환보증 운용기준: 사전예고만,2,OFFICIAL_NOTICE_ONLY,사전예고 공식 기록은 있으나 현행 규정 전문을 확인하지 못함,1,0,False,2026-09-08T19:20:38+09:00,2026-09-08T19:20:38+09:00,https://www.kodit.or.kr/common/nttFileDownload.do?fileKey=b8be92c1435bad40b68a36476063ad26,,unknown,,사전예고만 확인,사전예고만 확인,v0.4,review_pending
e34c6da469349410,유동화회사보증 운용기준,유동화회사보증운용기준,NOTICE_ONLY,사전예고만,abolished,NOTICE_EVIDENCE_ONLY,1,유동화회사보증 운용기준: 사전예고만,2,OFFICIAL_NOTICE_ONLY,사전예고 공식 기록은 있으나 현행 규정 전문을 확인하지 못함,1,0,False,2026-09-08T19:20:38+09:00,2026-09-08T19:20:38+09:00,https://www.kodit.or.kr/common/nttFileDownload.do?fileKey=8b7f0273f02a31666228b48861a49e32,,unknown,,매칭 불명,매칭 불명,v0.4,review_pending
ac7aae1e9456e64e,유동화회사보증 운용요령,유동화회사보증운용요령,NOTICE_ONLY,사전예고만,abolished,NOTICE_EVIDENCE_ONLY,1,유동화회사보증 운용요령: 사전예고만,2,OFFICIAL_NOTICE_ONLY,사전예고 공식 기록은 있으나 현행 규정 전문을 확인하지 못함,1,0,False,2026-09-08T19:20:38+09:00,2026-09-08T19:20:38+09:00,https://www.kodit.or.kr/common/nttFileDownload.do?fileKey=8b7f0273f02a31666228b48861a49e32,,unknown,,매칭 불명,매칭 불명,v0.4,review_pending
f2d1a5b1acf9c403,유동화회사보증 운용요령 및 운용기준,유동화회사보증운용요령및운용기준,NOTICE_ONLY,사전예고만,unknown,NOTICE_EVIDENCE_ONLY,1,유동화회사보증 운용요령 및 운용기준: 사전예고만,2,OFFICIAL_NOTICE_ONLY,사전예고 공식 기록은 있으나 현행 규정 전문을 확인하지 못함,1,0,False,2026-09-08T19:20:38+09:00,2026-09-08T19:20:38+09:00,https://www.kodit.or.kr/common/nttFileDownload.do?fileKey=d61dbfec8b583c49339c67f13975033a,,unknown,,매칭 불명,매칭 불명,v0.4,review_pending
4bd73cdee6026c77,유동화회사보증 운용요령 외 1개 기준,유동화회사보증운용요령외1개기준,NOTICE_ONLY,사전예고만,unknown,NOTICE_EVIDENCE_ONLY,1,유동화회사보증 운용요령 외 1개 기준: 사전예고만,2,OFFICIAL_NOTICE_ONLY,사전예고 공식 기록은 있으나 현행 규정 전문을 확인하지 못함,1,0,False,2026-09-08T19:20:38+09:00,2026-09-08T19:20:38+09:00,https://www.kodit.or.kr/common/nttFileDownload.do?fileKey=87d675e4f962ce643c5b6addbcf60f20,,unknown,,매칭 불명,매칭 불명,v0.4,review_pending
446d7d84e6ecf6f8,유동화회사보증 운용요령 외 2개 기준,유동화회사보증운용요령외2개기준,NOTICE_ONLY,사전예고만,unknown,NOTICE_EVIDENCE_ONLY,1,유동화회사보증 운용요령 외 2개 기준: 사전예고만,2,OFFICIAL_NOTICE_ONLY,사전예고 공식 기록은 있으나 현행 규정 전문을 확인하지 못함,1,0,False,2026-09-08T19:20:38+09:00,2026-09-08T19:20:38+09:00,https://www.kodit.or.kr/common/nttFileDownload.do?fileKey=542e58e93369a67a0d114a66e2a3463f,,unknown,,매칭 불명,매칭 불명,v0.4,review_pending
b05063d5b5892ce8,유동화회사보증 운용요령 외 3개 규정,유동화회사보증운용요령외3개규정,NOTICE_ONLY,사전예고만,unknown,NOTICE_EVIDENCE_ONLY,1,유동화회사보증 운용요령 외 3개 규정: 사전예고만,2,OFFICIAL_NOTICE_ONLY,사전예고 공식 기록은 있으나 현행 규정 전문을 확인하지 못함,1,0,False,2026-09-08T19:20:38+09:00,2026-09-08T19:20:38+09:00,https://www.kodit.or.kr/common/nttFileDownload.do?fileKey=da19f6d601dde367743b5d16695f8dcd,,unknown,,매칭 불명,매칭 불명,v0.4,review_pending
4da2ab604dd4b681,유망창업기업 성장지원 프로그램 운용기준,유망창업기업성장지원프로그램운용기준,NOTICE_ONLY,사전예고만,unknown,NOTICE_EVIDENCE_ONLY,1,유망창업기업 성장지원 프로그램 운용기준: 사전예고만,2,OFFICIAL_NOTICE_ONLY,사전예고 공식 기록은 있으나 현행 규정 전문을 확인하지 못함,1,0,False,2026-09-08T19:20:38+09:00,2026-09-08T19:20:38+09:00,https://www.kodit.or.kr/common/nttFileDownload.do?fileKey=dd95bccb6435d82cd03c1244699a2492,,unknown,,매칭 불명,매칭 불명,v0.4,review_pending
25eaaa4d1325c11e,유망창업 성장지원 프로그램 운용기준,유망창업성장지원프로그램운용기준,NOTICE_ONLY,사전예고만,unknown,NOTICE_EVIDENCE_ONLY,1,유망창업 성장지원 프로그램 운용기준: 사전예고만,2,OFFICIAL_NOTICE_ONLY,사전예고 공식 기록은 있으나 현행 규정 전문을 확인하지 못함,1,0,False,2026-09-08T19:20:38+09:00,2026-09-08T19:20:38+09:00,https://www.kodit.or.kr/common/nttFileDownload.do?fileKey=0f6e4ce4b5c86f91c2fe9cdd3c70e436,,unknown,,매칭 불명,매칭 불명,v0.4,review_pending
1f376631ba274625,유먕창업기업 성장지원 프로그램 운용기준,유먕창업기업성장지원프로그램운용기준,NOTICE_ONLY,사전예고만,unknown,NOTICE_EVIDENCE_ONLY,1,유먕창업기업 성장지원 프로그램 운용기준: 사전예고만,2,OFFICIAL_NOTICE_ONLY,사전예고 공식 기록은 있으나 현행 규정 전문을 확인하지 못함,1,0,False,2026-09-08T19:20:38+09:00,2026-09-08T19:20:38+09:00,https://www.kodit.or.kr/common/nttFileDownload.do?fileKey=b26e378e37f300b759cf3f8c84c4d55c,,unknown,,매칭 불명,매칭 불명,v0.4,review_pending
611e8410ba6c52e6,유연근무제 운영기준,유연근무제운영기준,EXTRACTION_PENDING,판정대기,current,EXTRACTION_PENDING,1,유연근무제 운영기준: 판정대기,2,EXTRACTION_PENDING,공식 원문은 발견했으나 본문 추출·확인이 완료되지 않음,2,0,False,2026-09-08T19:20:38+09:00,2026-09-08T19:20:38+09:00,https://www.alio.go.kr/download/rulefiledown.json?fileNo=235308,87954336c8d9edf0338b14ac853be8c1239c04857eb3b408df49a617b7daa649,hwp,2026.04.29,공개 확인,공개 확인,v0.4,review_pending
ecd4cfe86c8ab0b9,윤리·CS경영위원회 운영기준,윤리cs경영위원회운영기준,NOTICE_ONLY,사전예고만,unknown,NOTICE_EVIDENCE_ONLY,1,윤리·CS경영위원회 운영기준: 사전예고만,2,OFFICIAL_NOTICE_ONLY,사전예고 공식 기록은 있으나 현행 규정 전문을 확인하지 못함,1,0,False,2026-09-08T19:20:38+09:00,2026-09-08T19:20:38+09:00,https://www.kodit.or.kr/common/nttFileDownload.do?fileKey=b7cdd1acc61940a716ae4d93d4e8df33,,unknown,,사전예고만 확인,사전예고만 확인,v0.4,review_pending
867336aed61665bb,윤리경영위원회 운영기준,윤리경영위원회운영기준,NOTICE_ONLY,사전예고만,unknown,NOTICE_EVIDENCE_ONLY,1,윤리경영위원회 운영기준: 사전예고만,2,OFFICIAL_NOTICE_ONLY,사전예고 공식 기록은 있으나 현행 규정 전문을 확인하지 못함,1,0,False,2026-09-08T19:20:38+09:00,2026-09-08T19:20:38+09:00,https://www.kodit.or.kr/common/nttFileDownload.do?fileKey=a8c836290b04a3078d3684f1469da48a,,unknown,,사전예고만 확인,사전예고만 확인,v0.4,review_pending
f588863c8441dbc8,은행권 공동출연 협약보증 운용기준,은행권공동출연협약보증운용기준,NOTICE_ONLY,사전예고만,unknown,NOTICE_EVIDENCE_ONLY,1,은행권 공동출연 협약보증 운용기준: 사전예고만,2,OFFICIAL_NOTICE_ONLY,사전예고 공식 기록은 있으나 현행 규정 전문을 확인하지 못함,1,0,False,2026-09-08T19:20:38+09:00,2026-09-08T19:20:38+09:00,https://www.kodit.or.kr/common/nttFileDownload.do?fileKey=321510d01ec06ae7167f7afe5ccbeca7,,unknown,,사전예고만 확인,사전예고만 확인,v0.4,review_pending
bfd5f9c5d4eecfc7,이사회규정,이사회규정,EXTRACTION_PENDING,판정대기,current,EXTRACTION_PENDING,1,이사회규정: 판정대기,2,EXTRACTION_PENDING,공식 원문은 발견했으나 본문 추출·확인이 완료되지 않음,2,0,False,2026-09-08T19:20:38+09:00,2026-09-08T19:20:38+09:00,https://www.alio.go.kr/download/rulefiledown.json?fileNo=206446,b190fef66f1bc41fdbf2374a3abf4aada197f60fa4a36008ed3f8dd095a6ef5c,hwp,2024.11.27,공개 확인,공개 확인,v0.4,review_pending
7341db02024ceb87,이수관 운용기준,이수관운용기준,NOTICE_ONLY,사전예고만,unknown,NOTICE_EVIDENCE_ONLY,1,이수관 운용기준: 사전예고만,2,OFFICIAL_NOTICE_ONLY,사전예고 공식 기록은 있으나 현행 규정 전문을 확인하지 못함,1,0,False,2026-09-08T19:20:38+09:00,2026-09-08T19:20:38+09:00,https://www.kodit.or.kr/common/nttFileDownload.do?fileKey=7a2f3923efac69ebe03819133b866367,,unknown,,사전예고만 확인,사전예고만 확인,v0.4,review_pending
36e8d373524fd84e,이커머스 정산지연 피해기업 특례보증 업무처리방법,이커머스정산지연피해기업특례보증업무처리방법,EXTRACTION_PENDING,판정대기,current,EXTRACTION_PENDING,1,이커머스 정산지연 피해기업 특례보증 업무처리방법: 판정대기,2,EXTRACTION_PENDING,공식 원문은 발견했으나 본문 추출·확인이 완료되지 않음,1,0,False,2026-09-08T19:20:38+09:00,2026-09-08T19:20:38+09:00,https://www.alio.go.kr/download/rulefiledown.json?fileNo=230404,d2174bf736aa160d0eb38d34730d12bb411d4449e56e029ee0758a292221ff9d,hwp,2026.01.22,,,v0.4,review_pending
897fa767d68d7714,이해충돌 방지제도 운영기준,이해충돌방지제도운영기준,EXTRACTION_PENDING,판정대기,current,EXTRACTION_PENDING,1,이해충돌 방지제도 운영기준: 판정대기,2,EXTRACTION_PENDING,공식 원문은 발견했으나 본문 추출·확인이 완료되지 않음,2,0,False,2026-09-08T19:20:38+09:00,2026-09-08T19:20:38+09:00,https://www.alio.go.kr/download/rulefiledown.json?fileNo=211353,1fcab0b19283756856ebdd4419126147918e651d94663f6663098da3ad921666,hwp,2025.01.23,공개 확인,공개 확인,v0.4,review_pending
2a6924e47a4393e7,이행보증 운용기준,이행보증운용기준,NOTICE_ONLY,사전예고만,unknown,NOTICE_EVIDENCE_ONLY,1,이행보증 운용기준: 사전예고만,2,OFFICIAL_NOTICE_ONLY,사전예고 공식 기록은 있으나 현행 규정 전문을 확인하지 못함,1,0,False,2026-09-08T19:20:38+09:00,2026-09-08T19:20:38+09:00,https://www.kodit.or.kr/common/nttFileDownload.do?fileKey=10214dc6c28d958067437b20db1876f5,,unknown,,사전예고만 확인,사전예고만 확인,v0.4,review_pending
9ac19dc41252b8ed,인권경영요령,인권경영요령,EXTRACTION_PENDING,판정대기,current,EXTRACTION_PENDING,1,인권경영요령: 판정대기,2,EXTRACTION_PENDING,공식 원문은 발견했으나 본문 추출·확인이 완료되지 않음,2,0,False,2026-09-08T19:20:38+09:00,2026-09-08T19:20:38+09:00,https://www.alio.go.kr/download/rulefiledown.json?fileNo=203018,9e0b3d011be896262e27fe0b1492a68ca7849be93bd340e54fb5e75345b5b4ec,hwp,2024.09.06,공개 확인,공개 확인,v0.4,review_pending
f2645b04c8fd4c89,인사요령,인사요령,EXTRACTION_PENDING,판정대기,current,EXTRACTION_PENDING,1,인사요령: 판정대기,2,EXTRACTION_PENDING,공식 원문은 발견했으나 본문 추출·확인이 완료되지 않음,2,0,False,2026-09-08T19:20:38+09:00,2026-09-08T19:20:38+09:00,https://www.alio.go.kr/download/rulefiledown.json?fileNo=227932,c3c48e79d9c5f775ce41c694c786e6b1c73d3a88c86db1ae16ba4982a666a95d,hwp,2025.12.30,공개 확인,공개 확인,v0.4,review_pending
6e0e2f0bfa917c15,인사요령 운영기준,인사요령운영기준,EXTRACTION_PENDING,판정대기,current,EXTRACTION_PENDING,1,인사요령 운영기준: 판정대기,2,EXTRACTION_PENDING,공식 원문은 발견했으나 본문 추출·확인이 완료되지 않음,2,0,False,2026-09-08T19:20:38+09:00,2026-09-08T19:20:38+09:00,https://www.alio.go.kr/download/rulefiledown.json?fileNo=227935,a54b5c53ecc5c1f3a360c4650a88791840f8443fb7b9fc784596ee6492d77044,hwp,2025.12.30,공개 확인,공개 확인,v0.4,review_pending
074a2cd5ff58a7a3,인사요령운용기준,인사요령운용기준,NOTICE_ONLY,사전예고만,unknown,NOTICE_EVIDENCE_ONLY,1,인사요령운용기준: 사전예고만,2,OFFICIAL_NOTICE_ONLY,사전예고 공식 기록은 있으나 현행 규정 전문을 확인하지 못함,1,0,False,2026-09-08T19:20:38+09:00,2026-09-08T19:20:38+09:00,https://www.kodit.or.kr/common/nttFileDownload.do?fileKey=b5fbcfacaf6e00d2dcfa40f649c58211,,unknown,,매칭 불명,매칭 불명,v0.4,review_pending
e4de683b265e25f0,인장관리기준,인장관리기준,NOTICE_ONLY,사전예고만,unknown,NOTICE_EVIDENCE_ONLY,1,인장관리기준: 사전예고만,2,OFFICIAL_NOTICE_ONLY,사전예고 공식 기록은 있으나 현행 규정 전문을 확인하지 못함,1,0,False,2026-09-08T19:20:38+09:00,2026-09-08T19:20:38+09:00,https://www.kodit.or.kr/common/nttFileDownload.do?fileKey=8ddbad95ba1f90349939cbe48f234786,,unknown,,사전예고만 확인,사전예고만 확인,v0.4,review_pending
2767f0b47c3ac987,인재개발원 시설이용기준,인재개발원시설이용기준,NOTICE_ONLY,사전예고만,unknown,NOTICE_EVIDENCE_ONLY,1,인재개발원 시설이용기준: 사전예고만,2,OFFICIAL_NOTICE_ONLY,사전예고 공식 기록은 있으나 현행 규정 전문을 확인하지 못함,1,0,False,2026-09-08T19:20:38+09:00,2026-09-08T19:20:38+09:00,https://www.kodit.or.kr/common/nttFileDownload.do?fileKey=5175917ab36dcf62c5c81e8b231381bd,,unknown,,사전예고만 확인,사전예고만 확인,v0.4,review_pending
7ebed1efd9c46024,일반업무소송요령,일반업무소송요령,EXTRACTION_PENDING,판정대기,current,EXTRACTION_PENDING,1,일반업무소송요령: 판정대기,2,EXTRACTION_PENDING,공식 원문은 발견했으나 본문 추출·확인이 완료되지 않음,2,0,False,2026-09-08T19:20:38+09:00,2026-09-08T19:20:38+09:00,https://www.alio.go.kr/download/rulefiledown.json?fileNo=218052,5f8a4d1dbaaf92efcf24ab7588f7db81de24a22372f8608c1ba514a7d44ca7da,hwp,2025.07.01,공개 확인,공개 확인,v0.4,review_pending
39726a4d1e21477e,일상 감사 기준,일상감사기준,NOTICE_ONLY,사전예고만,unknown,NOTICE_EVIDENCE_ONLY,1,일상 감사 기준: 사전예고만,2,OFFICIAL_NOTICE_ONLY,사전예고 공식 기록은 있으나 현행 규정 전문을 확인하지 못함,1,0,False,2026-09-08T19:20:38+09:00,2026-09-08T19:20:38+09:00,https://www.kodit.or.kr/common/nttFileDownload.do?fileKey=6b3016a14acb23da0532c45c09b33de7,,unknown,,사전예고만 확인,사전예고만 확인,v0.4,review_pending
40a3df7258db7756,일상감사및사후공람기준,일상감사및사후공람기준,NOTICE_ONLY,사전예고만,abolished,NOTICE_EVIDENCE_ONLY,1,일상감사및사후공람기준: 사전예고만,2,OFFICIAL_NOTICE_ONLY,사전예고 공식 기록은 있으나 현행 규정 전문을 확인하지 못함,1,0,False,2026-09-08T19:20:38+09:00,2026-09-08T19:20:38+09:00,https://www.kodit.or.kr/common/nttFileDownload.do?fileKey=5d25607378d64b83fa7c1204d71006b3,,unknown,,사전예고만 확인,사전예고만 확인,v0.4,review_pending
6d7363901f3bf0d6,일석e조매출채권보험운용기준,일석e조매출채권보험운용기준,NOTICE_ONLY,사전예고만,unknown,NOTICE_EVIDENCE_ONLY,1,일석e조매출채권보험운용기준: 사전예고만,2,OFFICIAL_NOTICE_ONLY,사전예고 공식 기록은 있으나 현행 규정 전문을 확인하지 못함,1,0,False,2026-09-08T19:20:38+09:00,2026-09-08T19:20:38+09:00,https://www.kodit.or.kr/common/nttFileDownload.do?fileKey=262825e727d50dc3392dcb3ebb127429,,unknown,,사전예고만 확인,사전예고만 확인,v0.4,review_pending
76cef5462fd5a67c,일석e조보험약관,일석e조보험약관,NOTICE_ONLY,사전예고만,unknown,NOTICE_EVIDENCE_ONLY,1,일석e조보험약관: 사전예고만,2,OFFICIAL_NOTICE_ONLY,사전예고 공식 기록은 있으나 현행 규정 전문을 확인하지 못함,1,0,False,2026-09-08T19:20:38+09:00,2026-09-08T19:20:38+09:00,https://www.kodit.or.kr/common/nttFileDownload.do?fileKey=609cfd4e1779e1c85a37880950bd63ee,,unknown,,사전예고만 확인,사전예고만 확인,v0.4,review_pending
7e06ad31729879c2,일석e조보험 운용기준,일석e조보험운용기준,NOTICE_ONLY,사전예고만,unknown,NOTICE_EVIDENCE_ONLY,1,일석e조보험 운용기준: 사전예고만,2,OFFICIAL_NOTICE_ONLY,사전예고 공식 기록은 있으나 현행 규정 전문을 확인하지 못함,1,0,False,2026-09-08T19:20:38+09:00,2026-09-08T19:20:38+09:00,https://www.kodit.or.kr/common/nttFileDownload.do?fileKey=8c2fb6fc391d6613f967f3067e4475aa,,unknown,,사전예고만 확인,사전예고만 확인,v0.4,review_pending
685cf6899dd8aa97,임금피크제 운영기준,임금피크제운영기준,EXTRACTION_PENDING,판정대기,current,EXTRACTION_PENDING,1,임금피크제 운영기준: 판정대기,2,EXTRACTION_PENDING,공식 원문은 발견했으나 본문 추출·확인이 완료되지 않음,2,0,False,2026-09-08T19:20:38+09:00,2026-09-08T19:20:38+09:00,https://www.alio.go.kr/download/rulefiledown.json?fileNo=235816,2376a80402d6bf50861be1b26339ada606433ec44b08ef230764f7aa016be253,hwp,2026.05.13,공개 확인,공개 확인,v0.4,review_pending
8594eab3f12c4d60,임금피크제직원에대한성과급지급기준,임금피크제직원에대한성과급지급기준,NOTICE_ONLY,사전예고만,unknown,NOTICE_EVIDENCE_ONLY,1,임금피크제직원에대한성과급지급기준: 사전예고만,2,OFFICIAL_NOTICE_ONLY,사전예고 공식 기록은 있으나 현행 규정 전문을 확인하지 못함,1,0,False,2026-09-08T19:20:38+09:00,2026-09-08T19:20:38+09:00,https://www.kodit.or.kr/common/nttFileDownload.do?fileKey=af459504d30a75ef760c332c807a72e7,,unknown,,사전예고만 확인,사전예고만 확인,v0.4,review_pending
992f1e26885adbf9,임원직무청렴계약운영기준,임원직무청렴계약운영기준,NOTICE_ONLY,사전예고만,unknown,NOTICE_EVIDENCE_ONLY,1,임원직무청렴계약운영기준: 사전예고만,2,OFFICIAL_NOTICE_ONLY,사전예고 공식 기록은 있으나 현행 규정 전문을 확인하지 못함,1,0,False,2026-09-08T19:20:38+09:00,2026-09-08T19:20:38+09:00,https://www.kodit.or.kr/common/nttFileDownload.do?fileKey=8883b0674772df0293ad20a5656b0172,,unknown,,사전예고만 확인,사전예고만 확인,v0.4,review_pending
47e230f3dd53db0f,임원추천위원회 운영규정,임원추천위원회운영규정,EXTRACTION_PENDING,판정대기,current,EXTRACTION_PENDING,1,임원추천위원회 운영규정: 판정대기,2,EXTRACTION_PENDING,공식 원문은 발견했으나 본문 추출·확인이 완료되지 않음,2,0,False,2026-09-08T19:20:38+09:00,2026-09-08T19:20:38+09:00,https://www.alio.go.kr/download/rulefiledown.json?fileNo=158363,5ccdd98e5378ee8db0bc565bfe212c49168d2351db6a8cd5856dab43a6db33a5,hwp,2022.09.28,공개 확인,공개 확인,v0.4,review_pending
bed41c0978d73232,임직원 법률구조 운영기준,임직원법률구조운영기준,NOTICE_ONLY,사전예고만,unknown,NOTICE_EVIDENCE_ONLY,1,임직원 법률구조 운영기준: 사전예고만,2,OFFICIAL_NOTICE_ONLY,사전예고 공식 기록은 있으나 현행 규정 전문을 확인하지 못함,1,0,False,2026-09-08T19:20:38+09:00,2026-09-08T19:20:38+09:00,https://www.kodit.or.kr/common/nttFileDownload.do?fileKey=b9fe04e07115724480b6f8bcf129e63e,,unknown,,사전예고만 확인,사전예고만 확인,v0.4,review_pending
3d4fb71dcd76ddc8,임직원 직무관련 범죄 고소·고발기준,임직원직무관련범죄고소고발기준,NOTICE_ONLY,사전예고만,abolished,NOTICE_EVIDENCE_ONLY,1,임직원 직무관련 범죄 고소·고발기준: 사전예고만,2,OFFICIAL_NOTICE_ONLY,사전예고 공식 기록은 있으나 현행 규정 전문을 확인하지 못함,1,0,False,2026-09-08T19:20:38+09:00,2026-09-08T19:20:38+09:00,https://www.kodit.or.kr/common/nttFileDownload.do?fileKey=ec16e6561f3f60ab02b824cfcef50fb5,,unknown,,사전예고만 확인,사전예고만 확인,v0.4,review_pending
02aa08364cd1e88f,자금세탁방지업무 운영기준,자금세탁방지업무운영기준,NOTICE_ONLY,사전예고만,unknown,NOTICE_EVIDENCE_ONLY,1,자금세탁방지업무 운영기준: 사전예고만,2,OFFICIAL_NOTICE_ONLY,사전예고 공식 기록은 있으나 현행 규정 전문을 확인하지 못함,1,0,False,2026-09-08T19:20:38+09:00,2026-09-08T19:20:38+09:00,https://www.kodit.or.kr/common/nttFileDownload.do?fileKey=7f9e429cc71a4dbcc003b3f1648429e5,,unknown,,사전예고만 확인,사전예고만 확인,v0.4,review_pending
38bd9a3e4eb98d2e,자금운용기준,자금운용기준,NOTICE_ONLY,사전예고만,unknown,NOTICE_EVIDENCE_ONLY,1,자금운용기준: 사전예고만,2,OFFICIAL_NOTICE_ONLY,사전예고 공식 기록은 있으나 현행 규정 전문을 확인하지 못함,1,0,False,2026-09-08T19:20:38+09:00,2026-09-08T19:20:38+09:00,https://www.kodit.or.kr/common/nttFileDownload.do?fileKey=c614e6ba55d51ca3f3e839ebed729edb,,unknown,,사전예고만 확인,사전예고만 확인,v0.4,review_pending
4a217986fcd70b9b,자금운용기준 외 2개 기준,자금운용기준외2개기준,NOTICE_ONLY,사전예고만,unknown,NOTICE_EVIDENCE_ONLY,1,자금운용기준 외 2개 기준: 사전예고만,2,OFFICIAL_NOTICE_ONLY,사전예고 공식 기록은 있으나 현행 규정 전문을 확인하지 못함,1,0,False,2026-09-08T19:20:38+09:00,2026-09-08T19:20:38+09:00,https://www.kodit.or.kr/common/nttFileDownload.do?fileKey=b69b4f42bbc4712a810778e0b05eb6e2,,unknown,,사전예고만 확인,사전예고만 확인,v0.4,review_pending
3eaf3d954a37d1b4,자금운용기준 외 3개 기준,자금운용기준외3개기준,NOTICE_ONLY,사전예고만,unknown,NOTICE_EVIDENCE_ONLY,1,자금운용기준 외 3개 기준: 사전예고만,2,OFFICIAL_NOTICE_ONLY,사전예고 공식 기록은 있으나 현행 규정 전문을 확인하지 못함,1,0,False,2026-09-08T19:20:38+09:00,2026-09-08T19:20:38+09:00,https://www.kodit.or.kr/common/nttFileDownload.do?fileKey=bf4c5acf81fbfa41db7eec705078e73c,,unknown,,사전예고만 확인,사전예고만 확인,v0.4,review_pending
c3f62c99ced303d5,"자금운용기준, 자금운용성과평가기준",자금운용기준자금운용성과평가기준,NOTICE_ONLY,사전예고만,unknown,NOTICE_EVIDENCE_ONLY,1,"자금운용기준, 자금운용성과평가기준: 사전예고만",2,OFFICIAL_NOTICE_ONLY,사전예고 공식 기록은 있으나 현행 규정 전문을 확인하지 못함,1,0,False,2026-09-08T19:20:38+09:00,2026-09-08T19:20:38+09:00,https://www.kodit.or.kr/common/nttFileDownload.do?fileKey=19db60f7f3b6a731ce510c715a80cf11,,unknown,,,,v0.4,review_pending
af09126ecf34d837,자금운용성과평가기준,자금운용성과평가기준,NOTICE_ONLY,사전예고만,unknown,NOTICE_EVIDENCE_ONLY,1,자금운용성과평가기준: 사전예고만,2,OFFICIAL_NOTICE_ONLY,사전예고 공식 기록은 있으나 현행 규정 전문을 확인하지 못함,1,0,False,2026-09-08T19:20:38+09:00,2026-09-08T19:20:38+09:00,https://www.kodit.or.kr/common/nttFileDownload.do?fileKey=c614e6ba55d51ca3f3e839ebed729edb,,unknown,,사전예고만 확인,사전예고만 확인,v0.4,review_pending
78740149794403f4,자금운용위험관리기준,자금운용위험관리기준,NOTICE_ONLY,사전예고만,unknown,NOTICE_EVIDENCE_ONLY,1,자금운용위험관리기준: 사전예고만,2,OFFICIAL_NOTICE_ONLY,사전예고 공식 기록은 있으나 현행 규정 전문을 확인하지 못함,1,0,False,2026-09-08T19:20:38+09:00,2026-09-08T19:20:38+09:00,https://www.kodit.or.kr/common/nttFileDownload.do?fileKey=2863044d04ef78f238c02140d493936f,,unknown,,사전예고만 확인,사전예고만 확인,v0.4,review_pending
04940271fbd10ae1,자금운용 제기준,자금운용제기준,NOTICE_ONLY,사전예고만,unknown,NOTICE_EVIDENCE_ONLY,1,자금운용 제기준: 사전예고만,2,OFFICIAL_NOTICE_ONLY,사전예고 공식 기록은 있으나 현행 규정 전문을 확인하지 못함,1,0,False,2026-09-08T19:20:38+09:00,2026-09-08T19:20:38+09:00,https://www.kodit.or.kr/common/nttFileDownload.do?fileKey=5d9068419381f09cab8b18ad9c0bf38a,,unknown,,사전예고만 확인,사전예고만 확인,v0.4,review_pending
dc5028d8e6c988d0,자금운용지침,자금운용지침,NOTICE_ONLY,사전예고만,unknown,NOTICE_EVIDENCE_ONLY,1,자금운용지침: 사전예고만,2,OFFICIAL_NOTICE_ONLY,사전예고 공식 기록은 있으나 현행 규정 전문을 확인하지 못함,1,0,False,2026-09-08T19:20:38+09:00,2026-09-08T19:20:38+09:00,https://www.kodit.or.kr/common/nttFileDownload.do?fileKey=5d9068419381f09cab8b18ad9c0bf38a,,unknown,,사전예고만 확인,사전예고만 확인,v0.4,review_pending
6141860214f1a23d,자금운용지침 외 5개 기준,자금운용지침외5개기준,NOTICE_ONLY,사전예고만,unknown,NOTICE_EVIDENCE_ONLY,1,자금운용지침 외 5개 기준: 사전예고만,2,OFFICIAL_NOTICE_ONLY,사전예고 공식 기록은 있으나 현행 규정 전문을 확인하지 못함,1,0,False,2026-09-08T19:20:38+09:00,2026-09-08T19:20:38+09:00,https://www.kodit.or.kr/common/nttFileDownload.do?fileKey=5d9068419381f09cab8b18ad9c0bf38a,,unknown,,사전예고만 확인,사전예고만 확인,v0.4,review_pending
18e6e7f5c7e6f48c,자산관리기준,자산관리기준,NOTICE_ONLY,사전예고만,abolished,NOTICE_EVIDENCE_ONLY,1,자산관리기준: 사전예고만,2,OFFICIAL_NOTICE_ONLY,사전예고 공식 기록은 있으나 현행 규정 전문을 확인하지 못함,1,0,False,2026-09-08T19:20:38+09:00,2026-09-08T19:20:38+09:00,https://www.kodit.or.kr/common/nttFileDownload.do?fileKey=aa5eb778dac2c0146783cb1ff9151501,,unknown,,사전예고만 확인,사전예고만 확인,v0.4,review_pending
c976c37c29542406,자산관리심의위원회 운영기준,자산관리심의위원회운영기준,NOTICE_ONLY,사전예고만,unknown,NOTICE_EVIDENCE_ONLY,1,자산관리심의위원회 운영기준: 사전예고만,2,OFFICIAL_NOTICE_ONLY,사전예고 공식 기록은 있으나 현행 규정 전문을 확인하지 못함,1,0,False,2026-09-08T19:20:38+09:00,2026-09-08T19:20:38+09:00,https://www.kodit.or.kr/common/nttFileDownload.do?fileKey=2d6752c1036c46d5697103e69714b44b,,unknown,,사전예고만 확인,사전예고만 확인,v0.4,review_pending
e2f64709f991ebe0,자산운용지침,자산운용지침,NOTICE_ONLY,사전예고만,unknown,NOTICE_EVIDENCE_ONLY,1,자산운용지침: 사전예고만,2,OFFICIAL_NOTICE_ONLY,사전예고 공식 기록은 있으나 현행 규정 전문을 확인하지 못함,1,0,False,2026-09-08T19:20:38+09:00,2026-09-08T19:20:38+09:00,https://www.kodit.or.kr/common/nttFileDownload.do?fileKey=97598fefc8dbf61f9e7d30e900c724c3,,unknown,,사전예고만 확인,사전예고만 확인,v0.4,review_pending
fbfb0de4dfcdf466,자산운용지침 외 1개 기준,자산운용지침외1개기준,NOTICE_ONLY,사전예고만,unknown,NOTICE_EVIDENCE_ONLY,1,자산운용지침 외 1개 기준: 사전예고만,2,OFFICIAL_NOTICE_ONLY,사전예고 공식 기록은 있으나 현행 규정 전문을 확인하지 못함,1,0,False,2026-09-08T19:20:38+09:00,2026-09-08T19:20:38+09:00,https://www.kodit.or.kr/common/nttFileDownload.do?fileKey=178912344e0785da4c72301f000415f6,,unknown,,사전예고만 확인,사전예고만 확인,v0.4,review_pending
35964743f28087ac,자점감사 등 업무처리기준,자점감사등업무처리기준,NOTICE_ONLY,사전예고만,abolished,NOTICE_EVIDENCE_ONLY,1,자점감사 등 업무처리기준: 사전예고만,2,OFFICIAL_NOTICE_ONLY,사전예고 공식 기록은 있으나 현행 규정 전문을 확인하지 못함,1,0,False,2026-09-08T19:20:38+09:00,2026-09-08T19:20:38+09:00,https://www.kodit.or.kr/common/nttFileDownload.do?fileKey=490527b26571a64cf0c8d11fa216f312,,unknown,,사전예고만 확인,사전예고만 확인,v0.4,review_pending
22162eaaff5218bb,자점감사 등 업무치러기준,자점감사등업무치러기준,NOTICE_ONLY,사전예고만,unknown,NOTICE_EVIDENCE_ONLY,1,자점감사 등 업무치러기준: 사전예고만,2,OFFICIAL_NOTICE_ONLY,사전예고 공식 기록은 있으나 현행 규정 전문을 확인하지 못함,1,0,False,2026-09-08T19:20:38+09:00,2026-09-08T19:20:38+09:00,https://www.kodit.or.kr/common/nttFileDownload.do?fileKey=f312333580383b2d4638aeeea9392985,,unknown,,사전예고만 확인,사전예고만 확인,v0.4,review_pending
46ee3efa96f16a03,장기고액보증기업에 대한 보증 운용기준,장기고액보증기업에대한보증운용기준,NOTICE_ONLY,사전예고만,unknown,NOTICE_EVIDENCE_ONLY,1,장기고액보증기업에 대한 보증 운용기준: 사전예고만,2,OFFICIAL_NOTICE_ONLY,사전예고 공식 기록은 있으나 현행 규정 전문을 확인하지 못함,1,0,False,2026-09-08T19:20:38+09:00,2026-09-08T19:20:38+09:00,https://www.kodit.or.kr/common/nttFileDownload.do?fileKey=ec070e5cde0fed5b295a97b48753e663,,unknown,,사전예고만 확인,사전예고만 확인,v0.4,review_pending
fac3c71246beca8b,장기분할해지보증운용기준,장기분할해지보증운용기준,NOTICE_ONLY,사전예고만,unknown,NOTICE_EVIDENCE_ONLY,1,장기분할해지보증운용기준: 사전예고만,2,OFFICIAL_NOTICE_ONLY,사전예고 공식 기록은 있으나 현행 규정 전문을 확인하지 못함,1,0,False,2026-09-08T19:20:38+09:00,2026-09-08T19:20:38+09:00,https://www.kodit.or.kr/common/nttFileDownload.do?fileKey=7970c3633c125c54160bbaffbf97ff4b,,unknown,,사전예고만 확인,사전예고만 확인,v0.4,review_pending
0c295bc3ddf67ef2,장기이용기업 및 고액보증기업에 대한 보증 운용기준,장기이용기업및고액보증기업에대한보증운용기준,NOTICE_ONLY,사전예고만,unknown,NOTICE_EVIDENCE_ONLY,1,장기이용기업 및 고액보증기업에 대한 보증 운용기준: 사전예고만,2,OFFICIAL_NOTICE_ONLY,사전예고 공식 기록은 있으나 현행 규정 전문을 확인하지 못함,1,0,False,2026-09-08T19:20:38+09:00,2026-09-08T19:20:38+09:00,https://www.kodit.or.kr/common/nttFileDownload.do?fileKey=3df23928d4276d85cd917339aa0ff854,,unknown,,,사전예고만 확인,v0.4,review_pending
5477df4f1bff3234,장비분야 경쟁력강화 보증프로그램 운용기준,장비분야경쟁력강화보증프로그램운용기준,NOTICE_ONLY,사전예고만,unknown,NOTICE_EVIDENCE_ONLY,1,장비분야 경쟁력강화 보증프로그램 운용기준: 사전예고만,2,OFFICIAL_NOTICE_ONLY,사전예고 공식 기록은 있으나 현행 규정 전문을 확인하지 못함,1,0,False,2026-09-08T19:20:38+09:00,2026-09-08T19:20:38+09:00,https://www.kodit.or.kr/common/nttFileDownload.do?fileKey=0bf3c498840e62bf539b0296d642424a,,unknown,,사전예고만 확인,사전예고만 확인,v0.4,review_pending
2429afe5eeab5b44,장비 협력모델 기업에 대한 특례보증 운용기준,장비협력모델기업에대한특례보증운용기준,NOTICE_ONLY,사전예고만,unknown,NOTICE_EVIDENCE_ONLY,1,장비 협력모델 기업에 대한 특례보증 운용기준: 사전예고만,2,OFFICIAL_NOTICE_ONLY,사전예고 공식 기록은 있으나 현행 규정 전문을 확인하지 못함,1,0,False,2026-09-08T19:20:38+09:00,2026-09-08T19:20:38+09:00,https://www.kodit.or.kr/common/nttFileDownload.do?fileKey=0bf3c498840e62bf539b0296d642424a,,unknown,,사전예고만 확인,사전예고만 확인,v0.4,review_pending
e36662d84539973f,재기지원단 운영기준,재기지원단운영기준,NOTICE_ONLY,사전예고만,abolished,NOTICE_EVIDENCE_ONLY,1,재기지원단 운영기준: 사전예고만,2,OFFICIAL_NOTICE_ONLY,사전예고 공식 기록은 있으나 현행 규정 전문을 확인하지 못함,1,0,False,2026-09-08T19:20:38+09:00,2026-09-08T19:20:38+09:00,https://www.kodit.or.kr/common/nttFileDownload.do?fileKey=7164fc97497381267adf6999768476d5,,unknown,,사전예고만 확인,사전예고만 확인,v0.4,review_pending
6b1f14278672bfc9,재난및안전관리기준,재난및안전관리기준,NOTICE_ONLY,사전예고만,unknown,NOTICE_EVIDENCE_ONLY,1,재난및안전관리기준: 사전예고만,2,OFFICIAL_NOTICE_ONLY,사전예고 공식 기록은 있으나 현행 규정 전문을 확인하지 못함,1,0,False,2026-09-08T19:20:38+09:00,2026-09-08T19:20:38+09:00,https://www.kodit.or.kr/common/nttFileDownload.do?fileKey=1c5ee5b4defde7e18991394ea1f81cb8,,unknown,,사전예고만 확인,사전예고만 확인,v0.4,review_pending
259c936857af9d8a,재난 피해 중견기업 특례보증 업무처리방법,재난피해중견기업특례보증업무처리방법,EXTRACTION_PENDING,판정대기,current,EXTRACTION_PENDING,1,재난 피해 중견기업 특례보증 업무처리방법: 판정대기,2,EXTRACTION_PENDING,공식 원문은 발견했으나 본문 추출·확인이 완료되지 않음,2,0,False,2026-09-08T19:20:38+09:00,2026-09-08T19:20:38+09:00,https://www.alio.go.kr/download/rulefiledown.json?fileNo=193750,e800fb3466ff64c38c495a2d9e882f2fef252ac1a0c46035e38b9d0508637601,hwp,2024.01.25,공개 확인,공개 확인,v0.4,review_pending
f70ab5dda3577421,재난 피해 중소기업 특례보증 운용기준,재난피해중소기업특례보증운용기준,NOTICE_ONLY,사전예고만,unknown,NOTICE_EVIDENCE_ONLY,1,재난 피해 중소기업 특례보증 운용기준: 사전예고만,2,OFFICIAL_NOTICE_ONLY,사전예고 공식 기록은 있으나 현행 규정 전문을 확인하지 못함,1,0,False,2026-09-08T19:20:38+09:00,2026-09-08T19:20:38+09:00,https://www.kodit.or.kr/common/nttFileDownload.do?fileKey=595d949adf7ba3006ef8cdf362264318,,unknown,,매칭 불명,매칭 불명,v0.4,review_pending
94fc05a00aa71673,재난피해 중소기업 특례보험 운용기준,재난피해중소기업특례보험운용기준,NOTICE_ONLY,사전예고만,unknown,NOTICE_EVIDENCE_ONLY,1,재난피해 중소기업 특례보험 운용기준: 사전예고만,2,OFFICIAL_NOTICE_ONLY,사전예고 공식 기록은 있으나 현행 규정 전문을 확인하지 못함,1,0,False,2026-09-08T19:20:38+09:00,2026-09-08T19:20:38+09:00,https://www.kodit.or.kr/common/nttFileDownload.do?fileKey=7a5a072fb23cf5b4f44035fad62227c9,,unknown,,사전예고만 확인,사전예고만 확인,v0.4,review_pending
90485918b9d99a1f,재도전지원 프로그램 운영기준,재도전지원프로그램운영기준,NOTICE_ONLY,사전예고만,unknown,NOTICE_EVIDENCE_ONLY,1,재도전지원 프로그램 운영기준: 사전예고만,2,OFFICIAL_NOTICE_ONLY,사전예고 공식 기록은 있으나 현행 규정 전문을 확인하지 못함,1,0,False,2026-09-08T19:20:38+09:00,2026-09-08T19:20:38+09:00,https://www.kodit.or.kr/common/nttFileDownload.do?fileKey=4f914d6af0f3b0ea73395a53f17ee1ab,,unknown,,매칭 불명,매칭 불명,v0.4,review_pending
026d775e6ba90bc4,재도전지원 프로그램 운용기준,재도전지원프로그램운용기준,EXTRACTION_PENDING,판정대기,current,EXTRACTION_PENDING,1,재도전지원 프로그램 운용기준: 판정대기,2,EXTRACTION_PENDING,공식 원문은 발견했으나 본문 추출·확인이 완료되지 않음,2,0,False,2026-09-08T19:20:38+09:00,2026-09-08T19:20:38+09:00,https://www.alio.go.kr/download/rulefiledown.json?fileNo=224168,865a656856142f795e67b767fce253f8952511270a4d2da48cef03b439178341,hwp,2025.11.19,공개 확인,공개 확인,v0.4,review_pending
64c8f75b56b7e49c,재보증규정,재보증규정,EXTRACTION_PENDING,판정대기,current,EXTRACTION_PENDING,1,재보증규정: 판정대기,2,EXTRACTION_PENDING,공식 원문은 발견했으나 본문 추출·확인이 완료되지 않음,1,0,False,2026-09-08T19:20:38+09:00,2026-09-08T19:20:38+09:00,https://www.alio.go.kr/download/rulefiledown.json?fileNo=12655,ad73301ea081ccab1a17a47e00002baa34ab10e770ca344aa35a43fe6cd370ba,hwp,2006.07.31,,,v0.4,review_pending
ec5d036b4bccf45d,재보증업무처리요령,재보증업무처리요령,EXTRACTION_PENDING,판정대기,current,EXTRACTION_PENDING,1,재보증업무처리요령: 판정대기,2,EXTRACTION_PENDING,공식 원문은 발견했으나 본문 추출·확인이 완료되지 않음,1,0,False,2026-09-08T19:20:38+09:00,2026-09-08T19:20:38+09:00,https://www.alio.go.kr/download/rulefiledown.json?fileNo=12659,728213e97d102d8e7d5e92dfe2c471bc09b6b8f32f8bee351f0c6d23b152cf7a,hwp,2006.07.31,,,v0.4,review_pending
6edc5de249bec5d9,재산명시 등 업무처리기준,재산명시등업무처리기준,NOTICE_ONLY,사전예고만,unknown,NOTICE_EVIDENCE_ONLY,1,재산명시 등 업무처리기준: 사전예고만,2,OFFICIAL_NOTICE_ONLY,사전예고 공식 기록은 있으나 현행 규정 전문을 확인하지 못함,1,0,False,2026-09-08T19:20:38+09:00,2026-09-08T19:20:38+09:00,https://www.kodit.or.kr/common/nttFileDownload.do?fileKey=0d9cea854f78cc085bcef1081217c289,,unknown,,사전예고만 확인,사전예고만 확인,v0.4,review_pending
a0122121d1251cbf,"재산명시,채무불이행자명부등재및재산조회에관한업무처리기준",재산명시채무불이행자명부등재및재산조회에관한업무처리기준,NOTICE_ONLY,사전예고만,abolished,NOTICE_EVIDENCE_ONLY,1,"재산명시,채무불이행자명부등재및재산조회에관한업무처리기준: 사전예고만",2,OFFICIAL_NOTICE_ONLY,사전예고 공식 기록은 있으나 현행 규정 전문을 확인하지 못함,1,0,False,2026-09-08T19:20:38+09:00,2026-09-08T19:20:38+09:00,https://www.kodit.or.kr/common/nttFileDownload.do?fileKey=0d9cea854f78cc085bcef1081217c289,,unknown,,사전예고만 확인,사전예고만 확인,v0.4,review_pending
12a434248da9efee,재산조사및채권보전업무처리기준,재산조사및채권보전업무처리기준,NOTICE_ONLY,사전예고만,abolished,NOTICE_EVIDENCE_ONLY,1,재산조사및채권보전업무처리기준: 사전예고만,2,OFFICIAL_NOTICE_ONLY,사전예고 공식 기록은 있으나 현행 규정 전문을 확인하지 못함,1,0,False,2026-09-08T19:20:38+09:00,2026-09-08T19:20:38+09:00,https://www.kodit.or.kr/common/nttFileDownload.do?fileKey=2cefc49c887d4097f01e003deabbaf34,,unknown,,사전예고만 확인,사전예고만 확인,v0.4,review_pending
3d606d781f620d0c,재산조회에 관한 업무처리기준,재산조회에관한업무처리기준,NOTICE_ONLY,사전예고만,abolished,NOTICE_EVIDENCE_ONLY,1,재산조회에 관한 업무처리기준: 사전예고만,2,OFFICIAL_NOTICE_ONLY,사전예고 공식 기록은 있으나 현행 규정 전문을 확인하지 못함,1,0,False,2026-09-08T19:20:38+09:00,2026-09-08T19:20:38+09:00,https://www.kodit.or.kr/common/nttFileDownload.do?fileKey=0d9cea854f78cc085bcef1081217c289,,unknown,,사전예고만 확인,사전예고만 확인,v0.4,review_pending
88d7c250a57a1f06,재심의위원회 운영기준,재심의위원회운영기준,NOTICE_ONLY,사전예고만,abolished,NOTICE_EVIDENCE_ONLY,1,재심의위원회 운영기준: 사전예고만,2,OFFICIAL_NOTICE_ONLY,사전예고 공식 기록은 있으나 현행 규정 전문을 확인하지 못함,1,0,False,2026-09-08T19:20:38+09:00,2026-09-08T19:20:38+09:00,https://www.kodit.or.kr/common/nttFileDownload.do?fileKey=c526ca7f708ff9d19af78a2b11439593,,unknown,,사전예고만 확인,사전예고만 확인,v0.4,review_pending
c84dbfae251a296f,재정지원보증기준,재정지원보증기준,NOTICE_ONLY,사전예고만,unknown,NOTICE_EVIDENCE_ONLY,1,재정지원보증기준: 사전예고만,2,OFFICIAL_NOTICE_ONLY,사전예고 공식 기록은 있으나 현행 규정 전문을 확인하지 못함,1,0,False,2026-09-08T19:20:38+09:00,2026-09-08T19:20:38+09:00,https://www.kodit.or.kr/common/nttFileDownload.do?fileKey=8bcf0db5236b53f23315f68cc8a7ecbd,,unknown,,사전예고만 확인,사전예고만 확인,v0.4,review_pending
04fd8b1a1193607e,재창업지원보증 운용기준,재창업지원보증운용기준,NOTICE_ONLY,사전예고만,unknown,NOTICE_EVIDENCE_ONLY,1,재창업지원보증 운용기준: 사전예고만,2,OFFICIAL_NOTICE_ONLY,사전예고 공식 기록은 있으나 현행 규정 전문을 확인하지 못함,1,0,False,2026-09-08T19:20:38+09:00,2026-09-08T19:20:38+09:00,https://www.kodit.or.kr/common/nttFileDownload.do?fileKey=d973aec64b17915c45efc23bab82f025,,unknown,,매칭 불명,매칭 불명,v0.4,review_pending
2da44625f9de8121,재창업 지원을 위한 보증 업무처리방법,재창업지원을위한보증업무처리방법,NOTICE_ONLY,사전예고만,unknown,NOTICE_EVIDENCE_ONLY,1,재창업 지원을 위한 보증 업무처리방법: 사전예고만,2,OFFICIAL_NOTICE_ONLY,사전예고 공식 기록은 있으나 현행 규정 전문을 확인하지 못함,1,0,False,2026-09-08T19:20:38+09:00,2026-09-08T19:20:38+09:00,https://www.kodit.or.kr/common/nttFileDownload.do?fileKey=13fb3080c4c3c46b5d27802af70e1a20,,unknown,,매칭 불명,매칭 불명,v0.4,review_pending
39743df87f511ff1,재창업지원 특례보증 업무처리방법,재창업지원특례보증업무처리방법,FULLTEXT_PUBLIC,전문 공개,current,ANCHORS_CONFIRMED,0,재창업지원 특례보증 업무처리방법: 전문 공개,4,ANCHORS_CONFIRMED,공식 원문 본문에서 규정명·개정일·조문을 확인함,2,0,False,2026-09-08T19:20:38+09:00,2026-09-08T19:20:38+09:00,https://www.alio.go.kr/download/rulefiledown.json?fileNo=238490,7ff3d68b2db3e78ac9b9ecebd2a2758e3e058fcfddc702f6509b3812f39ea66f,pdf,2026.06.30,공개 확인,공개 확인,v0.4,review_pending
90befd735c860e32,재창업지원 프로그램 운영기준,재창업지원프로그램운영기준,NOTICE_ONLY,사전예고만,unknown,NOTICE_EVIDENCE_ONLY,1,재창업지원 프로그램 운영기준: 사전예고만,2,OFFICIAL_NOTICE_ONLY,사전예고 공식 기록은 있으나 현행 규정 전문을 확인하지 못함,1,0,False,2026-09-08T19:20:38+09:00,2026-09-08T19:20:38+09:00,https://www.kodit.or.kr/common/nttFileDownload.do?fileKey=7b9e199eef8b0c93c44ddba8fa971bb7,,unknown,,매칭 불명,매칭 불명,v0.4,review_pending
c90a1036d972ae19,재창업지원 프로그램 운용기준,재창업지원프로그램운용기준,EXTRACTION_PENDING,판정대기,current,EXTRACTION_PENDING,1,재창업지원 프로그램 운용기준: 판정대기,2,EXTRACTION_PENDING,공식 원문은 발견했으나 본문 추출·확인이 완료되지 않음,2,0,False,2026-09-08T19:20:38+09:00,2026-09-08T19:20:38+09:00,https://www.alio.go.kr/download/rulefiledown.json?fileNo=211340,dc86539703970b9e0eafa29de42fcd2b2eb3a8b2aa2123db613a3ac68d1ba3d7,hwp,2025.01.22,공개 확인,공개 확인,v0.4,review_pending
8bce8c3606135e1d,재해.재난 특례보증 운용기준,재해재난특례보증운용기준,NOTICE_ONLY,사전예고만,unknown,NOTICE_EVIDENCE_ONLY,1,재해.재난 특례보증 운용기준: 사전예고만,2,OFFICIAL_NOTICE_ONLY,사전예고 공식 기록은 있으나 현행 규정 전문을 확인하지 못함,1,0,False,2026-09-08T19:20:38+09:00,2026-09-08T19:20:38+09:00,https://www.kodit.or.kr/common/nttFileDownload.do?fileKey=167024cf1dd22a19a0362a47f58ae805,,unknown,,사전예고만 확인,사전예고만 확인,v0.4,review_pending
445165b05a3ba42c,적격심사 세부기준,적격심사세부기준,NOTICE_ONLY,사전예고만,unknown,NOTICE_EVIDENCE_ONLY,1,적격심사 세부기준: 사전예고만,2,OFFICIAL_NOTICE_ONLY,사전예고 공식 기록은 있으나 현행 규정 전문을 확인하지 못함,1,0,False,2026-09-08T19:20:38+09:00,2026-09-08T19:20:38+09:00,https://www.kodit.or.kr/common/nttFileDownload.do?fileKey=1c3e81f50494e7bb551301ae49224521,,unknown,,사전예고만 확인,사전예고만 확인,v0.4,review_pending
20e03882539348a1,적극업무 면책 운영기준,적극업무면책운영기준,NOTICE_ONLY,사전예고만,unknown,NOTICE_EVIDENCE_ONLY,1,적극업무 면책 운영기준: 사전예고만,2,OFFICIAL_NOTICE_ONLY,사전예고 공식 기록은 있으나 현행 규정 전문을 확인하지 못함,1,0,False,2026-09-08T19:20:38+09:00,2026-09-08T19:20:38+09:00,https://www.kodit.or.kr/common/nttFileDownload.do?fileKey=0600021ad1000fe8b11873c090be2398,,unknown,,사전예고만 확인,사전예고만 확인,v0.4,review_pending
415394135189b695,적극업무면책 운용기준,적극업무면책운용기준,NOTICE_ONLY,사전예고만,abolished,NOTICE_EVIDENCE_ONLY,1,적극업무면책 운용기준: 사전예고만,2,OFFICIAL_NOTICE_ONLY,사전예고 공식 기록은 있으나 현행 규정 전문을 확인하지 못함,1,0,False,2026-09-08T19:20:38+09:00,2026-09-08T19:20:38+09:00,https://www.kodit.or.kr/common/nttFileDownload.do?fileKey=955398f815182e8872a21317c063ef2d,,unknown,,사전예고만 확인,사전예고만 확인,v0.4,review_pending
377519245ce32df1,적극행정면책 운영기준,적극행정면책운영기준,NOTICE_ONLY,사전예고만,unknown,NOTICE_EVIDENCE_ONLY,1,적극행정면책 운영기준: 사전예고만,2,OFFICIAL_NOTICE_ONLY,사전예고 공식 기록은 있으나 현행 규정 전문을 확인하지 못함,1,0,False,2026-09-08T19:20:38+09:00,2026-09-08T19:20:38+09:00,https://www.kodit.or.kr/common/nttFileDownload.do?fileKey=dea303689f3f1339be5cb94c2852fc3c,,unknown,,사전예고만 확인,사전예고만 확인,v0.4,review_pending
a2f93ed7a569484f,적극행정 지원위원회 운영기준,적극행정지원위원회운영기준,NOTICE_ONLY,사전예고만,unknown,NOTICE_EVIDENCE_ONLY,1,적극행정 지원위원회 운영기준: 사전예고만,2,OFFICIAL_NOTICE_ONLY,사전예고 공식 기록은 있으나 현행 규정 전문을 확인하지 못함,1,0,False,2026-09-08T19:20:38+09:00,2026-09-08T19:20:38+09:00,https://www.kodit.or.kr/common/nttFileDownload.do?fileKey=6f83a96050b19ca28e90ee302ed8bd77,,unknown,,사전예고만 확인,사전예고만 확인,v0.4,review_pending
edac0fe84c8eec4b,적극행정 지원제도 운영기준,적극행정지원제도운영기준,NOTICE_ONLY,사전예고만,unknown,NOTICE_EVIDENCE_ONLY,1,적극행정 지원제도 운영기준: 사전예고만,2,OFFICIAL_NOTICE_ONLY,사전예고 공식 기록은 있으나 현행 규정 전문을 확인하지 못함,1,0,False,2026-09-08T19:20:38+09:00,2026-09-08T19:20:38+09:00,https://www.kodit.or.kr/common/nttFileDownload.do?fileKey=16dd7c4bc7dc2f8891a035abfbcf72c3,,unknown,,사전예고만 확인,사전예고만 확인,v0.4,review_pending
1ba65a8106f416af,전문심사운용기준,전문심사운용기준,NOTICE_ONLY,사전예고만,abolished,NOTICE_EVIDENCE_ONLY,1,전문심사운용기준: 사전예고만,2,OFFICIAL_NOTICE_ONLY,사전예고 공식 기록은 있으나 현행 규정 전문을 확인하지 못함,1,0,False,2026-09-08T19:20:38+09:00,2026-09-08T19:20:38+09:00,https://www.kodit.or.kr/common/nttFileDownload.do?fileKey=c526ca7f708ff9d19af78a2b11439593,,unknown,,사전예고만 확인,사전예고만 확인,v0.4,review_pending
00ef1bdaaed42c12,전문업무직원 관리기준,전문업무직원관리기준,NOTICE_ONLY,사전예고만,unknown,NOTICE_EVIDENCE_ONLY,1,전문업무직원 관리기준: 사전예고만,2,OFFICIAL_NOTICE_ONLY,사전예고 공식 기록은 있으나 현행 규정 전문을 확인하지 못함,1,0,False,2026-09-08T19:20:38+09:00,2026-09-08T19:20:38+09:00,https://www.kodit.or.kr/common/nttFileDownload.do?fileKey=5553fb7672113a0d5ed49b157ee80905,,unknown,,매칭 불명,매칭 불명,v0.4,review_pending
d84695610b2775b8,전문인력 관리기준,전문인력관리기준,EXTRACTION_PENDING,판정대기,current,EXTRACTION_PENDING,1,전문인력 관리기준: 판정대기,2,EXTRACTION_PENDING,공식 원문은 발견했으나 본문 추출·확인이 완료되지 않음,2,0,False,2026-09-08T19:20:38+09:00,2026-09-08T19:20:38+09:00,https://www.alio.go.kr/download/rulefiledown.json?fileNo=209740,a9e86b81816428e5030a84de65bbf6c6993555e2156120a4875fabc886782db8,hwp,2024.12.30,공개 확인,공개 확인,v0.4,review_pending
1dae4761bb0cdc5c,전문직위 운영기준,전문직위운영기준,EXTRACTION_PENDING,판정대기,current,EXTRACTION_PENDING,1,전문직위 운영기준: 판정대기,2,EXTRACTION_PENDING,공식 원문은 발견했으나 본문 추출·확인이 완료되지 않음,2,0,False,2026-09-08T19:20:38+09:00,2026-09-08T19:20:38+09:00,https://www.alio.go.kr/download/rulefiledown.json?fileNo=227936,31acb8e06a97ed55ad9b0021ba37bf7d7297fc7e13fc9dd7487038c9ccee347b,hwp,2025.12.30,공개 확인,공개 확인,v0.4,review_pending
e2841d91c77ab263,전부개정 기준,전부개정기준,NOTICE_ONLY,사전예고만,abolished,NOTICE_EVIDENCE_ONLY,1,전부개정 기준: 사전예고만,2,OFFICIAL_NOTICE_ONLY,사전예고 공식 기록은 있으나 현행 규정 전문을 확인하지 못함,1,0,False,2026-09-08T19:20:38+09:00,2026-09-08T19:20:38+09:00,https://www.kodit.or.kr/common/nttFileDownload.do?fileKey=2ffc1a4a013e0740d84c2c0d890622b8,,unknown,,사전예고만 확인,사전예고만 확인,v0.4,review_pending
95d46834427ca5f4,전속업무직원 관리기준,전속업무직원관리기준,NOTICE_ONLY,사전예고만,unknown,NOTICE_EVIDENCE_ONLY,1,전속업무직원 관리기준: 사전예고만,2,OFFICIAL_NOTICE_ONLY,사전예고 공식 기록은 있으나 현행 규정 전문을 확인하지 못함,1,0,False,2026-09-08T19:20:38+09:00,2026-09-08T19:20:38+09:00,https://www.kodit.or.kr/common/nttFileDownload.do?fileKey=708cdefb97a29b4ebec0c00e275f096d,,unknown,,매칭 불명,매칭 불명,v0.4,review_pending
345c42f86090335f,전속업무직원운영기준,전속업무직원운영기준,NOTICE_ONLY,사전예고만,unknown,NOTICE_EVIDENCE_ONLY,1,전속업무직원운영기준: 사전예고만,2,OFFICIAL_NOTICE_ONLY,사전예고 공식 기록은 있으나 현행 규정 전문을 확인하지 못함,1,0,False,2026-09-08T19:20:38+09:00,2026-09-08T19:20:38+09:00,https://www.kodit.or.kr/common/nttFileDownload.do?fileKey=708cdefb97a29b4ebec0c00e275f096d,,unknown,,매칭 불명,매칭 불명,v0.4,review_pending
828b6c79b50d618f,전속업무직원 운용기준,전속업무직원운용기준,EXTRACTION_PENDING,판정대기,current,EXTRACTION_PENDING,1,전속업무직원 운용기준: 판정대기,2,EXTRACTION_PENDING,공식 원문은 발견했으나 본문 추출·확인이 완료되지 않음,2,0,False,2026-09-08T19:20:38+09:00,2026-09-08T19:20:38+09:00,https://www.alio.go.kr/download/rulefiledown.json?fileNo=227921,f09539ff62aafd7f909eaf57f13b992dfb2bb923d962f19c166d12bc362f23a9,hwp,2025.12.29,공개 확인,공개 확인,v0.4,review_pending
b8e3d8a289c8b4b7,전자금융거래약관,전자금융거래약관,NOTICE_ONLY,사전예고만,unknown,NOTICE_EVIDENCE_ONLY,1,전자금융거래약관: 사전예고만,2,OFFICIAL_NOTICE_ONLY,사전예고 공식 기록은 있으나 현행 규정 전문을 확인하지 못함,1,0,False,2026-09-08T19:20:38+09:00,2026-09-08T19:20:38+09:00,https://www.kodit.or.kr/common/nttFileDownload.do?fileKey=3da0ea60ae9a8478658fbb1e07b1e26d,,unknown,,사전예고만 확인,사전예고만 확인,v0.4,review_pending
da58b7e0a172b418,전자금융거래이용약관,전자금융거래이용약관,NOTICE_ONLY,사전예고만,unknown,NOTICE_EVIDENCE_ONLY,1,전자금융거래이용약관: 사전예고만,2,OFFICIAL_NOTICE_ONLY,사전예고 공식 기록은 있으나 현행 규정 전문을 확인하지 못함,1,0,False,2026-09-08T19:20:38+09:00,2026-09-08T19:20:38+09:00,https://www.kodit.or.kr/common/nttFileDownload.do?fileKey=609cfd4e1779e1c85a37880950bd63ee,,unknown,,사전예고만 확인,사전예고만 확인,v0.4,review_pending
debf9ef84e9210fc,전자매출채권보험약관,전자매출채권보험약관,NOTICE_ONLY,사전예고만,unknown,NOTICE_EVIDENCE_ONLY,1,전자매출채권보험약관: 사전예고만,2,OFFICIAL_NOTICE_ONLY,사전예고 공식 기록은 있으나 현행 규정 전문을 확인하지 못함,1,0,False,2026-09-08T19:20:38+09:00,2026-09-08T19:20:38+09:00,https://www.kodit.or.kr/common/nttFileDownload.do?fileKey=113a6875e5466c4c1d955e316bf006c8,,unknown,,사전예고만 확인,사전예고만 확인,v0.4,review_pending
7d1fb1dec6029ae9,전자매출채권보험 운용기준,전자매출채권보험운용기준,NOTICE_ONLY,사전예고만,unknown,NOTICE_EVIDENCE_ONLY,1,전자매출채권보험 운용기준: 사전예고만,2,OFFICIAL_NOTICE_ONLY,사전예고 공식 기록은 있으나 현행 규정 전문을 확인하지 못함,1,0,False,2026-09-08T19:20:38+09:00,2026-09-08T19:20:38+09:00,https://www.kodit.or.kr/common/nttFileDownload.do?fileKey=113a6875e5466c4c1d955e316bf006c8,,unknown,,사전예고만 확인,사전예고만 확인,v0.4,review_pending
2ffeb163d6d04942,전자방식매출채권보험약관,전자방식매출채권보험약관,NOTICE_ONLY,사전예고만,unknown,NOTICE_EVIDENCE_ONLY,1,전자방식매출채권보험약관: 사전예고만,2,OFFICIAL_NOTICE_ONLY,사전예고 공식 기록은 있으나 현행 규정 전문을 확인하지 못함,1,0,False,2026-09-08T19:20:38+09:00,2026-09-08T19:20:38+09:00,https://www.kodit.or.kr/common/nttFileDownload.do?fileKey=609cfd4e1779e1c85a37880950bd63ee,,unknown,,사전예고만 확인,사전예고만 확인,v0.4,review_pending
230fb58cc142453d,전자방식 매출채권보험 운용기준,전자방식매출채권보험운용기준,NOTICE_ONLY,사전예고만,unknown,NOTICE_EVIDENCE_ONLY,1,전자방식 매출채권보험 운용기준: 사전예고만,2,OFFICIAL_NOTICE_ONLY,사전예고 공식 기록은 있으나 현행 규정 전문을 확인하지 못함,1,0,False,2026-09-08T19:20:38+09:00,2026-09-08T19:20:38+09:00,https://www.kodit.or.kr/common/nttFileDownload.do?fileKey=ec81ee5f2968e9194c69b504c8c44265,,unknown,,사전예고만 확인,사전예고만 확인,v0.4,review_pending
923bc8c488955590,전자방식 매출채권보험 운용기준 외 2개 기준,전자방식매출채권보험운용기준외2개기준,NOTICE_ONLY,사전예고만,unknown,NOTICE_EVIDENCE_ONLY,1,전자방식 매출채권보험 운용기준 외 2개 기준: 사전예고만,2,OFFICIAL_NOTICE_ONLY,사전예고 공식 기록은 있으나 현행 규정 전문을 확인하지 못함,1,0,False,2026-09-08T19:20:38+09:00,2026-09-08T19:20:38+09:00,https://www.kodit.or.kr/common/nttFileDownload.do?fileKey=4e6af15d21d54a95689c50413de2a88e,,unknown,,사전예고만 확인,사전예고만 확인,v0.4,review_pending
b9b33438d2486736,전자방식매출채권보험인수업무기준,전자방식매출채권보험인수업무기준,NOTICE_ONLY,사전예고만,unknown,NOTICE_EVIDENCE_ONLY,1,전자방식매출채권보험인수업무기준: 사전예고만,2,OFFICIAL_NOTICE_ONLY,사전예고 공식 기록은 있으나 현행 규정 전문을 확인하지 못함,1,0,False,2026-09-08T19:20:38+09:00,2026-09-08T19:20:38+09:00,https://www.kodit.or.kr/common/nttFileDownload.do?fileKey=34a0b80682b0acf069c651148b2630c0,,unknown,,사전예고만 확인,사전예고만 확인,v0.4,review_pending
cc9f019005435d5b,전자방식 매춸채권보험 운용기준,전자방식매춸채권보험운용기준,NOTICE_ONLY,사전예고만,unknown,NOTICE_EVIDENCE_ONLY,1,전자방식 매춸채권보험 운용기준: 사전예고만,2,OFFICIAL_NOTICE_ONLY,사전예고 공식 기록은 있으나 현행 규정 전문을 확인하지 못함,1,0,False,2026-09-08T19:20:38+09:00,2026-09-08T19:20:38+09:00,https://www.kodit.or.kr/common/nttFileDownload.do?fileKey=d533f741dce79cbcac17bb9c788ba704,,unknown,,사전예고만 확인,사전예고만 확인,v0.4,review_pending
8b20dccbdacf65da,전자상거래보증 운용기준,전자상거래보증운용기준,NOTICE_ONLY,사전예고만,unknown,NOTICE_EVIDENCE_ONLY,1,전자상거래보증 운용기준: 사전예고만,2,OFFICIAL_NOTICE_ONLY,사전예고 공식 기록은 있으나 현행 규정 전문을 확인하지 못함,1,0,False,2026-09-08T19:20:38+09:00,2026-09-08T19:20:38+09:00,https://www.kodit.or.kr/common/nttFileDownload.do?fileKey=69cf6878154617ff018f6764458b7efc,,unknown,,사전예고만 확인,사전예고만 확인,v0.4,review_pending
20637cf845c511dc,전환보증 운용기준,전환보증운용기준,NOTICE_ONLY,사전예고만,abolished,NOTICE_EVIDENCE_ONLY,1,전환보증 운용기준: 사전예고만,2,OFFICIAL_NOTICE_ONLY,사전예고 공식 기록은 있으나 현행 규정 전문을 확인하지 못함,1,0,False,2026-09-08T19:20:38+09:00,2026-09-08T19:20:38+09:00,https://www.kodit.or.kr/common/nttFileDownload.do?fileKey=b8be92c1435bad40b68a36476063ad26,,unknown,,사전예고만 확인,사전예고만 확인,v0.4,review_pending
bc3d8109450c1cb2,정규직전환심의위원회기준,정규직전환심의위원회기준,NOTICE_ONLY,사전예고만,unknown,NOTICE_EVIDENCE_ONLY,1,정규직전환심의위원회기준: 사전예고만,2,OFFICIAL_NOTICE_ONLY,사전예고 공식 기록은 있으나 현행 규정 전문을 확인하지 못함,1,0,False,2026-09-08T19:20:38+09:00,2026-09-08T19:20:38+09:00,https://www.kodit.or.kr/common/nttFileDownload.do?fileKey=ca01bbdb0ca526f877db72a47ad32d26,,unknown,,매칭 불명,매칭 불명,v0.4,review_pending
7bcb06d09c6adf0e,정규직 전환 심의위원회 운영기준,정규직전환심의위원회운영기준,EXTRACTION_PENDING,판정대기,current,EXTRACTION_PENDING,1,정규직 전환 심의위원회 운영기준: 판정대기,2,EXTRACTION_PENDING,공식 원문은 발견했으나 본문 추출·확인이 완료되지 않음,2,0,False,2026-09-08T19:20:38+09:00,2026-09-08T19:20:38+09:00,https://www.alio.go.kr/download/rulefiledown.json?fileNo=49998,a5166f542bd998beaa181785c0f42b76254a4fda09742bab1ee0b7685c172b52,hwp,2017.11.09,공개 확인,공개 확인,v0.4,review_pending
d034f46935967609,정규직 전환 요령,정규직전환요령,EXTRACTION_PENDING,판정대기,current,EXTRACTION_PENDING,1,정규직 전환 요령: 판정대기,2,EXTRACTION_PENDING,공식 원문은 발견했으나 본문 추출·확인이 완료되지 않음,2,0,False,2026-09-08T19:20:38+09:00,2026-09-08T19:20:38+09:00,https://www.alio.go.kr/download/rulefiledown.json?fileNo=53856,ce51c74a5f231d8c8a2df702a5430afd7920ae88622772d262cdd234a3bbecf9,hwp,2017.12.26,공개 확인,공개 확인,v0.4,review_pending
c9542339a76b4f9b,정규직 전환 요령 외 1개 기준,정규직전환요령외1개기준,NOTICE_ONLY,사전예고만,unknown,NOTICE_EVIDENCE_ONLY,1,정규직 전환 요령 외 1개 기준: 사전예고만,2,OFFICIAL_NOTICE_ONLY,사전예고 공식 기록은 있으나 현행 규정 전문을 확인하지 못함,1,0,False,2026-09-08T19:20:38+09:00,2026-09-08T19:20:38+09:00,https://www.kodit.or.kr/common/nttFileDownload.do?fileKey=ca01bbdb0ca526f877db72a47ad32d26,,unknown,,매칭 불명,매칭 불명,v0.4,review_pending
ea8e6be7c5999ebc,정년 후 재고용 운영기준,정년후재고용운영기준,NOTICE_ONLY,사전예고만,unknown,NOTICE_EVIDENCE_ONLY,1,정년 후 재고용 운영기준: 사전예고만,2,OFFICIAL_NOTICE_ONLY,사전예고 공식 기록은 있으나 현행 규정 전문을 확인하지 못함,1,0,False,2026-09-08T19:20:38+09:00,2026-09-08T19:20:38+09:00,https://www.kodit.or.kr/common/nttFileDownload.do?fileKey=2dc63baf2e7263f08c37c77b52ab595d,,unknown,,사전예고만 확인,사전예고만 확인,v0.4,review_pending
0fa4b9b2cbc0d273,정보공개 업무요령,정보공개업무요령,EXTRACTION_PENDING,판정대기,current,EXTRACTION_PENDING,1,정보공개 업무요령: 판정대기,2,EXTRACTION_PENDING,공식 원문은 발견했으나 본문 추출·확인이 완료되지 않음,2,0,False,2026-09-08T19:20:38+09:00,2026-09-08T19:20:38+09:00,https://www.alio.go.kr/download/rulefiledown.json?fileNo=155697,df5498c89ad8d74606a8cdc52f1fa645253e6bf77610a880eeda20acb52a0e5d,hwp,2022.08.02,공개 확인,공개 확인,v0.4,review_pending
6bb47eb37fc78227,정보공개 요령,정보공개요령,NOTICE_ONLY,사전예고만,unknown,NOTICE_EVIDENCE_ONLY,1,정보공개 요령: 사전예고만,2,OFFICIAL_NOTICE_ONLY,사전예고 공식 기록은 있으나 현행 규정 전문을 확인하지 못함,1,0,False,2026-09-08T19:20:38+09:00,2026-09-08T19:20:38+09:00,https://www.kodit.or.kr/common/nttFileDownload.do?fileKey=88f3ab1a5bf13e756f919c148d1fa9b9,,unknown,,매칭 불명,매칭 불명,v0.4,review_pending
56021a60e06328e8,정보보안업무기준,정보보안업무기준,NOTICE_ONLY,사전예고만,unknown,NOTICE_EVIDENCE_ONLY,1,정보보안업무기준: 사전예고만,2,OFFICIAL_NOTICE_ONLY,사전예고 공식 기록은 있으나 현행 규정 전문을 확인하지 못함,1,0,False,2026-09-08T19:20:38+09:00,2026-09-08T19:20:38+09:00,https://www.kodit.or.kr/common/nttFileDownload.do?fileKey=35e02bdbc3389fee77d25b34a78dfc3f,,unknown,,사전예고만 확인,사전예고만 확인,v0.4,review_pending
84526618ce00bee0,정보화업무 외부 자문단 운영기준,정보화업무외부자문단운영기준,NOTICE_ONLY,사전예고만,unknown,NOTICE_EVIDENCE_ONLY,1,정보화업무 외부 자문단 운영기준: 사전예고만,2,OFFICIAL_NOTICE_ONLY,사전예고 공식 기록은 있으나 현행 규정 전문을 확인하지 못함,1,0,False,2026-09-08T19:20:38+09:00,2026-09-08T19:20:38+09:00,https://www.kodit.or.kr/common/nttFileDownload.do?fileKey=f8c0a73dbe1bf2b6077343cb6c28c122,,unknown,,사전예고만 확인,사전예고만 확인,v0.4,review_pending
5e294d1559004e00,정보화요령,정보화요령,EXTRACTION_PENDING,판정대기,current,EXTRACTION_PENDING,1,정보화요령: 판정대기,2,EXTRACTION_PENDING,공식 원문은 발견했으나 본문 추출·확인이 완료되지 않음,2,0,False,2026-09-08T19:20:38+09:00,2026-09-08T19:20:38+09:00,https://www.alio.go.kr/download/rulefiledown.json?fileNo=174749,e8c761a14143566dae0acf0414745b0e1517d02fc70f5758f62ddb8450aecf3d,hwp,2023.06.30,공개 확인,공개 확인,v0.4,review_pending
75f8f86566f64c5c,정보화요령 외 1개 규정,정보화요령외1개규정,NOTICE_ONLY,사전예고만,unknown,NOTICE_EVIDENCE_ONLY,1,정보화요령 외 1개 규정: 사전예고만,2,OFFICIAL_NOTICE_ONLY,사전예고 공식 기록은 있으나 현행 규정 전문을 확인하지 못함,1,0,False,2026-09-08T19:20:38+09:00,2026-09-08T19:20:38+09:00,https://www.kodit.or.kr/common/nttFileDownload.do?fileKey=d52e9efb031cd7ed93339df354862da5,,unknown,,사전예고만 확인,사전예고만 확인,v0.4,review_pending
fbe404e143263dd0,정책 우대기업 대한 매출채권보험 운용기준,정책우대기업대한매출채권보험운용기준,NOTICE_ONLY,사전예고만,unknown,NOTICE_EVIDENCE_ONLY,1,정책 우대기업 대한 매출채권보험 운용기준: 사전예고만,2,OFFICIAL_NOTICE_ONLY,사전예고 공식 기록은 있으나 현행 규정 전문을 확인하지 못함,1,0,False,2026-09-08T19:20:38+09:00,2026-09-08T19:20:38+09:00,https://www.kodit.or.kr/common/nttFileDownload.do?fileKey=47a9f0ecd481da1e5d971916bb5dfda1,,unknown,,사전예고만 확인,사전예고만 확인,v0.4,review_pending
44c3aaf81164a6be,정책 우대기업에 대한 매출채권보험 운용기준,정책우대기업에대한매출채권보험운용기준,NOTICE_ONLY,사전예고만,unknown,NOTICE_EVIDENCE_ONLY,1,정책 우대기업에 대한 매출채권보험 운용기준: 사전예고만,2,OFFICIAL_NOTICE_ONLY,사전예고 공식 기록은 있으나 현행 규정 전문을 확인하지 못함,1,0,False,2026-09-08T19:20:38+09:00,2026-09-08T19:20:38+09:00,https://www.kodit.or.kr/common/nttFileDownload.do?fileKey=8c2fb6fc391d6613f967f3067e4475aa,,unknown,,사전예고만 확인,사전예고만 확인,v0.4,review_pending
3fd17df9199b8497,정책현안 특례보증 운용기준,정책현안특례보증운용기준,NOTICE_ONLY,사전예고만,unknown,NOTICE_EVIDENCE_ONLY,1,정책현안 특례보증 운용기준: 사전예고만,2,OFFICIAL_NOTICE_ONLY,사전예고 공식 기록은 있으나 현행 규정 전문을 확인하지 못함,1,0,False,2026-09-08T19:20:38+09:00,2026-09-08T19:20:38+09:00,https://www.kodit.or.kr/common/nttFileDownload.do?fileKey=7303bf411cfa64ddf81509d0a9ef73b4,,unknown,,사전예고만 확인,사전예고만 확인,v0.4,review_pending
d02485c9be1afd2c,정책현안 특례보증 프로그램 운용기준,정책현안특례보증프로그램운용기준,NOTICE_ONLY,사전예고만,unknown,NOTICE_EVIDENCE_ONLY,1,정책현안 특례보증 프로그램 운용기준: 사전예고만,2,OFFICIAL_NOTICE_ONLY,사전예고 공식 기록은 있으나 현행 규정 전문을 확인하지 못함,1,0,False,2026-09-08T19:20:38+09:00,2026-09-08T19:20:38+09:00,https://www.kodit.or.kr/common/nttFileDownload.do?fileKey=87c7f1ac8aa3a9980182fc2f7fbb12fc,,unknown,,사전예고만 확인,사전예고만 확인,v0.4,review_pending
dd328da458b3d015,제34차 ACSIC(아시아신용보완기관연합) 회의 조직위원회 운영기준,제34차acsic아시아신용보완기관연합회의조직위원회운영기준,NOTICE_ONLY,사전예고만,abolished,NOTICE_EVIDENCE_ONLY,1,제34차 ACSIC(아시아신용보완기관연합) 회의 조직위원회 운영기준: 사전예고만,2,OFFICIAL_NOTICE_ONLY,사전예고 공식 기록은 있으나 현행 규정 전문을 확인하지 못함,1,0,False,2026-09-08T19:20:38+09:00,2026-09-08T19:20:38+09:00,https://www.kodit.or.kr/common/nttFileDownload.do?fileKey=c5238cdce8eb7f6951d97328d9d5ba38,,unknown,,사전예고만 확인,사전예고만 확인,v0.4,review_pending
9ca2da17f61bf2f6,제34차 ACSIC 회의 조직위원회 운영기준,제34차acsic회의조직위원회운영기준,NOTICE_ONLY,사전예고만,unknown,NOTICE_EVIDENCE_ONLY,1,제34차 ACSIC 회의 조직위원회 운영기준: 사전예고만,2,OFFICIAL_NOTICE_ONLY,사전예고 공식 기록은 있으나 현행 규정 전문을 확인하지 못함,1,0,False,2026-09-08T19:20:38+09:00,2026-09-08T19:20:38+09:00,https://www.kodit.or.kr/common/nttFileDownload.do?fileKey=217227284ea1ef3ef11b2a2ffa31fafb,,unknown,,사전예고만 확인,사전예고만 확인,v0.4,review_pending
742d16aadf393742,제34차 ACSIC 회의 조직위원회 운용기준,제34차acsic회의조직위원회운용기준,NOTICE_ONLY,사전예고만,unknown,NOTICE_EVIDENCE_ONLY,1,제34차 ACSIC 회의 조직위원회 운용기준: 사전예고만,2,OFFICIAL_NOTICE_ONLY,사전예고 공식 기록은 있으나 현행 규정 전문을 확인하지 못함,1,0,False,2026-09-08T19:20:38+09:00,2026-09-08T19:20:38+09:00,https://www.kodit.or.kr/common/nttFileDownload.do?fileKey=cf57bc91d08377e96907abcc843d87a6,,unknown,,사전예고만 확인,사전예고만 확인,v0.4,review_pending
206fcd88d5eb2c92,제·개정기준,제개정기준,SOURCE_UNKNOWN,출처불명,unknown,NO_OFFICIAL_DOCUMENT,1,제·개정기준: 출처불명,1,NO_DOCUMENT_OBSERVATION,공식 원문 또는 사전예고 발견경로를 확인하지 못함,0,0,False,2026-09-08T19:20:38+09:00,2026-09-08T19:20:38+09:00,,,unknown,,사전예고만 확인,,v0.4,review_pending
1a760c36beb790d5,제도평가운용기준,제도평가운용기준,NOTICE_ONLY,사전예고만,unknown,NOTICE_EVIDENCE_ONLY,1,제도평가운용기준: 사전예고만,2,OFFICIAL_NOTICE_ONLY,사전예고 공식 기록은 있으나 현행 규정 전문을 확인하지 못함,1,0,False,2026-09-08T19:20:38+09:00,2026-09-08T19:20:38+09:00,https://www.kodit.or.kr/common/nttFileDownload.do?fileKey=9db31835f97736b02abf6b54b07b6ade,,unknown,,사전예고만 확인,사전예고만 확인,v0.4,review_pending
c0f09a4acdcd4282,제정기준,제정기준,NOTICE_ONLY,사전예고만,abolished,NOTICE_EVIDENCE_ONLY,1,제정기준: 사전예고만,2,OFFICIAL_NOTICE_ONLY,사전예고 공식 기록은 있으나 현행 규정 전문을 확인하지 못함,1,0,False,2026-09-08T19:20:38+09:00,2026-09-08T19:20:38+09:00,https://www.kodit.or.kr/common/nttFileDownload.do?fileKey=b4d38a74aa38e7a336bd4037dccae483,,unknown,,사전예고만 확인,사전예고만 확인,v0.4,review_pending
acb07a509d386b8a,제정외2개기준,제정외2개기준,NOTICE_ONLY,사전예고만,unknown,NOTICE_EVIDENCE_ONLY,1,제정외2개기준: 사전예고만,2,OFFICIAL_NOTICE_ONLY,사전예고 공식 기록은 있으나 현행 규정 전문을 확인하지 못함,1,0,False,2026-09-08T19:20:38+09:00,2026-09-08T19:20:38+09:00,https://www.kodit.or.kr/common/nttFileDownload.do?fileKey=050181f6fd66c0f9c7a2eadba03f01d8,,unknown,,사전예고만 확인,사전예고만 확인,v0.4,review_pending
95c3d1c0a707503b,제출자료기준,제출자료기준,NOTICE_ONLY,사전예고만,unknown,NOTICE_EVIDENCE_ONLY,1,제출자료기준: 사전예고만,2,OFFICIAL_NOTICE_ONLY,사전예고 공식 기록은 있으나 현행 규정 전문을 확인하지 못함,1,0,False,2026-09-08T19:20:38+09:00,2026-09-08T19:20:38+09:00,https://www.kodit.or.kr/common/nttFileDownload.do?fileKey=3d6d7c50050745e339defcef940e1522,,unknown,,사전예고만 확인,사전예고만 확인,v0.4,review_pending
d9419e03737a3647,조건변경 업무처리기준,조건변경업무처리기준,NOTICE_ONLY,사전예고만,abolished,NOTICE_EVIDENCE_ONLY,1,조건변경 업무처리기준: 사전예고만,2,OFFICIAL_NOTICE_ONLY,사전예고 공식 기록은 있으나 현행 규정 전문을 확인하지 못함,1,0,False,2026-09-08T19:20:38+09:00,2026-09-08T19:20:38+09:00,https://www.kodit.or.kr/common/nttFileDownload.do?fileKey=a399c4c300de17d0dcb3be40d87bac7e,,unknown,,매칭 불명,매칭 불명,v0.4,review_pending
122be146f006373f,조사자료 등 운용기준,조사자료등운용기준,NOTICE_ONLY,사전예고만,unknown,NOTICE_EVIDENCE_ONLY,1,조사자료 등 운용기준: 사전예고만,2,OFFICIAL_NOTICE_ONLY,사전예고 공식 기록은 있으나 현행 규정 전문을 확인하지 못함,1,0,False,2026-09-08T19:20:38+09:00,2026-09-08T19:20:38+09:00,https://www.kodit.or.kr/common/nttFileDownload.do?fileKey=0acd06b8b587ef4c132900ccf922202e,,unknown,,매칭 불명,매칭 불명,v0.4,review_pending
39d49079c1586ff3,조선산업 경영안정화 보증프로그램 운용기준,조선산업경영안정화보증프로그램운용기준,NOTICE_ONLY,사전예고만,unknown,NOTICE_EVIDENCE_ONLY,1,조선산업 경영안정화 보증프로그램 운용기준: 사전예고만,2,OFFICIAL_NOTICE_ONLY,사전예고 공식 기록은 있으나 현행 규정 전문을 확인하지 못함,1,0,False,2026-09-08T19:20:38+09:00,2026-09-08T19:20:38+09:00,https://www.kodit.or.kr/common/nttFileDownload.do?fileKey=094b2d7fb3b62acf6e4f4b5cb6205268,,unknown,,사전예고만 확인,사전예고만 확인,v0.4,review_pending
51cbb49ed3b48d57,종합근무평정요령,종합근무평정요령,EXTRACTION_PENDING,판정대기,current,EXTRACTION_PENDING,1,종합근무평정요령: 판정대기,2,EXTRACTION_PENDING,공식 원문은 발견했으나 본문 추출·확인이 완료되지 않음,2,0,False,2026-09-08T19:20:38+09:00,2026-09-08T19:20:38+09:00,https://www.alio.go.kr/download/rulefiledown.json?fileNo=209750,d9ba974351cf486688c557b16bb362bb02839120057b4556dfd7533a151c45a4,hwp,2024.12.31,공개 확인,공개 확인,v0.4,review_pending
ef575ece8e0ae6d6,종합근무평정요령 외 1개 기준,종합근무평정요령외1개기준,NOTICE_ONLY,사전예고만,unknown,NOTICE_EVIDENCE_ONLY,1,종합근무평정요령 외 1개 기준: 사전예고만,2,OFFICIAL_NOTICE_ONLY,사전예고 공식 기록은 있으나 현행 규정 전문을 확인하지 못함,1,0,False,2026-09-08T19:20:38+09:00,2026-09-08T19:20:38+09:00,https://www.kodit.or.kr/common/nttFileDownload.do?fileKey=c704dc99bf7a397e89e01dc84285288d,,unknown,,매칭 불명,매칭 불명,v0.4,review_pending
243bc84928676cd8,주력산업 유동화회사보증 업무처리방법,주력산업유동화회사보증업무처리방법,NOTICE_ONLY,사전예고만,abolished,NOTICE_EVIDENCE_ONLY,1,주력산업 유동화회사보증 업무처리방법: 사전예고만,2,OFFICIAL_NOTICE_ONLY,사전예고 공식 기록은 있으나 현행 규정 전문을 확인하지 못함,1,0,False,2026-09-08T19:20:38+09:00,2026-09-08T19:20:38+09:00,https://www.kodit.or.kr/common/nttFileDownload.do?fileKey=ed6ac89b0abecead66a0e15379f063f8,,unknown,,사전예고만 확인,사전예고만 확인,v0.4,review_pending
752b41573844c345,주의촉구 운영기준,주의촉구운영기준,EXTRACTION_PENDING,판정대기,current,EXTRACTION_PENDING,1,주의촉구 운영기준: 판정대기,2,EXTRACTION_PENDING,공식 원문은 발견했으나 본문 추출·확인이 완료되지 않음,2,0,False,2026-09-08T19:20:38+09:00,2026-09-08T19:20:38+09:00,https://www.alio.go.kr/download/rulefiledown.json?fileNo=85742,d5c2c689f978d8464e0beb7cd7b1622e3cbf62bf87593f576cd8b3acbbb1a855,hwp,2019.06.20,공개 확인,공개 확인,v0.4,review_pending
4de7ae4657d5240a,준법지원 업무처리기준,준법지원업무처리기준,NOTICE_ONLY,사전예고만,unknown,NOTICE_EVIDENCE_ONLY,1,준법지원 업무처리기준: 사전예고만,2,OFFICIAL_NOTICE_ONLY,사전예고 공식 기록은 있으나 현행 규정 전문을 확인하지 못함,1,0,False,2026-09-08T19:20:38+09:00,2026-09-08T19:20:38+09:00,https://www.kodit.or.kr/common/nttFileDownload.do?fileKey=34a1fb4847bccf76e47881619fdc269e,,unknown,,사전예고만 확인,사전예고만 확인,v0.4,review_pending
914884ad75791d6b,준법지원프로그램 운영기준,준법지원프로그램운영기준,NOTICE_ONLY,사전예고만,unknown,NOTICE_EVIDENCE_ONLY,1,준법지원프로그램 운영기준: 사전예고만,2,OFFICIAL_NOTICE_ONLY,사전예고 공식 기록은 있으나 현행 규정 전문을 확인하지 못함,1,0,False,2026-09-08T19:20:38+09:00,2026-09-08T19:20:38+09:00,https://www.kodit.or.kr/common/nttFileDownload.do?fileKey=8222d63701f9e2210a4dbb6ab441c615,,unknown,,매칭 불명,매칭 불명,v0.4,review_pending
2f45fe2a4abe2da7,중년 창업기업 보증 운용기준,중년창업기업보증운용기준,NOTICE_ONLY,사전예고만,abolished,NOTICE_EVIDENCE_ONLY,1,중년 창업기업 보증 운용기준: 사전예고만,2,OFFICIAL_NOTICE_ONLY,사전예고 공식 기록은 있으나 현행 규정 전문을 확인하지 못함,1,0,False,2026-09-08T19:20:38+09:00,2026-09-08T19:20:38+09:00,https://www.kodit.or.kr/common/nttFileDownload.do?fileKey=c526ca7f708ff9d19af78a2b11439593,,unknown,,사전예고만 확인,사전예고만 확인,v0.4,review_pending
672f50e14295d959,중소기업 건강관리 업무처리방법,중소기업건강관리업무처리방법,NOTICE_ONLY,사전예고만,unknown,NOTICE_EVIDENCE_ONLY,1,중소기업 건강관리 업무처리방법: 사전예고만,2,OFFICIAL_NOTICE_ONLY,사전예고 공식 기록은 있으나 현행 규정 전문을 확인하지 못함,1,0,False,2026-09-08T19:20:38+09:00,2026-09-08T19:20:38+09:00,https://www.kodit.or.kr/common/nttFileDownload.do?fileKey=36d52032f137a9bfa1f4cf7aa3748328,,unknown,,사전예고만 확인,사전예고만 확인,v0.4,review_pending
de105afbc1dd7e47,중소기업 동반상생 협약보증 운용기준,중소기업동반상생협약보증운용기준,NOTICE_ONLY,사전예고만,unknown,NOTICE_EVIDENCE_ONLY,1,중소기업 동반상생 협약보증 운용기준: 사전예고만,2,OFFICIAL_NOTICE_ONLY,사전예고 공식 기록은 있으나 현행 규정 전문을 확인하지 못함,1,0,False,2026-09-08T19:20:38+09:00,2026-09-08T19:20:38+09:00,https://www.kodit.or.kr/common/nttFileDownload.do?fileKey=10214dc6c28d958067437b20db1876f5,,unknown,,사전예고만 확인,사전예고만 확인,v0.4,review_pending
d70d86a346c22f7d,중소기업매출채권보험계정 운영요령,중소기업매출채권보험계정운영요령,EXTRACTION_PENDING,판정대기,current,EXTRACTION_PENDING,1,중소기업매출채권보험계정 운영요령: 판정대기,2,EXTRACTION_PENDING,공식 원문은 발견했으나 본문 추출·확인이 완료되지 않음,2,0,False,2026-09-08T19:20:38+09:00,2026-09-08T19:20:38+09:00,https://www.alio.go.kr/download/rulefiledown.json?fileNo=82198,185c0e30a6cfa750fb820688d576e36ea0408a9b9080e89ea08e0bcae9b48afb,hwp,2019.04.24,공개 확인,공개 확인,v0.4,review_pending
a150e335f5216bc6,중소기업매출채권보험계정 운용요령,중소기업매출채권보험계정운용요령,NOTICE_ONLY,사전예고만,unknown,NOTICE_EVIDENCE_ONLY,1,중소기업매출채권보험계정 운용요령: 사전예고만,2,OFFICIAL_NOTICE_ONLY,사전예고 공식 기록은 있으나 현행 규정 전문을 확인하지 못함,1,0,False,2026-09-08T19:20:38+09:00,2026-09-08T19:20:38+09:00,https://www.kodit.or.kr/common/nttFileDownload.do?fileKey=0ee6b2957e0bd07fc77536c6e589394f,,unknown,,매칭 불명,매칭 불명,v0.4,review_pending
4fa6dd0bf65e469f,중소기업 매출채권보험계정 운용요령 외 4개 기준,중소기업매출채권보험계정운용요령외4개기준,NOTICE_ONLY,사전예고만,unknown,NOTICE_EVIDENCE_ONLY,1,중소기업 매출채권보험계정 운용요령 외 4개 기준: 사전예고만,2,OFFICIAL_NOTICE_ONLY,사전예고 공식 기록은 있으나 현행 규정 전문을 확인하지 못함,1,0,False,2026-09-08T19:20:38+09:00,2026-09-08T19:20:38+09:00,https://www.kodit.or.kr/common/nttFileDownload.do?fileKey=489896c213fd9e863a04674df7686e46,,unknown,,매칭 불명,매칭 불명,v0.4,review_pending
b1132a8dfe8d0ac8,중소기업매출채권보험 업무방법서,중소기업매출채권보험업무방법서,EXTRACTION_PENDING,판정대기,current,EXTRACTION_PENDING,1,중소기업매출채권보험 업무방법서: 판정대기,2,EXTRACTION_PENDING,공식 원문은 발견했으나 본문 추출·확인이 완료되지 않음,2,0,False,2026-09-08T19:20:38+09:00,2026-09-08T19:20:38+09:00,https://www.alio.go.kr/download/rulefiledown.json?fileNo=214163,26a4718b764a47a18a25f09426657c5ba86563097d8fb69cc38a7c7035fb2cd3,hwp,2025.03.18,공개 확인,공개 확인,v0.4,review_pending
09a93f24d41e14a1,중소기업매출채권보험 업무방법서 외 1개 기준,중소기업매출채권보험업무방법서외1개기준,NOTICE_ONLY,사전예고만,unknown,NOTICE_EVIDENCE_ONLY,1,중소기업매출채권보험 업무방법서 외 1개 기준: 사전예고만,2,OFFICIAL_NOTICE_ONLY,사전예고 공식 기록은 있으나 현행 규정 전문을 확인하지 못함,1,0,False,2026-09-08T19:20:38+09:00,2026-09-08T19:20:38+09:00,https://www.kodit.or.kr/common/nttFileDownload.do?fileKey=893172dec3763862f5e15fb559bfdc1e,,unknown,,매칭 불명,매칭 불명,v0.4,review_pending
b04dc6a988884fb1,중소기업매출채권보험 업무방법서 외 3개 기준,중소기업매출채권보험업무방법서외3개기준,NOTICE_ONLY,사전예고만,unknown,NOTICE_EVIDENCE_ONLY,1,중소기업매출채권보험 업무방법서 외 3개 기준: 사전예고만,2,OFFICIAL_NOTICE_ONLY,사전예고 공식 기록은 있으나 현행 규정 전문을 확인하지 못함,1,0,False,2026-09-08T19:20:38+09:00,2026-09-08T19:20:38+09:00,https://www.kodit.or.kr/common/nttFileDownload.do?fileKey=c8c906ea9169254b61d12ccf3903321a,,unknown,,매칭 불명,매칭 불명,v0.4,review_pending
870fdb67ed6875cd,중소기업매출채권보험 업무방법서 외 7개 기준,중소기업매출채권보험업무방법서외7개기준,NOTICE_ONLY,사전예고만,unknown,NOTICE_EVIDENCE_ONLY,1,중소기업매출채권보험 업무방법서 외 7개 기준: 사전예고만,2,OFFICIAL_NOTICE_ONLY,사전예고 공식 기록은 있으나 현행 규정 전문을 확인하지 못함,1,0,False,2026-09-08T19:20:38+09:00,2026-09-08T19:20:38+09:00,https://www.kodit.or.kr/common/nttFileDownload.do?fileKey=328cff66bc7d9943fc921139c4017fbd,,unknown,,매칭 불명,매칭 불명,v0.4,review_pending
678dc264b8b78e22,중소기업매출채권보험 운영요령,중소기업매출채권보험운영요령,NOTICE_ONLY,사전예고만,unknown,NOTICE_EVIDENCE_ONLY,1,중소기업매출채권보험 운영요령: 사전예고만,2,OFFICIAL_NOTICE_ONLY,사전예고 공식 기록은 있으나 현행 규정 전문을 확인하지 못함,1,0,False,2026-09-08T19:20:38+09:00,2026-09-08T19:20:38+09:00,https://www.kodit.or.kr/common/nttFileDownload.do?fileKey=b1110bce1f48ff4b8f97825fb2731299,,unknown,,매칭 불명,매칭 불명,v0.4,review_pending
00208d5b2522c2ec,중소기업 밸류업 프로그래 운용기준,중소기업밸류업프로그래운용기준,NOTICE_ONLY,사전예고만,unknown,NOTICE_EVIDENCE_ONLY,1,중소기업 밸류업 프로그래 운용기준: 사전예고만,2,OFFICIAL_NOTICE_ONLY,사전예고 공식 기록은 있으나 현행 규정 전문을 확인하지 못함,1,0,False,2026-09-08T19:20:38+09:00,2026-09-08T19:20:38+09:00,https://www.kodit.or.kr/common/nttFileDownload.do?fileKey=7f5e238b6817dfd7618269ea8f9fdbce,,unknown,,매칭 불명,매칭 불명,v0.4,review_pending
e07bd8e0da647c4f,중소기업 밸류업 프로그램 운용기준,중소기업밸류업프로그램운용기준,NOTICE_ONLY,사전예고만,unknown,NOTICE_EVIDENCE_ONLY,1,중소기업 밸류업 프로그램 운용기준: 사전예고만,2,OFFICIAL_NOTICE_ONLY,사전예고 공식 기록은 있으나 현행 규정 전문을 확인하지 못함,1,0,False,2026-09-08T19:20:38+09:00,2026-09-08T19:20:38+09:00,https://www.kodit.or.kr/common/nttFileDownload.do?fileKey=56ac2c08a59413decbf9e114d40140c2,,unknown,,명칭변경·통합·폐지 확인,명칭변경·통합·폐지 확인,v0.4,review_pending
559168f812206362,중소기업 빌드업 프로그램 운용기준,중소기업빌드업프로그램운용기준,NOTICE_ONLY,사전예고만,unknown,NOTICE_EVIDENCE_ONLY,1,중소기업 빌드업 프로그램 운용기준: 사전예고만,2,OFFICIAL_NOTICE_ONLY,사전예고 공식 기록은 있으나 현행 규정 전문을 확인하지 못함,1,0,False,2026-09-08T19:20:38+09:00,2026-09-08T19:20:38+09:00,https://www.kodit.or.kr/common/nttFileDownload.do?fileKey=29f31920f1cea05d536217cedf4742e4,,unknown,,매칭 불명,매칭 불명,v0.4,review_pending
94e6939b86a50302,중소기업팩토링관련제기준,중소기업팩토링관련제기준,NOTICE_ONLY,사전예고만,unknown,NOTICE_EVIDENCE_ONLY,1,중소기업팩토링관련제기준: 사전예고만,2,OFFICIAL_NOTICE_ONLY,사전예고 공식 기록은 있으나 현행 규정 전문을 확인하지 못함,1,0,False,2026-09-08T19:20:38+09:00,2026-09-08T19:20:38+09:00,https://www.kodit.or.kr/common/nttFileDownload.do?fileKey=ddd53ad12ad73c6385882a3eccc1e125,,unknown,,매칭 불명,매칭 불명,v0.4,review_pending
4557a1d51350446c,중소기업팩토링 규정,중소기업팩토링규정,NOTICE_ONLY,사전예고만,unknown,NOTICE_EVIDENCE_ONLY,1,중소기업팩토링 규정: 사전예고만,2,OFFICIAL_NOTICE_ONLY,사전예고 공식 기록은 있으나 현행 규정 전문을 확인하지 못함,1,0,False,2026-09-08T19:20:38+09:00,2026-09-08T19:20:38+09:00,https://www.kodit.or.kr/common/nttFileDownload.do?fileKey=ddd53ad12ad73c6385882a3eccc1e125,,unknown,,명칭변경·통합·폐지 확인,명칭변경·통합·폐지 확인,v0.4,review_pending
f71db112b5ada381,중소기업팩토링부실및채권관리업무처리기준,중소기업팩토링부실및채권관리업무처리기준,NOTICE_ONLY,사전예고만,abolished,NOTICE_EVIDENCE_ONLY,1,중소기업팩토링부실및채권관리업무처리기준: 사전예고만,2,OFFICIAL_NOTICE_ONLY,사전예고 공식 기록은 있으나 현행 규정 전문을 확인하지 못함,1,0,False,2026-09-08T19:20:38+09:00,2026-09-08T19:20:38+09:00,https://www.kodit.or.kr/common/nttFileDownload.do?fileKey=ddd53ad12ad73c6385882a3eccc1e125,,unknown,,사전예고만 확인,사전예고만 확인,v0.4,review_pending
4fcce130210e30eb,중소기업팩토링사기기업및허위자료제출기업에대한업무처리기준,중소기업팩토링사기기업및허위자료제출기업에대한업무처리기준,NOTICE_ONLY,사전예고만,abolished,NOTICE_EVIDENCE_ONLY,1,중소기업팩토링사기기업및허위자료제출기업에대한업무처리기준: 사전예고만,2,OFFICIAL_NOTICE_ONLY,사전예고 공식 기록은 있으나 현행 규정 전문을 확인하지 못함,1,0,False,2026-09-08T19:20:38+09:00,2026-09-08T19:20:38+09:00,https://www.kodit.or.kr/common/nttFileDownload.do?fileKey=ddd53ad12ad73c6385882a3eccc1e125,,unknown,,사전예고만 확인,사전예고만 확인,v0.4,review_pending
6d65a79eee6d1c0f,중소기업팩토링사기 부실 및 채권관리 업무처리기준,중소기업팩토링사기부실및채권관리업무처리기준,NOTICE_ONLY,사전예고만,unknown,NOTICE_EVIDENCE_ONLY,1,중소기업팩토링사기 부실 및 채권관리 업무처리기준: 사전예고만,2,OFFICIAL_NOTICE_ONLY,사전예고 공식 기록은 있으나 현행 규정 전문을 확인하지 못함,1,0,False,2026-09-08T19:20:38+09:00,2026-09-08T19:20:38+09:00,https://www.kodit.or.kr/common/nttFileDownload.do?fileKey=669841a2f40727009b86e383e3e2d567,,unknown,,사전예고만 확인,사전예고만 확인,v0.4,review_pending
999690850cf03cd9,중소기업팩토링신용조사및조사자료에관한업무처리기준,중소기업팩토링신용조사및조사자료에관한업무처리기준,NOTICE_ONLY,사전예고만,abolished,NOTICE_EVIDENCE_ONLY,1,중소기업팩토링신용조사및조사자료에관한업무처리기준: 사전예고만,2,OFFICIAL_NOTICE_ONLY,사전예고 공식 기록은 있으나 현행 규정 전문을 확인하지 못함,1,0,False,2026-09-08T19:20:38+09:00,2026-09-08T19:20:38+09:00,https://www.kodit.or.kr/common/nttFileDownload.do?fileKey=ddd53ad12ad73c6385882a3eccc1e125,,unknown,,사전예고만 확인,사전예고만 확인,v0.4,review_pending
1e56907ec91e826d,중소기업팩토링요령,중소기업팩토링요령,NOTICE_ONLY,사전예고만,unknown,NOTICE_EVIDENCE_ONLY,1,중소기업팩토링요령: 사전예고만,2,OFFICIAL_NOTICE_ONLY,사전예고 공식 기록은 있으나 현행 규정 전문을 확인하지 못함,1,0,False,2026-09-08T19:20:38+09:00,2026-09-08T19:20:38+09:00,https://www.kodit.or.kr/common/nttFileDownload.do?fileKey=ddd53ad12ad73c6385882a3eccc1e125,,unknown,,명칭변경·통합·폐지 확인,명칭변경·통합·폐지 확인,v0.4,review_pending
62f2d58bebbac1cc,중소기업팩토링운용기준,중소기업팩토링운용기준,NOTICE_ONLY,사전예고만,unknown,NOTICE_EVIDENCE_ONLY,1,중소기업팩토링운용기준: 사전예고만,2,OFFICIAL_NOTICE_ONLY,사전예고 공식 기록은 있으나 현행 규정 전문을 확인하지 못함,1,0,False,2026-09-08T19:20:38+09:00,2026-09-08T19:20:38+09:00,https://www.kodit.or.kr/common/nttFileDownload.do?fileKey=ddd53ad12ad73c6385882a3eccc1e125,,unknown,,매칭 불명,매칭 불명,v0.4,review_pending
950d583bfa4b8e6f,중소기업팩토링 제기준,중소기업팩토링제기준,NOTICE_ONLY,사전예고만,abolished,NOTICE_EVIDENCE_ONLY,1,중소기업팩토링 제기준: 사전예고만,2,OFFICIAL_NOTICE_ONLY,사전예고 공식 기록은 있으나 현행 규정 전문을 확인하지 못함,1,0,False,2026-09-08T19:20:38+09:00,2026-09-08T19:20:38+09:00,https://www.kodit.or.kr/common/nttFileDownload.do?fileKey=66a37151f3c617a8294ae0c05270a6f6,,unknown,,매칭 불명,매칭 불명,v0.4,review_pending
b39bc1d4b9e1ebfb,중소벤처기업 M&A지원센터 운영기준,중소벤처기업ma지원센터운영기준,NOTICE_ONLY,사전예고만,unknown,NOTICE_EVIDENCE_ONLY,1,중소벤처기업 M&A지원센터 운영기준: 사전예고만,2,OFFICIAL_NOTICE_ONLY,사전예고 공식 기록은 있으나 현행 규정 전문을 확인하지 못함,1,0,False,2026-09-08T19:20:38+09:00,2026-09-08T19:20:38+09:00,https://www.kodit.or.kr/common/nttFileDownload.do?fileKey=5476e1589a51dad1018fe28f0630bc8b,,unknown,,사전예고만 확인,사전예고만 확인,v0.4,review_pending
a01e68632a186d38,중소조선사 RG 특례보증 업무처리방법,중소조선사rg특례보증업무처리방법,NOTICE_ONLY,사전예고만,unknown,NOTICE_EVIDENCE_ONLY,1,중소조선사 RG 특례보증 업무처리방법: 사전예고만,2,OFFICIAL_NOTICE_ONLY,사전예고 공식 기록은 있으나 현행 규정 전문을 확인하지 못함,1,0,False,2026-09-08T19:20:38+09:00,2026-09-08T19:20:38+09:00,https://www.kodit.or.kr/common/nttFileDownload.do?fileKey=0900772db45a59be4be6db952c824e46,,unknown,,사전예고만 확인,사전예고만 확인,v0.4,review_pending
e219359eed222019,중소·중견기업 M&A 활성화를 위한 협약보증 업무처리방법,중소중견기업ma활성화를위한협약보증업무처리방법,NOTICE_ONLY,사전예고만,unknown,NOTICE_EVIDENCE_ONLY,1,중소·중견기업 M&A 활성화를 위한 협약보증 업무처리방법: 사전예고만,2,OFFICIAL_NOTICE_ONLY,사전예고 공식 기록은 있으나 현행 규정 전문을 확인하지 못함,1,0,False,2026-09-08T19:20:38+09:00,2026-09-08T19:20:38+09:00,https://www.kodit.or.kr/common/nttFileDownload.do?fileKey=d9203902cb67574b6e4ef257ac774a43,,unknown,,사전예고만 확인,사전예고만 확인,v0.4,review_pending
e082a7ea0d55e8e5,중소·중견기업팩토링관련제기준,중소중견기업팩토링관련제기준,NOTICE_ONLY,사전예고만,unknown,NOTICE_EVIDENCE_ONLY,1,중소·중견기업팩토링관련제기준: 사전예고만,2,OFFICIAL_NOTICE_ONLY,사전예고 공식 기록은 있으나 현행 규정 전문을 확인하지 못함,1,0,False,2026-09-08T19:20:38+09:00,2026-09-08T19:20:38+09:00,https://www.kodit.or.kr/common/nttFileDownload.do?fileKey=456573d89efbbb828a570c05f443e30b,,unknown,,매칭 불명,매칭 불명,v0.4,review_pending
be94d598af983fff,중소중견기업팩토링규정,중소중견기업팩토링규정,EXTRACTION_PENDING,판정대기,current,EXTRACTION_PENDING,1,중소중견기업팩토링규정: 판정대기,2,EXTRACTION_PENDING,공식 원문은 발견했으나 본문 추출·확인이 완료되지 않음,2,0,False,2026-09-08T19:20:38+09:00,2026-09-08T19:20:38+09:00,https://www.alio.go.kr/download/rulefiledown.json?fileNo=225598,29a3667427b9e20875f4dc78804ca0ea5025a2ea7ca7807192c518ae7c7c6073,hwp,2025.12.15,공개 확인,공개 확인,v0.4,review_pending
86311fdeae9281d7,중소·중견기업팩토링부실및채권관리업무처리기준,중소중견기업팩토링부실및채권관리업무처리기준,NOTICE_ONLY,사전예고만,unknown,NOTICE_EVIDENCE_ONLY,1,중소·중견기업팩토링부실및채권관리업무처리기준: 사전예고만,2,OFFICIAL_NOTICE_ONLY,사전예고 공식 기록은 있으나 현행 규정 전문을 확인하지 못함,1,0,False,2026-09-08T19:20:38+09:00,2026-09-08T19:20:38+09:00,https://www.kodit.or.kr/common/nttFileDownload.do?fileKey=55fbdf7eebc005cb417803677b9cb3c9,,unknown,,사전예고만 확인,사전예고만 확인,v0.4,review_pending
8b753fd49918101e,중소·중견기업팩토링사기 기업 및 허위자료 제출기업에 대한 업무처리기준,중소중견기업팩토링사기기업및허위자료제출기업에대한업무처리기준,NOTICE_ONLY,사전예고만,unknown,NOTICE_EVIDENCE_ONLY,1,중소·중견기업팩토링사기 기업 및 허위자료 제출기업에 대한 업무처리기준: 사전예고만,2,OFFICIAL_NOTICE_ONLY,사전예고 공식 기록은 있으나 현행 규정 전문을 확인하지 못함,1,0,False,2026-09-08T19:20:38+09:00,2026-09-08T19:20:38+09:00,https://www.kodit.or.kr/common/nttFileDownload.do?fileKey=55fbdf7eebc005cb417803677b9cb3c9,,unknown,,사전예고만 확인,사전예고만 확인,v0.4,review_pending
4823f4bda8b1d8e2,중소·중견기업팩토링신용조사및조사자료에관한업무처리기준,중소중견기업팩토링신용조사및조사자료에관한업무처리기준,NOTICE_ONLY,사전예고만,unknown,NOTICE_EVIDENCE_ONLY,1,중소·중견기업팩토링신용조사및조사자료에관한업무처리기준: 사전예고만,2,OFFICIAL_NOTICE_ONLY,사전예고 공식 기록은 있으나 현행 규정 전문을 확인하지 못함,1,0,False,2026-09-08T19:20:38+09:00,2026-09-08T19:20:38+09:00,https://www.kodit.or.kr/common/nttFileDownload.do?fileKey=55fbdf7eebc005cb417803677b9cb3c9,,unknown,,사전예고만 확인,사전예고만 확인,v0.4,review_pending
495b5c537d573e62,중소·중견기업팩토링요령,중소중견기업팩토링요령,FULLTEXT_PUBLIC,전문 공개,current,ANCHORS_CONFIRMED,0,중소·중견기업팩토링요령: 전문 공개,4,ANCHORS_CONFIRMED,공식 원문 본문에서 규정명·개정일·조문을 확인함,2,0,False,2026-09-08T19:20:38+09:00,2026-09-08T19:20:38+09:00,https://www.alio.go.kr/download/rulefiledown.json?fileNo=218036,0730d08eacd66dd0e6e9b7c5aaec99ebc55986022952fe21c30c87ae57c1afc1,pdf,2025.06.30,공개 확인,공개 확인,v0.4,review_pending
bde2532256ea3128,중소·중견기업팩토링 운용기준,중소중견기업팩토링운용기준,NOTICE_ONLY,사전예고만,unknown,NOTICE_EVIDENCE_ONLY,1,중소·중견기업팩토링 운용기준: 사전예고만,2,OFFICIAL_NOTICE_ONLY,사전예고 공식 기록은 있으나 현행 규정 전문을 확인하지 못함,1,0,False,2026-09-08T19:20:38+09:00,2026-09-08T19:20:38+09:00,https://www.kodit.or.kr/common/nttFileDownload.do?fileKey=55fbdf7eebc005cb417803677b9cb3c9,,unknown,,매칭 불명,매칭 불명,v0.4,review_pending
04084b7df0e09fbb,중소·중견기업팩토링 제기준,중소중견기업팩토링제기준,NOTICE_ONLY,사전예고만,unknown,NOTICE_EVIDENCE_ONLY,1,중소·중견기업팩토링 제기준: 사전예고만,2,OFFICIAL_NOTICE_ONLY,사전예고 공식 기록은 있으나 현행 규정 전문을 확인하지 못함,1,0,False,2026-09-08T19:20:38+09:00,2026-09-08T19:20:38+09:00,https://www.kodit.or.kr/common/nttFileDownload.do?fileKey=eb4029d0ba699785813ef22a4866f2cc,,unknown,,매칭 불명,매칭 불명,v0.4,review_pending
df02167461f3e5b7,중소·중견팩토링규정,중소중견팩토링규정,NOTICE_ONLY,사전예고만,unknown,NOTICE_EVIDENCE_ONLY,1,중소·중견팩토링규정: 사전예고만,2,OFFICIAL_NOTICE_ONLY,사전예고 공식 기록은 있으나 현행 규정 전문을 확인하지 못함,1,0,False,2026-09-08T19:20:38+09:00,2026-09-08T19:20:38+09:00,https://www.kodit.or.kr/common/nttFileDownload.do?fileKey=0cbbad5c06a5ccb9e2a27d4a76e11bee,,unknown,,매칭 불명,매칭 불명,v0.4,review_pending
49872a34db0adf7e,중소·중견팩토링부실 및 채권관리 업무처리기준,중소중견팩토링부실및채권관리업무처리기준,NOTICE_ONLY,사전예고만,unknown,NOTICE_EVIDENCE_ONLY,1,중소·중견팩토링부실 및 채권관리 업무처리기준: 사전예고만,2,OFFICIAL_NOTICE_ONLY,사전예고 공식 기록은 있으나 현행 규정 전문을 확인하지 못함,1,0,False,2026-09-08T19:20:38+09:00,2026-09-08T19:20:38+09:00,https://www.kodit.or.kr/common/nttFileDownload.do?fileKey=0cbbad5c06a5ccb9e2a27d4a76e11bee,,unknown,,사전예고만 확인,사전예고만 확인,v0.4,review_pending
00fc4e6cb240a589,중소·중견팩토링사기기업및허위자료제출기업에대한업무처리기준,중소중견팩토링사기기업및허위자료제출기업에대한업무처리기준,NOTICE_ONLY,사전예고만,unknown,NOTICE_EVIDENCE_ONLY,1,중소·중견팩토링사기기업및허위자료제출기업에대한업무처리기준: 사전예고만,2,OFFICIAL_NOTICE_ONLY,사전예고 공식 기록은 있으나 현행 규정 전문을 확인하지 못함,1,0,False,2026-09-08T19:20:38+09:00,2026-09-08T19:20:38+09:00,https://www.kodit.or.kr/common/nttFileDownload.do?fileKey=eb9051988a64b6194cdf0a4edb6b5d5a,,unknown,,사전예고만 확인,사전예고만 확인,v0.4,review_pending
e2377c7bc560e64a,중소·중견팩토링 신용조사 및 조사자료에 관한 업무처리기준,중소중견팩토링신용조사및조사자료에관한업무처리기준,NOTICE_ONLY,사전예고만,unknown,NOTICE_EVIDENCE_ONLY,1,중소·중견팩토링 신용조사 및 조사자료에 관한 업무처리기준: 사전예고만,2,OFFICIAL_NOTICE_ONLY,사전예고 공식 기록은 있으나 현행 규정 전문을 확인하지 못함,1,0,False,2026-09-08T19:20:38+09:00,2026-09-08T19:20:38+09:00,https://www.kodit.or.kr/common/nttFileDownload.do?fileKey=0cbbad5c06a5ccb9e2a27d4a76e11bee,,unknown,,사전예고만 확인,사전예고만 확인,v0.4,review_pending
f90b9eae2388c1d8,중소·중견팩토링요령,중소중견팩토링요령,NOTICE_ONLY,사전예고만,unknown,NOTICE_EVIDENCE_ONLY,1,중소·중견팩토링요령: 사전예고만,2,OFFICIAL_NOTICE_ONLY,사전예고 공식 기록은 있으나 현행 규정 전문을 확인하지 못함,1,0,False,2026-09-08T19:20:38+09:00,2026-09-08T19:20:38+09:00,https://www.kodit.or.kr/common/nttFileDownload.do?fileKey=eb9051988a64b6194cdf0a4edb6b5d5a,,unknown,,매칭 불명,매칭 불명,v0.4,review_pending
819774a9d7af2645,중소·중견팩토링 운용기준,중소중견팩토링운용기준,NOTICE_ONLY,사전예고만,unknown,NOTICE_EVIDENCE_ONLY,1,중소·중견팩토링 운용기준: 사전예고만,2,OFFICIAL_NOTICE_ONLY,사전예고 공식 기록은 있으나 현행 규정 전문을 확인하지 못함,1,0,False,2026-09-08T19:20:38+09:00,2026-09-08T19:20:38+09:00,https://www.kodit.or.kr/common/nttFileDownload.do?fileKey=0cbbad5c06a5ccb9e2a27d4a76e11bee,,unknown,,매칭 불명,매칭 불명,v0.4,review_pending
f431dae3e0d6f9bb,중요문서(자료) 보안관리기준,중요문서자료보안관리기준,NOTICE_ONLY,사전예고만,unknown,NOTICE_EVIDENCE_ONLY,1,중요문서(자료) 보안관리기준: 사전예고만,2,OFFICIAL_NOTICE_ONLY,사전예고 공식 기록은 있으나 현행 규정 전문을 확인하지 못함,1,0,False,2026-09-08T19:20:38+09:00,2026-09-08T19:20:38+09:00,https://www.kodit.or.kr/common/nttFileDownload.do?fileKey=5976b031c19a3be2bd83941bd970df65,,unknown,,사전예고만 확인,사전예고만 확인,v0.4,review_pending
477d085a0b7f597b,중요열쇠 관리기준,중요열쇠관리기준,NOTICE_ONLY,사전예고만,abolished,NOTICE_EVIDENCE_ONLY,1,중요열쇠 관리기준: 사전예고만,2,OFFICIAL_NOTICE_ONLY,사전예고 공식 기록은 있으나 현행 규정 전문을 확인하지 못함,1,0,False,2026-09-08T19:20:38+09:00,2026-09-08T19:20:38+09:00,https://www.kodit.or.kr/common/nttFileDownload.do?fileKey=718659d1570dc69905f4389f844cbe7e,,unknown,,사전예고만 확인,사전예고만 확인,v0.4,review_pending
03984cbf468e7420,중점분야 증액 우대보증 업무처리방법,중점분야증액우대보증업무처리방법,NOTICE_ONLY,사전예고만,unknown,NOTICE_EVIDENCE_ONLY,1,중점분야 증액 우대보증 업무처리방법: 사전예고만,2,OFFICIAL_NOTICE_ONLY,사전예고 공식 기록은 있으나 현행 규정 전문을 확인하지 못함,1,0,False,2026-09-08T19:20:38+09:00,2026-09-08T19:20:38+09:00,https://www.kodit.or.kr/common/nttFileDownload.do?fileKey=b12d513eb5cabfad6afd25ccc6b162d4,,unknown,,사전예고만 확인,사전예고만 확인,v0.4,review_pending
00cd4c56a2fce6dc,지방자치단체공동협력기준,지방자치단체공동협력기준,NOTICE_ONLY,사전예고만,unknown,NOTICE_EVIDENCE_ONLY,1,지방자치단체공동협력기준: 사전예고만,2,OFFICIAL_NOTICE_ONLY,사전예고 공식 기록은 있으나 현행 규정 전문을 확인하지 못함,1,0,False,2026-09-08T19:20:38+09:00,2026-09-08T19:20:38+09:00,https://www.kodit.or.kr/common/nttFileDownload.do?fileKey=4b1587319a164d75d35f8fdb15278f89,,unknown,,사전예고만 확인,사전예고만 확인,v0.4,review_pending
97f13156950a8cc9,지식경영 업무처리기준,지식경영업무처리기준,NOTICE_ONLY,사전예고만,unknown,NOTICE_EVIDENCE_ONLY,1,지식경영 업무처리기준: 사전예고만,2,OFFICIAL_NOTICE_ONLY,사전예고 공식 기록은 있으나 현행 규정 전문을 확인하지 못함,1,0,False,2026-09-08T19:20:38+09:00,2026-09-08T19:20:38+09:00,https://www.kodit.or.kr/common/nttFileDownload.do?fileKey=2aafebbec6e58a838e95df2028d7ed23,,unknown,,사전예고만 확인,사전예고만 확인,v0.4,review_pending
da791e6974c30bdc,지식기반기업에대한보증운용기준,지식기반기업에대한보증운용기준,NOTICE_ONLY,사전예고만,unknown,NOTICE_EVIDENCE_ONLY,1,지식기반기업에대한보증운용기준: 사전예고만,2,OFFICIAL_NOTICE_ONLY,사전예고 공식 기록은 있으나 현행 규정 전문을 확인하지 못함,1,0,False,2026-09-08T19:20:38+09:00,2026-09-08T19:20:38+09:00,https://www.kodit.or.kr/common/nttFileDownload.do?fileKey=57dfa90cba266d5361a50f35431dfcc7,,unknown,,사전예고만 확인,사전예고만 확인,v0.4,review_pending
2ef506dc5773571c,지식·기술기반 기업에 대한 보증프로그램 운용기준,지식기술기반기업에대한보증프로그램운용기준,NOTICE_ONLY,사전예고만,unknown,NOTICE_EVIDENCE_ONLY,1,지식·기술기반 기업에 대한 보증프로그램 운용기준: 사전예고만,2,OFFICIAL_NOTICE_ONLY,사전예고 공식 기록은 있으나 현행 규정 전문을 확인하지 못함,1,0,False,2026-09-08T19:20:38+09:00,2026-09-08T19:20:38+09:00,https://www.kodit.or.kr/common/nttFileDownload.do?fileKey=617ed0a25ec226881f51e1acd5ecf441,,unknown,,매칭 불명,매칭 불명,v0.4,review_pending
2ef506dc5773571c,지식・기술기반 기업에 대한 보증프로그램 운용기준,지식기술기반기업에대한보증프로그램운용기준,NOTICE_ONLY,사전예고만,unknown,NOTICE_EVIDENCE_ONLY,1,지식・기술기반 기업에 대한 보증프로그램 운용기준: 사전예고만,2,OFFICIAL_NOTICE_ONLY,사전예고 공식 기록은 있으나 현행 규정 전문을 확인하지 못함,1,0,False,2026-09-08T19:20:38+09:00,2026-09-08T19:20:38+09:00,https://www.kodit.or.kr/common/nttFileDownload.do?fileKey=10214dc6c28d958067437b20db1876f5,,unknown,,매칭 불명,매칭 불명,v0.4,review_pending
4ae4e79905a2b986,지식재산(IP)가치 평가시스템 운용기준,지식재산ip가치평가시스템운용기준,SOURCE_UNKNOWN,출처불명,unknown,NO_OFFICIAL_DOCUMENT,1,지식재산(IP)가치 평가시스템 운용기준: 출처불명,1,NO_DOCUMENT_OBSERVATION,공식 원문 또는 사전예고 발견경로를 확인하지 못함,0,0,False,2026-09-08T19:20:38+09:00,2026-09-08T19:20:38+09:00,,,unknown,,사전예고만 확인,,v0.4,review_pending
e054017b5638e9a5,지식재산(IP)평가시스템 운용기준,지식재산ip평가시스템운용기준,NOTICE_ONLY,사전예고만,unknown,NOTICE_EVIDENCE_ONLY,1,지식재산(IP)평가시스템 운용기준: 사전예고만,2,OFFICIAL_NOTICE_ONLY,사전예고 공식 기록은 있으나 현행 규정 전문을 확인하지 못함,1,0,False,2026-09-08T19:20:38+09:00,2026-09-08T19:20:38+09:00,https://www.kodit.or.kr/common/nttFileDownload.do?fileKey=3efb450c7272ab6cf17d6a710ff0a600,,unknown,,사전예고만 확인,사전예고만 확인,v0.4,review_pending
3d48a195e7c8c93f,지식재산 가치평가 보증 세부업무처리방법,지식재산가치평가보증세부업무처리방법,NOTICE_ONLY,사전예고만,unknown,NOTICE_EVIDENCE_ONLY,1,지식재산 가치평가 보증 세부업무처리방법: 사전예고만,2,OFFICIAL_NOTICE_ONLY,사전예고 공식 기록은 있으나 현행 규정 전문을 확인하지 못함,1,0,False,2026-09-08T19:20:38+09:00,2026-09-08T19:20:38+09:00,https://www.kodit.or.kr/common/nttFileDownload.do?fileKey=8877258de7106a22b675c735fb154fae,,unknown,,사전예고만 확인,사전예고만 확인,v0.4,review_pending
fb7f115f0c033bde,지식재산가치평가시스템(KIVE)운용기준,지식재산가치평가시스템kive운용기준,NOTICE_ONLY,사전예고만,unknown,NOTICE_EVIDENCE_ONLY,1,지식재산가치평가시스템(KIVE)운용기준: 사전예고만,2,OFFICIAL_NOTICE_ONLY,사전예고 공식 기록은 있으나 현행 규정 전문을 확인하지 못함,1,0,False,2026-09-08T19:20:38+09:00,2026-09-08T19:20:38+09:00,https://www.kodit.or.kr/common/nttFileDownload.do?fileKey=a602f8f64a70d851012a507174e49ed5,,unknown,,사전예고만 확인,사전예고만 확인,v0.4,review_pending
ec942e3f48835086,지식재산 보증 업무처리방법,지식재산보증업무처리방법,NOTICE_ONLY,사전예고만,unknown,NOTICE_EVIDENCE_ONLY,1,지식재산 보증 업무처리방법: 사전예고만,2,OFFICIAL_NOTICE_ONLY,사전예고 공식 기록은 있으나 현행 규정 전문을 확인하지 못함,1,0,False,2026-09-08T19:20:38+09:00,2026-09-08T19:20:38+09:00,https://www.kodit.or.kr/common/nttFileDownload.do?fileKey=81a03da897e3e8090cc3aef1b18510df,,unknown,,매칭 불명,매칭 불명,v0.4,review_pending
f358900d0bcac5c2,지식재산 보증 운용기준,지식재산보증운용기준,EXTRACTION_PENDING,판정대기,current,EXTRACTION_PENDING,1,지식재산 보증 운용기준: 판정대기,2,EXTRACTION_PENDING,공식 원문은 발견했으나 본문 추출·확인이 완료되지 않음,2,0,False,2026-09-08T19:20:38+09:00,2026-09-08T19:20:38+09:00,https://www.alio.go.kr/download/rulefiledown.json?fileNo=230470,c791a19d0e253d406869b6aa0c93185d0bfc68000071b3532cbbe29009f82bdb,hwp,2026.01.26,공개 확인,공개 확인,v0.4,review_pending
e36050b3c4ed3de7,지역산업 구조조정 관련 협력기업에 대한 특례보증 업무처리방법,지역산업구조조정관련협력기업에대한특례보증업무처리방법,EXTRACTION_PENDING,판정대기,current,EXTRACTION_PENDING,1,지역산업 구조조정 관련 협력기업에 대한 특례보증 업무처리방법: 판정대기,2,EXTRACTION_PENDING,공식 원문은 발견했으나 본문 추출·확인이 완료되지 않음,1,0,False,2026-09-08T19:20:38+09:00,2026-09-08T19:20:38+09:00,https://www.alio.go.kr/download/rulefiledown.json?fileNo=70824,340fc1625be355a8527e003ac32e459063c9414cb2d08cba5251e13746179408,hwp,2018.11.01,,,v0.4,review_pending
8ac3880e73971311,지역산업 지원프로그램 운용기준,지역산업지원프로그램운용기준,NOTICE_ONLY,사전예고만,unknown,NOTICE_EVIDENCE_ONLY,1,지역산업 지원프로그램 운용기준: 사전예고만,2,OFFICIAL_NOTICE_ONLY,사전예고 공식 기록은 있으나 현행 규정 전문을 확인하지 못함,1,0,False,2026-09-08T19:20:38+09:00,2026-09-08T19:20:38+09:00,https://www.kodit.or.kr/common/nttFileDownload.do?fileKey=ad293b9c01cc8dc1863d173fcc6d50e9,,unknown,,매칭 불명,매칭 불명,v0.4,review_pending
3099c8b60211d3c9,지역상생보증 프로그램 협약보증 운용기준,지역상생보증프로그램협약보증운용기준,NOTICE_ONLY,사전예고만,unknown,NOTICE_EVIDENCE_ONLY,1,지역상생보증 프로그램 협약보증 운용기준: 사전예고만,2,OFFICIAL_NOTICE_ONLY,사전예고 공식 기록은 있으나 현행 규정 전문을 확인하지 못함,1,0,False,2026-09-08T19:20:38+09:00,2026-09-08T19:20:38+09:00,,,unknown,,사전예고만 확인,사전예고만 확인,v0.4,review_pending
f949d487c2b44047,지역상생 특별출연·보증료 지원 협약보증 운용기준,지역상생특별출연보증료지원협약보증운용기준,NOTICE_ONLY,사전예고만,unknown,NOTICE_EVIDENCE_ONLY,1,지역상생 특별출연·보증료 지원 협약보증 운용기준: 사전예고만,2,OFFICIAL_NOTICE_ONLY,사전예고 공식 기록은 있으나 현행 규정 전문을 확인하지 못함,1,0,False,2026-09-08T19:20:38+09:00,2026-09-08T19:20:38+09:00,https://www.kodit.or.kr/common/nttFileDownload.do?fileKey=8d7e654f044cfaa2e1e5f0880acb7eb1,,unknown,,매칭 불명,매칭 불명,v0.4,review_pending
f949d487c2b44047,지역상생 특별출연・보증료 지원 협약보증 운용기준,지역상생특별출연보증료지원협약보증운용기준,NOTICE_ONLY,사전예고만,unknown,NOTICE_EVIDENCE_ONLY,1,지역상생 특별출연・보증료 지원 협약보증 운용기준: 사전예고만,2,OFFICIAL_NOTICE_ONLY,사전예고 공식 기록은 있으나 현행 규정 전문을 확인하지 못함,1,0,False,2026-09-08T19:20:38+09:00,2026-09-08T19:20:38+09:00,https://www.kodit.or.kr/common/nttFileDownload.do?fileKey=10214dc6c28d958067437b20db1876f5,,unknown,,사전예고만 확인,사전예고만 확인,v0.4,review_pending
f73a09d2d4e2d133,지역자산화 협약보증 업무처리방법,지역자산화협약보증업무처리방법,NOTICE_ONLY,사전예고만,unknown,NOTICE_EVIDENCE_ONLY,1,지역자산화 협약보증 업무처리방법: 사전예고만,2,OFFICIAL_NOTICE_ONLY,사전예고 공식 기록은 있으나 현행 규정 전문을 확인하지 못함,1,0,False,2026-09-08T19:20:38+09:00,2026-09-08T19:20:38+09:00,https://www.kodit.or.kr/common/nttFileDownload.do?fileKey=0cd42adcd963f695e7801931f4187777,,unknown,,사전예고만 확인,사전예고만 확인,v0.4,review_pending
771bd3226449c17c,지원업무직원 관리기준,지원업무직원관리기준,NOTICE_ONLY,사전예고만,unknown,NOTICE_EVIDENCE_ONLY,1,지원업무직원 관리기준: 사전예고만,2,OFFICIAL_NOTICE_ONLY,사전예고 공식 기록은 있으나 현행 규정 전문을 확인하지 못함,1,0,False,2026-09-08T19:20:38+09:00,2026-09-08T19:20:38+09:00,https://www.kodit.or.kr/common/nttFileDownload.do?fileKey=8af52f925bbf471953965d14a6c26c9b,,unknown,,매칭 불명,매칭 불명,v0.4,review_pending
75d1d3f781c10990,지원 업무처리기준,지원업무처리기준,NOTICE_ONLY,사전예고만,unknown,NOTICE_EVIDENCE_ONLY,1,지원 업무처리기준: 사전예고만,2,OFFICIAL_NOTICE_ONLY,사전예고 공식 기록은 있으나 현행 규정 전문을 확인하지 못함,1,0,False,2026-09-08T19:20:38+09:00,2026-09-08T19:20:38+09:00,https://www.kodit.or.kr/common/nttFileDownload.do?fileKey=86d0d0ef8514399d2c4bbbe75514cf98,,unknown,,사전예고만 확인,사전예고만 확인,v0.4,review_pending
153a3093df3c36ac,지원 프로그램 운용기준,지원프로그램운용기준,NOTICE_ONLY,사전예고만,unknown,NOTICE_EVIDENCE_ONLY,1,지원 프로그램 운용기준: 사전예고만,2,OFFICIAL_NOTICE_ONLY,사전예고 공식 기록은 있으나 현행 규정 전문을 확인하지 못함,1,0,False,2026-09-08T19:20:38+09:00,2026-09-08T19:20:38+09:00,https://www.kodit.or.kr/common/nttFileDownload.do?fileKey=4a0f10f8218c0962de3da1a08cf7af55,,unknown,,매칭 불명,매칭 불명,v0.4,review_pending
bd2272099f077bc3,직무감찰기준,직무감찰기준,NOTICE_ONLY,사전예고만,unknown,NOTICE_EVIDENCE_ONLY,1,직무감찰기준: 사전예고만,2,OFFICIAL_NOTICE_ONLY,사전예고 공식 기록은 있으나 현행 규정 전문을 확인하지 못함,1,0,False,2026-09-08T19:20:38+09:00,2026-09-08T19:20:38+09:00,https://www.kodit.or.kr/common/nttFileDownload.do?fileKey=b0a41ef65b418e0189af9b0e693cf702,,unknown,,사전예고만 확인,사전예고만 확인,v0.4,review_pending
85995c6a905ead9f,직무성과계약제 운영기준,직무성과계약제운영기준,NOTICE_ONLY,사전예고만,unknown,NOTICE_EVIDENCE_ONLY,1,직무성과계약제 운영기준: 사전예고만,2,OFFICIAL_NOTICE_ONLY,사전예고 공식 기록은 있으나 현행 규정 전문을 확인하지 못함,1,0,False,2026-09-08T19:20:38+09:00,2026-09-08T19:20:38+09:00,https://www.kodit.or.kr/common/nttFileDownload.do?fileKey=4e8523d6029244b385e2650651ae43f2,,unknown,,사전예고만 확인,사전예고만 확인,v0.4,review_pending
5d9ea4be78f16e56,직무전결요령,직무전결요령,FULLTEXT_PUBLIC,전문 공개,current,ANCHORS_CONFIRMED,0,직무전결요령: 전문 공개,4,ANCHORS_CONFIRMED,공식 원문 본문에서 규정명·개정일·조문을 확인함,2,0,False,2026-09-08T19:20:38+09:00,2026-09-08T19:20:38+09:00,https://www.alio.go.kr/download/rulefiledown.json?fileNo=239095,db014a3f5293380d01643e4828de9323d56a5c1a3bf4e4dc910bb001c1ea341c,pdf,2026.07.23,공개 확인,공개 확인,v0.4,review_pending
2bf614cee096b45c,직원등 채용기준,직원등채용기준,EXTRACTION_PENDING,판정대기,current,EXTRACTION_PENDING,1,직원등 채용기준: 판정대기,2,EXTRACTION_PENDING,공식 원문은 발견했으나 본문 추출·확인이 완료되지 않음,1,0,False,2026-09-08T19:20:38+09:00,2026-09-08T19:20:38+09:00,https://www.alio.go.kr/download/rulefiledown.json?fileNo=204714,4a349b5b0bc261879807c19b59903ef59389cf93ac55ae9d11b6d2d4c20a8297,hwp,2024.10.22,,,v0.4,review_pending
d7b5d88d5a7d7937,직원상벌요령,직원상벌요령,EXTRACTION_PENDING,판정대기,current,EXTRACTION_PENDING,1,직원상벌요령: 판정대기,2,EXTRACTION_PENDING,공식 원문은 발견했으나 본문 추출·확인이 완료되지 않음,2,0,False,2026-09-08T19:20:38+09:00,2026-09-08T19:20:38+09:00,https://www.alio.go.kr/download/rulefiledown.json?fileNo=238665,89fcfa75e98220617bb38777bef1d02f1cb488870d4f347277298593a2b0b62d,hwp,2026.07.09,공개 확인,공개 확인,v0.4,review_pending
5861c29159604060,직원상벌요령 기준,직원상벌요령기준,NOTICE_ONLY,사전예고만,unknown,NOTICE_EVIDENCE_ONLY,1,직원상벌요령 기준: 사전예고만,2,OFFICIAL_NOTICE_ONLY,사전예고 공식 기록은 있으나 현행 규정 전문을 확인하지 못함,1,0,False,2026-09-08T19:20:38+09:00,2026-09-08T19:20:38+09:00,https://www.kodit.or.kr/common/nttFileDownload.do?fileKey=a8dbea718f4c95da7a330f9a1f96ddda,,unknown,,매칭 불명,매칭 불명,v0.4,review_pending
bb08b5615a8f7b10,직원의 회수활동에 관한기준,직원의회수활동에관한기준,NOTICE_ONLY,사전예고만,unknown,NOTICE_EVIDENCE_ONLY,1,직원의 회수활동에 관한기준: 사전예고만,2,OFFICIAL_NOTICE_ONLY,사전예고 공식 기록은 있으나 현행 규정 전문을 확인하지 못함,1,0,False,2026-09-08T19:20:38+09:00,2026-09-08T19:20:38+09:00,https://www.kodit.or.kr/common/nttFileDownload.do?fileKey=d61773f4127016eac94d7ea8b5da4ffd,,unknown,,사전예고만 확인,사전예고만 확인,v0.4,review_pending
7134a0f277d66bc9,직원의 회수활동에 관한 업무처리기준,직원의회수활동에관한업무처리기준,NOTICE_ONLY,사전예고만,unknown,NOTICE_EVIDENCE_ONLY,1,직원의 회수활동에 관한 업무처리기준: 사전예고만,2,OFFICIAL_NOTICE_ONLY,사전예고 공식 기록은 있으나 현행 규정 전문을 확인하지 못함,1,0,False,2026-09-08T19:20:38+09:00,2026-09-08T19:20:38+09:00,https://www.kodit.or.kr/common/nttFileDownload.do?fileKey=6184b5118bd8b010d04d31c88de2db37,,unknown,,사전예고만 확인,사전예고만 확인,v0.4,review_pending
877eb5df1a307f3a,직원채용 기준,직원채용기준,NOTICE_ONLY,사전예고만,unknown,NOTICE_EVIDENCE_ONLY,1,직원채용 기준: 사전예고만,2,OFFICIAL_NOTICE_ONLY,사전예고 공식 기록은 있으나 현행 규정 전문을 확인하지 못함,1,0,False,2026-09-08T19:20:38+09:00,2026-09-08T19:20:38+09:00,https://www.kodit.or.kr/common/nttFileDownload.do?fileKey=fd5782326e4e05d679cdd660e797e6e6,,unknown,,명칭변경·통합·폐지 확인,명칭변경·통합·폐지 확인,v0.4,review_pending
9082b121b3d03bb7,직제규정,직제규정,FULLTEXT_PUBLIC,전문 공개,current,ANCHORS_CONFIRMED,0,직제규정: 전문 공개,4,ANCHORS_CONFIRMED,공식 원문 본문에서 규정명·개정일·조문을 확인함,2,0,False,2026-09-08T19:20:38+09:00,2026-09-08T19:20:38+09:00,https://www.alio.go.kr/download/rulefiledown.json?fileNo=238489,c5cb2fdd73a4fb097a4cab278d5ef9b9ac9d7e5ae0539f9689036fe466c81fd9,pdf,2026.07.01,공개 확인,공개 확인,v0.4,review_pending
d15b5129fb70c3c3,집중호우 재난 관련 부실관리 특례조치,집중호우재난관련부실관리특례조치,NOTICE_ONLY,사전예고만,unknown,NOTICE_EVIDENCE_ONLY,1,집중호우 재난 관련 부실관리 특례조치: 사전예고만,2,OFFICIAL_NOTICE_ONLY,사전예고 공식 기록은 있으나 현행 규정 전문을 확인하지 못함,1,0,False,2026-09-08T19:20:38+09:00,2026-09-08T19:20:38+09:00,https://www.kodit.or.kr/common/nttFileDownload.do?fileKey=b60981aa91e466c933c1c0dd47bf123b,,unknown,,,,v0.4,review_pending
6fc88e9931bb38a9,집행보조절차 업무처리기준,집행보조절차업무처리기준,NOTICE_ONLY,사전예고만,abolished,NOTICE_EVIDENCE_ONLY,1,집행보조절차 업무처리기준: 사전예고만,2,OFFICIAL_NOTICE_ONLY,사전예고 공식 기록은 있으나 현행 규정 전문을 확인하지 못함,1,0,False,2026-09-08T19:20:38+09:00,2026-09-08T19:20:38+09:00,https://www.kodit.or.kr/common/nttFileDownload.do?fileKey=a0d8e8b9b500a2434d42cdc8f908f2ef,,unknown,,사전예고만 확인,사전예고만 확인,v0.4,review_pending
1aa412ea31560701,차 개정 및 부분보증 운용기준,차개정및부분보증운용기준,NOTICE_ONLY,사전예고만,unknown,NOTICE_EVIDENCE_ONLY,1,차 개정 및 부분보증 운용기준: 사전예고만,2,OFFICIAL_NOTICE_ONLY,사전예고 공식 기록은 있으나 현행 규정 전문을 확인하지 못함,1,0,False,2026-09-08T19:20:38+09:00,2026-09-08T19:20:38+09:00,https://www.kodit.or.kr/common/nttFileDownload.do?fileKey=0119649ef105e520e263b571fed3d380,,unknown,,사전예고만 확인,사전예고만 확인,v0.4,review_pending
3b86be2c64b32854,창업기업에 대한 보증프로그램 운용기준,창업기업에대한보증프로그램운용기준,NOTICE_ONLY,사전예고만,unknown,NOTICE_EVIDENCE_ONLY,1,창업기업에 대한 보증프로그램 운용기준: 사전예고만,2,OFFICIAL_NOTICE_ONLY,사전예고 공식 기록은 있으나 현행 규정 전문을 확인하지 못함,1,0,False,2026-09-08T19:20:38+09:00,2026-09-08T19:20:38+09:00,https://www.kodit.or.kr/common/nttFileDownload.do?fileKey=f59eedbd519091f44f0ac6242274ee6a,,unknown,,매칭 불명,매칭 불명,v0.4,review_pending
6c56c4af30a99db4,창업기업에 대한 연대보증 입보면제 업무처리방법,창업기업에대한연대보증입보면제업무처리방법,NOTICE_ONLY,사전예고만,unknown,NOTICE_EVIDENCE_ONLY,1,창업기업에 대한 연대보증 입보면제 업무처리방법: 사전예고만,2,OFFICIAL_NOTICE_ONLY,사전예고 공식 기록은 있으나 현행 규정 전문을 확인하지 못함,1,0,False,2026-09-08T19:20:38+09:00,2026-09-08T19:20:38+09:00,https://www.kodit.or.kr/common/nttFileDownload.do?fileKey=0ed2e321a3c6c021a848ca59acd96d30,,unknown,,사전예고만 확인,사전예고만 확인,v0.4,review_pending
a8f4e9329ce62462,창업기업 연대보증 입보면제 업무처리기준,창업기업연대보증입보면제업무처리기준,NOTICE_ONLY,사전예고만,unknown,NOTICE_EVIDENCE_ONLY,1,창업기업 연대보증 입보면제 업무처리기준: 사전예고만,2,OFFICIAL_NOTICE_ONLY,사전예고 공식 기록은 있으나 현행 규정 전문을 확인하지 못함,1,0,False,2026-09-08T19:20:38+09:00,2026-09-08T19:20:38+09:00,https://www.kodit.or.kr/common/nttFileDownload.do?fileKey=0ed2e321a3c6c021a848ca59acd96d30,,unknown,,사전예고만 확인,사전예고만 확인,v0.4,review_pending
ea2e7fd28acb6e0a,창업드림센터 운영기준,창업드림센터운영기준,NOTICE_ONLY,사전예고만,unknown,NOTICE_EVIDENCE_ONLY,1,창업드림센터 운영기준: 사전예고만,2,OFFICIAL_NOTICE_ONLY,사전예고 공식 기록은 있으나 현행 규정 전문을 확인하지 못함,1,0,False,2026-09-08T19:20:38+09:00,2026-09-08T19:20:38+09:00,https://www.kodit.or.kr/common/nttFileDownload.do?fileKey=9630474ffa39db2800564dc6c5d9eb76,,unknown,,사전예고만 확인,사전예고만 확인,v0.4,review_pending
8381ab98344a2d5f,창업드림센터 운용기준,창업드림센터운용기준,NOTICE_ONLY,사전예고만,unknown,NOTICE_EVIDENCE_ONLY,1,창업드림센터 운용기준: 사전예고만,2,OFFICIAL_NOTICE_ONLY,사전예고 공식 기록은 있으나 현행 규정 전문을 확인하지 못함,1,0,False,2026-09-08T19:20:38+09:00,2026-09-08T19:20:38+09:00,https://www.kodit.or.kr/common/nttFileDownload.do?fileKey=62467f7bc3f35789d69590f3a1b05729,,unknown,,사전예고만 확인,사전예고만 확인,v0.4,review_pending
c93e5a731eaa036d,창업부 신용보증 제기준,창업부신용보증제기준,NOTICE_ONLY,사전예고만,unknown,NOTICE_EVIDENCE_ONLY,1,창업부 신용보증 제기준: 사전예고만,2,OFFICIAL_NOTICE_ONLY,사전예고 공식 기록은 있으나 현행 규정 전문을 확인하지 못함,1,0,False,2026-09-08T19:20:38+09:00,2026-09-08T19:20:38+09:00,https://www.kodit.or.kr/common/nttFileDownload.do?fileKey=7fc087b1a6d4941ef69ffc6f19ebd265,,unknown,,사전예고만 확인,사전예고만 확인,v0.4,review_pending
c7c327bb3f8347c4,창업부 제기준,창업부제기준,NOTICE_ONLY,사전예고만,unknown,NOTICE_EVIDENCE_ONLY,1,창업부 제기준: 사전예고만,2,OFFICIAL_NOTICE_ONLY,사전예고 공식 기록은 있으나 현행 규정 전문을 확인하지 못함,1,0,False,2026-09-08T19:20:38+09:00,2026-09-08T19:20:38+09:00,https://www.kodit.or.kr/common/nttFileDownload.do?fileKey=1d2d76485b3c4270211aaf5225331484,,unknown,,사전예고만 확인,사전예고만 확인,v0.4,review_pending
a7496aa2790c6c40,창업성공 패키지보험 운용기준,창업성공패키지보험운용기준,NOTICE_ONLY,사전예고만,unknown,NOTICE_EVIDENCE_ONLY,1,창업성공 패키지보험 운용기준: 사전예고만,2,OFFICIAL_NOTICE_ONLY,사전예고 공식 기록은 있으나 현행 규정 전문을 확인하지 못함,1,0,False,2026-09-08T19:20:38+09:00,2026-09-08T19:20:38+09:00,https://www.kodit.or.kr/common/nttFileDownload.do?fileKey=a878998c9f13c2a7050ce20b21991669,,unknown,,사전예고만 확인,사전예고만 확인,v0.4,review_pending
52d5fb5b96273e72,창업성장 매출채권보험 운용기준,창업성장매출채권보험운용기준,NOTICE_ONLY,사전예고만,unknown,NOTICE_EVIDENCE_ONLY,1,창업성장 매출채권보험 운용기준: 사전예고만,2,OFFICIAL_NOTICE_ONLY,사전예고 공식 기록은 있으나 현행 규정 전문을 확인하지 못함,1,0,False,2026-09-08T19:20:38+09:00,2026-09-08T19:20:38+09:00,https://www.kodit.or.kr/common/nttFileDownload.do?fileKey=b394c2f67915a59bb5641e3b82dbb820,,unknown,,사전예고만 확인,사전예고만 확인,v0.4,review_pending
4c11dd97d5845135,창업성장 매출채권보험 운용기준 외 1개 규정,창업성장매출채권보험운용기준외1개규정,NOTICE_ONLY,사전예고만,unknown,NOTICE_EVIDENCE_ONLY,1,창업성장 매출채권보험 운용기준 외 1개 규정: 사전예고만,2,OFFICIAL_NOTICE_ONLY,사전예고 공식 기록은 있으나 현행 규정 전문을 확인하지 못함,1,0,False,2026-09-08T19:20:38+09:00,2026-09-08T19:20:38+09:00,https://www.kodit.or.kr/common/nttFileDownload.do?fileKey=bb414ecce0c1b45d5c21648416f9a299,,unknown,,사전예고만 확인,사전예고만 확인,v0.4,review_pending
0ae333c4d5c730e5,창업진흥원 추천 재창업기업 협약보증 업무처리방법,창업진흥원추천재창업기업협약보증업무처리방법,NOTICE_ONLY,사전예고만,unknown,NOTICE_EVIDENCE_ONLY,1,창업진흥원 추천 재창업기업 협약보증 업무처리방법: 사전예고만,2,OFFICIAL_NOTICE_ONLY,사전예고 공식 기록은 있으나 현행 규정 전문을 확인하지 못함,1,0,False,2026-09-08T19:20:38+09:00,2026-09-08T19:20:38+09:00,https://www.kodit.or.kr/common/nttFileDownload.do?fileKey=d9d45f54962f8539abb845de3838c971,,unknown,,사전예고만 확인,사전예고만 확인,v0.4,review_pending
3a7cf2b313ff3f1d,창업진흥원 협약보증 운용기준,창업진흥원협약보증운용기준,NOTICE_ONLY,사전예고만,unknown,NOTICE_EVIDENCE_ONLY,1,창업진흥원 협약보증 운용기준: 사전예고만,2,OFFICIAL_NOTICE_ONLY,사전예고 공식 기록은 있으나 현행 규정 전문을 확인하지 못함,1,0,False,2026-09-08T19:20:38+09:00,2026-09-08T19:20:38+09:00,https://www.kodit.or.kr/common/nttFileDownload.do?fileKey=4b491fa30ea2fc44444a6687ade834fa,,unknown,,사전예고만 확인,사전예고만 확인,v0.4,review_pending
d6ed12fe2bf2c128,채권관리단운영및직원의회수활동에관한기준,채권관리단운영및직원의회수활동에관한기준,NOTICE_ONLY,사전예고만,unknown,NOTICE_EVIDENCE_ONLY,1,채권관리단운영및직원의회수활동에관한기준: 사전예고만,2,OFFICIAL_NOTICE_ONLY,사전예고 공식 기록은 있으나 현행 규정 전문을 확인하지 못함,1,0,False,2026-09-08T19:20:38+09:00,2026-09-08T19:20:38+09:00,https://www.kodit.or.kr/common/nttFileDownload.do?fileKey=d61773f4127016eac94d7ea8b5da4ffd,,unknown,,사전예고만 확인,사전예고만 확인,v0.4,review_pending
53c763f1c27a007c,채권관리단 운영에 관한 기준,채권관리단운영에관한기준,NOTICE_ONLY,사전예고만,unknown,NOTICE_EVIDENCE_ONLY,1,채권관리단 운영에 관한 기준: 사전예고만,2,OFFICIAL_NOTICE_ONLY,사전예고 공식 기록은 있으나 현행 규정 전문을 확인하지 못함,1,0,False,2026-09-08T19:20:38+09:00,2026-09-08T19:20:38+09:00,https://www.kodit.or.kr/common/nttFileDownload.do?fileKey=be99fcf83e18048f5a0f92c67dc38aa8,,unknown,,사전예고만 확인,사전예고만 확인,v0.4,review_pending
3c5847d3aa109a2a,채권금융기관 공동관리기업 업무처리기준,채권금융기관공동관리기업업무처리기준,NOTICE_ONLY,사전예고만,unknown,NOTICE_EVIDENCE_ONLY,1,채권금융기관 공동관리기업 업무처리기준: 사전예고만,2,OFFICIAL_NOTICE_ONLY,사전예고 공식 기록은 있으나 현행 규정 전문을 확인하지 못함,1,0,False,2026-09-08T19:20:38+09:00,2026-09-08T19:20:38+09:00,https://www.kodit.or.kr/common/nttFileDownload.do?fileKey=bff1477e2c5f0c040b8175dd92030a04,,unknown,,사전예고만 확인,사전예고만 확인,v0.4,review_pending
917723ebfa63f20e,채권보전 업무처리 기준,채권보전업무처리기준,NOTICE_ONLY,사전예고만,unknown,NOTICE_EVIDENCE_ONLY,1,채권보전 업무처리 기준: 사전예고만,2,OFFICIAL_NOTICE_ONLY,사전예고 공식 기록은 있으나 현행 규정 전문을 확인하지 못함,1,0,False,2026-09-08T19:20:38+09:00,2026-09-08T19:20:38+09:00,https://www.kodit.or.kr/common/nttFileDownload.do?fileKey=e420c6ebfdfbfcd6cb99e1e1aceaf88e,,unknown,,사전예고만 확인,사전예고만 확인,v0.4,review_pending
1f1bb8470a3c7565,채권시장안정 유동화보증 업무처리방법,채권시장안정유동화보증업무처리방법,FULLTEXT_PUBLIC,전문 공개,current,ANCHORS_CONFIRMED,0,채권시장안정 유동화보증 업무처리방법: 전문 공개,4,ANCHORS_CONFIRMED,공식 원문 본문에서 규정명·개정일·조문을 확인함,1,0,False,2026-09-08T19:20:38+09:00,2026-09-08T19:20:38+09:00,https://www.alio.go.kr/download/rulefiledown.json?fileNo=236616,9f97402b41a42a1282021906fb7b2a1ee9a00cfb092643409ed614c0e072decd,pdf,2026.06.01,,,v0.4,review_pending
9c4fa0447fcb122f,채권시장안정 유동화회사보증 업무처리방법,채권시장안정유동화회사보증업무처리방법,NOTICE_ONLY,사전예고만,unknown,NOTICE_EVIDENCE_ONLY,1,채권시장안정 유동화회사보증 업무처리방법: 사전예고만,2,OFFICIAL_NOTICE_ONLY,사전예고 공식 기록은 있으나 현행 규정 전문을 확인하지 못함,1,0,False,2026-09-08T19:20:38+09:00,2026-09-08T19:20:38+09:00,https://www.kodit.or.kr/common/nttFileDownload.do?fileKey=62cd3762301b4fb44265ee2802d1e9e4,,unknown,,명칭변경·통합·폐지 확인,명칭변경·통합·폐지 확인,v0.4,review_pending
e47add008707a9f9,채권철관리기준,채권철관리기준,NOTICE_ONLY,사전예고만,unknown,NOTICE_EVIDENCE_ONLY,1,채권철관리기준: 사전예고만,2,OFFICIAL_NOTICE_ONLY,사전예고 공식 기록은 있으나 현행 규정 전문을 확인하지 못함,1,0,False,2026-09-08T19:20:38+09:00,2026-09-08T19:20:38+09:00,https://www.kodit.or.kr/common/nttFileDownload.do?fileKey=817f9ac2abf4159c2135a9d764b8ca9f,,unknown,,사전예고만 확인,사전예고만 확인,v0.4,review_pending
448e51cfd2f7ef8f,채권추심 전속업무직원 등 성과급 지급기준,채권추심전속업무직원등성과급지급기준,NOTICE_ONLY,사전예고만,unknown,NOTICE_EVIDENCE_ONLY,1,채권추심 전속업무직원 등 성과급 지급기준: 사전예고만,2,OFFICIAL_NOTICE_ONLY,사전예고 공식 기록은 있으나 현행 규정 전문을 확인하지 못함,1,0,False,2026-09-08T19:20:38+09:00,2026-09-08T19:20:38+09:00,https://www.kodit.or.kr/common/nttFileDownload.do?fileKey=e33e1d78577935fadade89db422ea251,,unknown,,사전예고만 확인,사전예고만 확인,v0.4,review_pending
ee020b257f06e26a,채권회수 전속업무직원 등 성과급 지급기준,채권회수전속업무직원등성과급지급기준,NOTICE_ONLY,사전예고만,unknown,NOTICE_EVIDENCE_ONLY,1,채권회수 전속업무직원 등 성과급 지급기준: 사전예고만,2,OFFICIAL_NOTICE_ONLY,사전예고 공식 기록은 있으나 현행 규정 전문을 확인하지 못함,1,0,False,2026-09-08T19:20:38+09:00,2026-09-08T19:20:38+09:00,https://www.kodit.or.kr/common/nttFileDownload.do?fileKey=d95bfd4a991efea836874476bdc71ac6,,unknown,,사전예고만 확인,사전예고만 확인,v0.4,review_pending
d0074e93117584a0,채무관계자 관리에 관한 업무처리기준,채무관계자관리에관한업무처리기준,NOTICE_ONLY,사전예고만,unknown,NOTICE_EVIDENCE_ONLY,1,채무관계자 관리에 관한 업무처리기준: 사전예고만,2,OFFICIAL_NOTICE_ONLY,사전예고 공식 기록은 있으나 현행 규정 전문을 확인하지 못함,1,0,False,2026-09-08T19:20:38+09:00,2026-09-08T19:20:38+09:00,https://www.kodit.or.kr/common/nttFileDownload.do?fileKey=609bb82442a355708952aa7c3c9c26ad,,unknown,,사전예고만 확인,사전예고만 확인,v0.4,review_pending
5f5b41074c944a40,채무관계자 및 소멸시효 관리기준,채무관계자및소멸시효관리기준,NOTICE_ONLY,사전예고만,abolished,NOTICE_EVIDENCE_ONLY,1,채무관계자 및 소멸시효 관리기준: 사전예고만,2,OFFICIAL_NOTICE_ONLY,사전예고 공식 기록은 있으나 현행 규정 전문을 확인하지 못함,1,0,False,2026-09-08T19:20:38+09:00,2026-09-08T19:20:38+09:00,https://www.kodit.or.kr/common/nttFileDownload.do?fileKey=1e0008e1d256be1426d9e4a23d3ab00d,,unknown,,사전예고만 확인,사전예고만 확인,v0.4,review_pending
95ab931c7c8ecf1e,채무불이행자명부등재및재산조회에관한업무처리기준,채무불이행자명부등재및재산조회에관한업무처리기준,NOTICE_ONLY,사전예고만,abolished,NOTICE_EVIDENCE_ONLY,1,채무불이행자명부등재및재산조회에관한업무처리기준: 사전예고만,2,OFFICIAL_NOTICE_ONLY,사전예고 공식 기록은 있으나 현행 규정 전문을 확인하지 못함,1,0,False,2026-09-08T19:20:38+09:00,2026-09-08T19:20:38+09:00,https://www.kodit.or.kr/common/nttFileDownload.do?fileKey=0d9cea854f78cc085bcef1081217c289,,unknown,,사전예고만 확인,사전예고만 확인,v0.4,review_pending
b91134f89f0430b1,채무인사 등의 기업에 대한 보증 운영기준,채무인사등의기업에대한보증운영기준,NOTICE_ONLY,사전예고만,unknown,NOTICE_EVIDENCE_ONLY,1,채무인사 등의 기업에 대한 보증 운영기준: 사전예고만,2,OFFICIAL_NOTICE_ONLY,사전예고 공식 기록은 있으나 현행 규정 전문을 확인하지 못함,1,0,False,2026-09-08T19:20:38+09:00,2026-09-08T19:20:38+09:00,https://www.kodit.or.kr/common/nttFileDownload.do?fileKey=0d7ba4ab1bf875570794d94f90515640,,unknown,,사전예고만 확인,사전예고만 확인,v0.4,review_pending
5b3ea4fde99e2b77,채무자회생을위한채무감면및출자전환요령,채무자회생을위한채무감면및출자전환요령,NOTICE_ONLY,사전예고만,unknown,NOTICE_EVIDENCE_ONLY,1,채무자회생을위한채무감면및출자전환요령: 사전예고만,2,OFFICIAL_NOTICE_ONLY,사전예고 공식 기록은 있으나 현행 규정 전문을 확인하지 못함,1,0,False,2026-09-08T19:20:38+09:00,2026-09-08T19:20:38+09:00,https://www.kodit.or.kr/common/nttFileDownload.do?fileKey=ae90de80a0a8f9418e24a3d500bcca8e,,unknown,,사전예고만 확인,사전예고만 확인,v0.4,review_pending
f2733fe223483c76,채무조정기준,채무조정기준,NOTICE_ONLY,사전예고만,abolished,NOTICE_EVIDENCE_ONLY,1,채무조정기준: 사전예고만,2,OFFICIAL_NOTICE_ONLY,사전예고 공식 기록은 있으나 현행 규정 전문을 확인하지 못함,1,0,False,2026-09-08T19:20:38+09:00,2026-09-08T19:20:38+09:00,https://www.kodit.or.kr/common/nttFileDownload.do?fileKey=d3c882362f247bc8032e64a009f361d4,,unknown,,매칭 불명,매칭 불명,v0.4,review_pending
203f63ce4efad554,채무조정요령,채무조정요령,EXTRACTION_PENDING,판정대기,current,EXTRACTION_PENDING,1,채무조정요령: 판정대기,2,EXTRACTION_PENDING,공식 원문은 발견했으나 본문 추출·확인이 완료되지 않음,2,0,False,2026-09-08T19:20:38+09:00,2026-09-08T19:20:38+09:00,https://www.alio.go.kr/download/rulefiledown.json?fileNo=227971,195c19ace56c7601bc69341c1f8d05d5396714cb00dcf9b09700c756563b6459,hwp,2025.12.31,공개 확인,공개 확인,v0.4,review_pending
93af239acd2806ac,채무조정요령」및 「채무조정기준,채무조정요령및채무조정기준,NOTICE_ONLY,사전예고만,unknown,NOTICE_EVIDENCE_ONLY,1,채무조정요령」및 「채무조정기준: 사전예고만,2,OFFICIAL_NOTICE_ONLY,사전예고 공식 기록은 있으나 현행 규정 전문을 확인하지 못함,1,0,False,2026-09-08T19:20:38+09:00,2026-09-08T19:20:38+09:00,https://www.kodit.or.kr/common/nttFileDownload.do?fileKey=95f68d2ff5ba45910c551795c31983db,,unknown,,사전예고만 확인,사전예고만 확인,v0.4,review_pending
797fb9edc5e71b0d,책임자자격부여기준,책임자자격부여기준,EXTRACTION_PENDING,판정대기,current,EXTRACTION_PENDING,1,책임자자격부여기준: 판정대기,2,EXTRACTION_PENDING,공식 원문은 발견했으나 본문 추출·확인이 완료되지 않음,2,0,False,2026-09-08T19:20:38+09:00,2026-09-08T19:20:38+09:00,https://www.alio.go.kr/download/rulefiledown.json?fileNo=223407,2e5f128d341d3bef1181486788a841ad24e9d3fb212cf1ea2d198864a1ac41b1,hwp,2025.10.31,공개 확인,공개 확인,v0.4,review_pending
6b557172061aa0d0,처분에 대한 업무처리기준,처분에대한업무처리기준,NOTICE_ONLY,사전예고만,unknown,NOTICE_EVIDENCE_ONLY,1,처분에 대한 업무처리기준: 사전예고만,2,OFFICIAL_NOTICE_ONLY,사전예고 공식 기록은 있으나 현행 규정 전문을 확인하지 못함,1,0,False,2026-09-08T19:20:38+09:00,2026-09-08T19:20:38+09:00,https://www.kodit.or.kr/common/nttFileDownload.do?fileKey=908ea13c8710705eb101c95bb858b588,,unknown,,사전예고만 확인,사전예고만 확인,v0.4,review_pending
6f02e30c5caca0cb,청년고용기업에 대한 특례보증 업무처리방법,청년고용기업에대한특례보증업무처리방법,NOTICE_ONLY,사전예고만,unknown,NOTICE_EVIDENCE_ONLY,1,청년고용기업에 대한 특례보증 업무처리방법: 사전예고만,2,OFFICIAL_NOTICE_ONLY,사전예고 공식 기록은 있으나 현행 규정 전문을 확인하지 못함,1,0,False,2026-09-08T19:20:38+09:00,2026-09-08T19:20:38+09:00,https://www.kodit.or.kr/common/nttFileDownload.do?fileKey=406c461ff9aff2957447a37fb90fd878,,unknown,,사전예고만 확인,사전예고만 확인,v0.4,review_pending
3086e55a43bdb20c,청년고용기업에 대한 특례보증 업무처리방법 외 4개 기준,청년고용기업에대한특례보증업무처리방법외4개기준,NOTICE_ONLY,사전예고만,unknown,NOTICE_EVIDENCE_ONLY,1,청년고용기업에 대한 특례보증 업무처리방법 외 4개 기준: 사전예고만,2,OFFICIAL_NOTICE_ONLY,사전예고 공식 기록은 있으나 현행 규정 전문을 확인하지 못함,1,0,False,2026-09-08T19:20:38+09:00,2026-09-08T19:20:38+09:00,https://www.kodit.or.kr/common/nttFileDownload.do?fileKey=406c461ff9aff2957447a37fb90fd878,,unknown,,사전예고만 확인,사전예고만 확인,v0.4,review_pending
904b92dfed8030c0,청년·중년창업기업보증운용기준,청년중년창업기업보증운용기준,NOTICE_ONLY,사전예고만,abolished,NOTICE_EVIDENCE_ONLY,1,청년·중년창업기업보증운용기준: 사전예고만,2,OFFICIAL_NOTICE_ONLY,사전예고 공식 기록은 있으나 현행 규정 전문을 확인하지 못함,1,0,False,2026-09-08T19:20:38+09:00,2026-09-08T19:20:38+09:00,https://www.kodit.or.kr/common/nttFileDownload.do?fileKey=c526ca7f708ff9d19af78a2b11439593,,unknown,,사전예고만 확인,사전예고만 확인,v0.4,review_pending
5f742f3b22e1d7dc,청렴옴부즈만 운영기준,청렴옴부즈만운영기준,NOTICE_ONLY,사전예고만,unknown,NOTICE_EVIDENCE_ONLY,1,청렴옴부즈만 운영기준: 사전예고만,2,OFFICIAL_NOTICE_ONLY,사전예고 공식 기록은 있으나 현행 규정 전문을 확인하지 못함,1,0,False,2026-09-08T19:20:38+09:00,2026-09-08T19:20:38+09:00,https://www.kodit.or.kr/common/nttFileDownload.do?fileKey=db0ea32af43f63e1a74841be53e51708,,unknown,,사전예고만 확인,사전예고만 확인,v0.4,review_pending
c9123586b3705eaa,청렴행동 실천기준,청렴행동실천기준,EXTRACTION_PENDING,판정대기,current,EXTRACTION_PENDING,1,청렴행동 실천기준: 판정대기,2,EXTRACTION_PENDING,공식 원문은 발견했으나 본문 추출·확인이 완료되지 않음,2,0,False,2026-09-08T19:20:38+09:00,2026-09-08T19:20:38+09:00,https://www.alio.go.kr/download/rulefiledown.json?fileNo=223998,353f75b8cf8b5a2f314376e6e4d819b738827122a92ae57cc505a6c000ea6038,hwp,2025.11.18,공개 확인,공개 확인,v0.4,review_pending
7385b43eceb0dfa1,초장기 자동연장 대출보증 업무처리방법,초장기자동연장대출보증업무처리방법,EXTRACTION_PENDING,판정대기,current,EXTRACTION_PENDING,1,초장기 자동연장 대출보증 업무처리방법: 판정대기,2,EXTRACTION_PENDING,공식 원문은 발견했으나 본문 추출·확인이 완료되지 않음,2,0,False,2026-09-08T19:20:38+09:00,2026-09-08T19:20:38+09:00,https://www.alio.go.kr/download/rulefiledown.json?fileNo=239096,85cb0bc6747567b11ec660c029e13fe615e0e4e641f3a4a644c821ed4caa53af,hwp,2026.07.16,공개 확인,공개 확인,v0.4,review_pending
596fa9d123c85c86,총 2개 기준,총2개기준,NOTICE_ONLY,사전예고만,unknown,NOTICE_EVIDENCE_ONLY,1,총 2개 기준: 사전예고만,2,OFFICIAL_NOTICE_ONLY,사전예고 공식 기록은 있으나 현행 규정 전문을 확인하지 못함,1,0,False,2026-09-08T19:20:38+09:00,2026-09-08T19:20:38+09:00,https://www.kodit.or.kr/common/nttFileDownload.do?fileKey=56f8d8f4c463fa1bee7d918d0a51598b,,unknown,,사전예고만 확인,사전예고만 확인,v0.4,review_pending
d68263045742f898,총 5개 기준,총5개기준,SOURCE_UNKNOWN,출처불명,unknown,NO_OFFICIAL_DOCUMENT,1,총 5개 기준: 출처불명,1,NO_DOCUMENT_OBSERVATION,공식 원문 또는 사전예고 발견경로를 확인하지 못함,0,0,False,2026-09-08T19:20:38+09:00,2026-09-08T19:20:38+09:00,,,unknown,,사전예고만 확인,,v0.4,review_pending
115ba8da795d28f9,출입관리기준,출입관리기준,NOTICE_ONLY,사전예고만,unknown,NOTICE_EVIDENCE_ONLY,1,출입관리기준: 사전예고만,2,OFFICIAL_NOTICE_ONLY,사전예고 공식 기록은 있으나 현행 규정 전문을 확인하지 못함,1,0,False,2026-09-08T19:20:38+09:00,2026-09-08T19:20:38+09:00,https://www.kodit.or.kr/common/nttFileDownload.do?fileKey=308cca24789c38cc4a2b85babfa9fa52,,unknown,,사전예고만 확인,사전예고만 확인,v0.4,review_pending
8ec3a106a7b189f3,출자 전용 특별 인프라펀드 업무처리기준,출자전용특별인프라펀드업무처리기준,NOTICE_ONLY,사전예고만,unknown,NOTICE_EVIDENCE_ONLY,1,출자 전용 특별 인프라펀드 업무처리기준: 사전예고만,2,OFFICIAL_NOTICE_ONLY,사전예고 공식 기록은 있으나 현행 규정 전문을 확인하지 못함,1,0,False,2026-09-08T19:20:38+09:00,2026-09-08T19:20:38+09:00,https://www.kodit.or.kr/common/nttFileDownload.do?fileKey=30c6eba820cc9e6f3460f6a4125e6000,,unknown,,사전예고만 확인,사전예고만 확인,v0.4,review_pending
25fc73f2b73abe1f,출자전환 요령,출자전환요령,NOTICE_ONLY,사전예고만,unknown,NOTICE_EVIDENCE_ONLY,1,출자전환 요령: 사전예고만,2,OFFICIAL_NOTICE_ONLY,사전예고 공식 기록은 있으나 현행 규정 전문을 확인하지 못함,1,0,False,2026-09-08T19:20:38+09:00,2026-09-08T19:20:38+09:00,https://www.kodit.or.kr/common/nttFileDownload.do?fileKey=ae90de80a0a8f9418e24a3d500bcca8e,,unknown,,사전예고만 확인,사전예고만 확인,v0.4,review_pending
c2c53da62a48ac02,출자전환증권 관리업무처리기준,출자전환증권관리업무처리기준,EXTRACTION_PENDING,판정대기,current,EXTRACTION_PENDING,1,출자전환증권 관리업무처리기준: 판정대기,2,EXTRACTION_PENDING,공식 원문은 발견했으나 본문 추출·확인이 완료되지 않음,2,0,False,2026-09-08T19:20:38+09:00,2026-09-08T19:20:38+09:00,https://www.alio.go.kr/download/rulefiledown.json?fileNo=222934,a2ef1cdde29fa6ecfa6048e09f8e91fee93095096a10dc8868d776475331f7df,hwp,2025.10.16,공개 확인,공개 확인,v0.4,review_pending
e33ee2438788f019,출자회사관리요령,출자회사관리요령,EXTRACTION_PENDING,판정대기,current,EXTRACTION_PENDING,1,출자회사관리요령: 판정대기,2,EXTRACTION_PENDING,공식 원문은 발견했으나 본문 추출·확인이 완료되지 않음,2,0,False,2026-09-08T19:20:38+09:00,2026-09-08T19:20:38+09:00,https://www.alio.go.kr/download/rulefiledown.json?fileNo=152050,7d00707c6625bd4e9fa8099dcf6459cc81ff9b291b4729683511c815b983e27d,hwp,2022.05.24,공개 확인,공개 확인,v0.4,review_pending
1578588ffd4462dc,취업규칙,취업규칙,EXTRACTION_PENDING,판정대기,current,EXTRACTION_PENDING,1,취업규칙: 판정대기,2,EXTRACTION_PENDING,공식 원문은 발견했으나 본문 추출·확인이 완료되지 않음,2,0,False,2026-09-08T19:20:38+09:00,2026-09-08T19:20:38+09:00,https://www.alio.go.kr/download/rulefiledown.json?fileNo=88480,190c1c165330b2cecddd047cb596d54d35678aa259f3fe616502183612ea5118,hwp,2019.08.16,공개 확인,공개 확인,v0.4,review_pending
33f7dc2bfc075bd6,컨설팅 운영기준,컨설팅운영기준,NOTICE_ONLY,사전예고만,unknown,NOTICE_EVIDENCE_ONLY,1,컨설팅 운영기준: 사전예고만,2,OFFICIAL_NOTICE_ONLY,사전예고 공식 기록은 있으나 현행 규정 전문을 확인하지 못함,1,0,False,2026-09-08T19:20:38+09:00,2026-09-08T19:20:38+09:00,https://www.kodit.or.kr/common/nttFileDownload.do?fileKey=7850038cd742eb5c372db4928372d85f,,unknown,,사전예고만 확인,사전예고만 확인,v0.4,review_pending
2b6aabb439d7b484,컨설팅 운영기준 외 2개 기준,컨설팅운영기준외2개기준,NOTICE_ONLY,사전예고만,unknown,NOTICE_EVIDENCE_ONLY,1,컨설팅 운영기준 외 2개 기준: 사전예고만,2,OFFICIAL_NOTICE_ONLY,사전예고 공식 기록은 있으나 현행 규정 전문을 확인하지 못함,1,0,False,2026-09-08T19:20:38+09:00,2026-09-08T19:20:38+09:00,https://www.kodit.or.kr/common/nttFileDownload.do?fileKey=7850038cd742eb5c372db4928372d85f,,unknown,,사전예고만 확인,사전예고만 확인,v0.4,review_pending
3f68d2f689716e77,컨설팅 운용기준,컨설팅운용기준,NOTICE_ONLY,사전예고만,unknown,NOTICE_EVIDENCE_ONLY,1,컨설팅 운용기준: 사전예고만,2,OFFICIAL_NOTICE_ONLY,사전예고 공식 기록은 있으나 현행 규정 전문을 확인하지 못함,1,0,False,2026-09-08T19:20:38+09:00,2026-09-08T19:20:38+09:00,https://www.kodit.or.kr/common/nttFileDownload.do?fileKey=5d8b9942dedadaa2b181152e82d47499,,unknown,,사전예고만 확인,사전예고만 확인,v0.4,review_pending
f71ce2fc46b24f0e,컨설팅 운용기준 외 4개 기준,컨설팅운용기준외4개기준,NOTICE_ONLY,사전예고만,unknown,NOTICE_EVIDENCE_ONLY,1,컨설팅 운용기준 외 4개 기준: 사전예고만,2,OFFICIAL_NOTICE_ONLY,사전예고 공식 기록은 있으나 현행 규정 전문을 확인하지 못함,1,0,False,2026-09-08T19:20:38+09:00,2026-09-08T19:20:38+09:00,https://www.kodit.or.kr/common/nttFileDownload.do?fileKey=33c8c0a6fbd0374f44dee1db04305594,,unknown,,사전예고만 확인,사전예고만 확인,v0.4,review_pending
0b7805756dea8f42,코로나19 위기극복 특례보증 업무처리방법,코로나19위기극복특례보증업무처리방법,NOTICE_ONLY,사전예고만,unknown,NOTICE_EVIDENCE_ONLY,1,코로나19 위기극복 특례보증 업무처리방법: 사전예고만,2,OFFICIAL_NOTICE_ONLY,사전예고 공식 기록은 있으나 현행 규정 전문을 확인하지 못함,1,0,False,2026-09-08T19:20:38+09:00,2026-09-08T19:20:38+09:00,https://www.kodit.or.kr/common/nttFileDownload.do?fileKey=2bff415d53a717b3618c1ca91e960307,,unknown,,사전예고만 확인,사전예고만 확인,v0.4,review_pending
cd24f264f97f80d3,코로나19위기돌파 우대보험 업무처리방법,코로나19위기돌파우대보험업무처리방법,NOTICE_ONLY,사전예고만,unknown,NOTICE_EVIDENCE_ONLY,1,코로나19위기돌파 우대보험 업무처리방법: 사전예고만,2,OFFICIAL_NOTICE_ONLY,사전예고 공식 기록은 있으나 현행 규정 전문을 확인하지 못함,1,0,False,2026-09-08T19:20:38+09:00,2026-09-08T19:20:38+09:00,https://www.kodit.or.kr/common/nttFileDownload.do?fileKey=5b5717a6400ba4a1d1b06dbac26fd957,,unknown,,사전예고만 확인,사전예고만 확인,v0.4,review_pending
11bbb6275d6c37d7,코로나 19 피해 대응 유동화회사보증 업무처리방법,코로나19피해대응유동화회사보증업무처리방법,NOTICE_ONLY,사전예고만,unknown,NOTICE_EVIDENCE_ONLY,1,코로나 19 피해 대응 유동화회사보증 업무처리방법: 사전예고만,2,OFFICIAL_NOTICE_ONLY,사전예고 공식 기록은 있으나 현행 규정 전문을 확인하지 못함,1,0,False,2026-09-08T19:20:38+09:00,2026-09-08T19:20:38+09:00,https://www.kodit.or.kr/common/nttFileDownload.do?fileKey=544806501bb91d4a5c0c18df8a68c18e,,unknown,,사전예고만 확인,사전예고만 확인,v0.4,review_pending
0d04caca2eced848,콘도회원권 운영기준,콘도회원권운영기준,NOTICE_ONLY,사전예고만,unknown,NOTICE_EVIDENCE_ONLY,1,콘도회원권 운영기준: 사전예고만,2,OFFICIAL_NOTICE_ONLY,사전예고 공식 기록은 있으나 현행 규정 전문을 확인하지 못함,1,0,False,2026-09-08T19:20:38+09:00,2026-09-08T19:20:38+09:00,https://www.kodit.or.kr/common/nttFileDownload.do?fileKey=d40d339fbe39039f70ae86b7cac98b6b,,unknown,,사전예고만 확인,사전예고만 확인,v0.4,review_pending
6d0afdd0021651b3,콘텐츠 IP 활용기업에 대한 보증 운용기준,콘텐츠ip활용기업에대한보증운용기준,NOTICE_ONLY,사전예고만,abolished,NOTICE_EVIDENCE_ONLY,1,콘텐츠 IP 활용기업에 대한 보증 운용기준: 사전예고만,2,OFFICIAL_NOTICE_ONLY,사전예고 공식 기록은 있으나 현행 규정 전문을 확인하지 못함,1,0,False,2026-09-08T19:20:38+09:00,2026-09-08T19:20:38+09:00,https://www.kodit.or.kr/common/nttFileDownload.do?fileKey=1d05c1126c457d7ffb8ea1d49088a78b,,unknown,,사전예고만 확인,사전예고만 확인,v0.4,review_pending
a148d505e3f0f9c7,크라우드펀딩 연계 지원프로그램 운용기준,크라우드펀딩연계지원프로그램운용기준,NOTICE_ONLY,사전예고만,unknown,NOTICE_EVIDENCE_ONLY,1,크라우드펀딩 연계 지원프로그램 운용기준: 사전예고만,2,OFFICIAL_NOTICE_ONLY,사전예고 공식 기록은 있으나 현행 규정 전문을 확인하지 못함,1,0,False,2026-09-08T19:20:38+09:00,2026-09-08T19:20:38+09:00,https://www.kodit.or.kr/common/nttFileDownload.do?fileKey=4b491fa30ea2fc44444a6687ade834fa,,unknown,,사전예고만 확인,사전예고만 확인,v0.4,review_pending
5918bc38cd6069bb,턴어라운드 프로그램 운용기준,턴어라운드프로그램운용기준,NOTICE_ONLY,사전예고만,unknown,NOTICE_EVIDENCE_ONLY,1,턴어라운드 프로그램 운용기준: 사전예고만,2,OFFICIAL_NOTICE_ONLY,사전예고 공식 기록은 있으나 현행 규정 전문을 확인하지 못함,1,0,False,2026-09-08T19:20:38+09:00,2026-09-08T19:20:38+09:00,https://www.kodit.or.kr/common/nttFileDownload.do?fileKey=aa5b1eb66729f4bc6f89db3ef0f7b040,,unknown,,사전예고만 확인,사전예고만 확인,v0.4,review_pending
be90a8bcdad697de,퇴직금요령,퇴직금요령,NOTICE_ONLY,사전예고만,unknown,NOTICE_EVIDENCE_ONLY,1,퇴직금요령: 사전예고만,2,OFFICIAL_NOTICE_ONLY,사전예고 공식 기록은 있으나 현행 규정 전문을 확인하지 못함,1,0,False,2026-09-08T19:20:38+09:00,2026-09-08T19:20:38+09:00,https://www.kodit.or.kr/common/nttFileDownload.do?fileKey=d106207f6435d4cedd8a0dfa4200bd60,,unknown,,사전예고만 확인,사전예고만 확인,v0.4,review_pending
0154735d429c64ab,퇴직금요령운영기준,퇴직금요령운영기준,NOTICE_ONLY,사전예고만,unknown,NOTICE_EVIDENCE_ONLY,1,퇴직금요령운영기준: 사전예고만,2,OFFICIAL_NOTICE_ONLY,사전예고 공식 기록은 있으나 현행 규정 전문을 확인하지 못함,1,0,False,2026-09-08T19:20:38+09:00,2026-09-08T19:20:38+09:00,https://www.kodit.or.kr/common/nttFileDownload.do?fileKey=d106207f6435d4cedd8a0dfa4200bd60,,unknown,,사전예고만 확인,사전예고만 확인,v0.4,review_pending
a42eba4f80f4b302,투자계약 관리기준,투자계약관리기준,NOTICE_ONLY,사전예고만,unknown,NOTICE_EVIDENCE_ONLY,1,투자계약 관리기준: 사전예고만,2,OFFICIAL_NOTICE_ONLY,사전예고 공식 기록은 있으나 현행 규정 전문을 확인하지 못함,1,0,False,2026-09-08T19:20:38+09:00,2026-09-08T19:20:38+09:00,https://www.kodit.or.kr/common/nttFileDownload.do?fileKey=2d6752c1036c46d5697103e69714b44b,,unknown,,사전예고만 확인,사전예고만 확인,v0.4,review_pending
fa24ec7e1b550d8e,투자계약서,투자계약서,NOTICE_ONLY,사전예고만,unknown,NOTICE_EVIDENCE_ONLY,1,투자계약서: 사전예고만,2,OFFICIAL_NOTICE_ONLY,사전예고 공식 기록은 있으나 현행 규정 전문을 확인하지 못함,1,0,False,2026-09-08T19:20:38+09:00,2026-09-08T19:20:38+09:00,https://www.kodit.or.kr/common/nttFileDownload.do?fileKey=33d58037328f27bd0e971cee0e709e14,,unknown,,매칭 불명,매칭 불명,v0.4,review_pending
df4c910ffea06c80,투자규정,투자규정,EXTRACTION_PENDING,판정대기,current,EXTRACTION_PENDING,1,투자규정: 판정대기,2,EXTRACTION_PENDING,공식 원문은 발견했으나 본문 추출·확인이 완료되지 않음,2,0,False,2026-09-08T19:20:38+09:00,2026-09-08T19:20:38+09:00,https://www.alio.go.kr/download/rulefiledown.json?fileNo=238882,bd44331c619a0e10bed84d7b8f341d556060ac3b9524b22cde1a12b914d44194,hwp,2026.07.20,공개 확인,공개 확인,v0.4,review_pending
c203fb1d4c3d4c23,투자기업 사후관리 운용기준,투자기업사후관리운용기준,NOTICE_ONLY,사전예고만,unknown,NOTICE_EVIDENCE_ONLY,1,투자기업 사후관리 운용기준: 사전예고만,2,OFFICIAL_NOTICE_ONLY,사전예고 공식 기록은 있으나 현행 규정 전문을 확인하지 못함,1,0,False,2026-09-08T19:20:38+09:00,2026-09-08T19:20:38+09:00,https://www.kodit.or.kr/common/nttFileDownload.do?fileKey=2d6752c1036c46d5697103e69714b44b,,unknown,,사전예고만 확인,사전예고만 확인,v0.4,review_pending
a3f568b49f7b2ad3,투자브릿지 보증프로그램 기준,투자브릿지보증프로그램기준,NOTICE_ONLY,사전예고만,unknown,NOTICE_EVIDENCE_ONLY,1,투자브릿지 보증프로그램 기준: 사전예고만,2,OFFICIAL_NOTICE_ONLY,사전예고 공식 기록은 있으나 현행 규정 전문을 확인하지 못함,1,0,False,2026-09-08T19:20:38+09:00,2026-09-08T19:20:38+09:00,https://www.kodit.or.kr/common/nttFileDownload.do?fileKey=a82eb618e12b16c7f8d50b19f4b4430f,,unknown,,매칭 불명,매칭 불명,v0.4,review_pending
3c9ce6d59908b069,투자브릿지 보증프로그램 운용기준,투자브릿지보증프로그램운용기준,EXTRACTION_PENDING,판정대기,current,EXTRACTION_PENDING,1,투자브릿지 보증프로그램 운용기준: 판정대기,2,EXTRACTION_PENDING,공식 원문은 발견했으나 본문 추출·확인이 완료되지 않음,2,0,False,2026-09-08T19:20:38+09:00,2026-09-08T19:20:38+09:00,https://www.alio.go.kr/download/rulefiledown.json?fileNo=227953,234702ad95ae25743619ce196df3cd4d818b5c0759f4d06bcf3a9e288d76118d,hwp,2025.12.31,공개 확인,공개 확인,v0.4,review_pending
81f9d5dd872f1902,투자업무 운용요령,투자업무운용요령,EXTRACTION_PENDING,판정대기,current,EXTRACTION_PENDING,1,투자업무 운용요령: 판정대기,2,EXTRACTION_PENDING,공식 원문은 발견했으나 본문 추출·확인이 완료되지 않음,2,0,False,2026-09-08T19:20:38+09:00,2026-09-08T19:20:38+09:00,https://www.alio.go.kr/download/rulefiledown.json?fileNo=238883,ac8eda9f475ecefa23c8ef296a4b796569f99a2bafb107d2eb0df335988f2b97,hwp,2026.07.20,공개 확인,공개 확인,v0.4,review_pending
e5ae2127a0026988,투자업무 운용요령 외 2개 기준,투자업무운용요령외2개기준,NOTICE_ONLY,사전예고만,unknown,NOTICE_EVIDENCE_ONLY,1,투자업무 운용요령 외 2개 기준: 사전예고만,2,OFFICIAL_NOTICE_ONLY,사전예고 공식 기록은 있으나 현행 규정 전문을 확인하지 못함,1,0,False,2026-09-08T19:20:38+09:00,2026-09-08T19:20:38+09:00,https://www.kodit.or.kr/common/nttFileDownload.do?fileKey=30caf8869cfa368cfb9d2bc0097b7a6c,,unknown,,매칭 불명,매칭 불명,v0.4,review_pending
fcfbd092a8e7c4d1,투자업무 운용요령 외 4개 규정,투자업무운용요령외4개규정,NOTICE_ONLY,사전예고만,unknown,NOTICE_EVIDENCE_ONLY,1,투자업무 운용요령 외 4개 규정: 사전예고만,2,OFFICIAL_NOTICE_ONLY,사전예고 공식 기록은 있으나 현행 규정 전문을 확인하지 못함,1,0,False,2026-09-08T19:20:38+09:00,2026-09-08T19:20:38+09:00,https://www.kodit.or.kr/common/nttFileDownload.do?fileKey=703791b47a2cf623f07d4eefbff88bc5,,unknown,,매칭 불명,매칭 불명,v0.4,review_pending
d5968df701f15d75,"투자업무 운용요령, 투자업무 처리기준",투자업무운용요령투자업무처리기준,NOTICE_ONLY,사전예고만,unknown,NOTICE_EVIDENCE_ONLY,1,"투자업무 운용요령, 투자업무 처리기준: 사전예고만",2,OFFICIAL_NOTICE_ONLY,사전예고 공식 기록은 있으나 현행 규정 전문을 확인하지 못함,1,0,False,2026-09-08T19:20:38+09:00,2026-09-08T19:20:38+09:00,https://www.kodit.or.kr/common/nttFileDownload.do?fileKey=8dc7f622d487c066a91067ebe1543999,,unknown,,,,v0.4,review_pending
913d70a1f9754d95,투자업무 처리기준,투자업무처리기준,NOTICE_ONLY,사전예고만,unknown,NOTICE_EVIDENCE_ONLY,1,투자업무 처리기준: 사전예고만,2,OFFICIAL_NOTICE_ONLY,사전예고 공식 기록은 있으나 현행 규정 전문을 확인하지 못함,1,0,False,2026-09-08T19:20:38+09:00,2026-09-08T19:20:38+09:00,https://www.kodit.or.kr/common/nttFileDownload.do?fileKey=2d6752c1036c46d5697103e69714b44b,,unknown,,매칭 불명,매칭 불명,v0.4,review_pending
5f37f99fc27c8245,투자업무 처리기준 개정에 따른 규정,투자업무처리기준개정에따른규정,NOTICE_ONLY,사전예고만,unknown,NOTICE_EVIDENCE_ONLY,1,투자업무 처리기준 개정에 따른 규정: 사전예고만,2,OFFICIAL_NOTICE_ONLY,사전예고 공식 기록은 있으나 현행 규정 전문을 확인하지 못함,1,0,False,2026-09-08T19:20:38+09:00,2026-09-08T19:20:38+09:00,https://www.kodit.or.kr/common/nttFileDownload.do?fileKey=036ebcb0b16362aa21d77c22ad07730b,,unknown,,사전예고만 확인,사전예고만 확인,v0.4,review_pending
be3847a0c3d646e9,투자옵션부보증기준,투자옵션부보증기준,NOTICE_ONLY,사전예고만,unknown,NOTICE_EVIDENCE_ONLY,1,투자옵션부보증기준: 사전예고만,2,OFFICIAL_NOTICE_ONLY,사전예고 공식 기록은 있으나 현행 규정 전문을 확인하지 못함,1,0,False,2026-09-08T19:20:38+09:00,2026-09-08T19:20:38+09:00,https://www.kodit.or.kr/common/nttFileDownload.do?fileKey=30caf8869cfa368cfb9d2bc0097b7a6c,,unknown,,사전예고만 확인,사전예고만 확인,v0.4,review_pending
4e8139fc8ecb8bf7,투자옵션부보증 업무처리방법,투자옵션부보증업무처리방법,NOTICE_ONLY,사전예고만,unknown,NOTICE_EVIDENCE_ONLY,1,투자옵션부보증 업무처리방법: 사전예고만,2,OFFICIAL_NOTICE_ONLY,사전예고 공식 기록은 있으나 현행 규정 전문을 확인하지 못함,1,0,False,2026-09-08T19:20:38+09:00,2026-09-08T19:20:38+09:00,https://www.kodit.or.kr/common/nttFileDownload.do?fileKey=0653f8ae833453526f9f3e33e5800ba1,,unknown,,사전예고만 확인,사전예고만 확인,v0.4,review_pending
aa4e2ddab9f37e81,투자옵션부보증 운영기준,투자옵션부보증운영기준,NOTICE_ONLY,사전예고만,unknown,NOTICE_EVIDENCE_ONLY,1,투자옵션부보증 운영기준: 사전예고만,2,OFFICIAL_NOTICE_ONLY,사전예고 공식 기록은 있으나 현행 규정 전문을 확인하지 못함,1,0,False,2026-09-08T19:20:38+09:00,2026-09-08T19:20:38+09:00,https://www.kodit.or.kr/common/nttFileDownload.do?fileKey=a8b49192a30213f2aab25697a246fbb0,,unknown,,사전예고만 확인,사전예고만 확인,v0.4,review_pending
4fcdb69e0caa26b0,투자옵션부보증 운용기준,투자옵션부보증운용기준,NOTICE_ONLY,사전예고만,unknown,NOTICE_EVIDENCE_ONLY,1,투자옵션부보증 운용기준: 사전예고만,2,OFFICIAL_NOTICE_ONLY,사전예고 공식 기록은 있으나 현행 규정 전문을 확인하지 못함,1,0,False,2026-09-08T19:20:38+09:00,2026-09-08T19:20:38+09:00,https://www.kodit.or.kr/common/nttFileDownload.do?fileKey=2d6752c1036c46d5697103e69714b44b,,unknown,,사전예고만 확인,사전예고만 확인,v0.4,review_pending
9ad5399c467646f6,투자운용업무요령,투자운용업무요령,NOTICE_ONLY,사전예고만,unknown,NOTICE_EVIDENCE_ONLY,1,투자운용업무요령: 사전예고만,2,OFFICIAL_NOTICE_ONLY,사전예고 공식 기록은 있으나 현행 규정 전문을 확인하지 못함,1,0,False,2026-09-08T19:20:38+09:00,2026-09-08T19:20:38+09:00,https://www.kodit.or.kr/common/nttFileDownload.do?fileKey=742690704e97469b8740d954fa84f297,,unknown,,매칭 불명,매칭 불명,v0.4,review_pending
2c9798f59e751258,투자위험분담형보증기준,투자위험분담형보증기준,NOTICE_ONLY,사전예고만,unknown,NOTICE_EVIDENCE_ONLY,1,투자위험분담형보증기준: 사전예고만,2,OFFICIAL_NOTICE_ONLY,사전예고 공식 기록은 있으나 현행 규정 전문을 확인하지 못함,1,0,False,2026-09-08T19:20:38+09:00,2026-09-08T19:20:38+09:00,https://www.kodit.or.kr/common/nttFileDownload.do?fileKey=78b991c24acc4d4f5841f73c0d9c019e,,unknown,,사전예고만 확인,사전예고만 확인,v0.4,review_pending
ea10ad751b6c9b5c,특별경영안정자금에대한보증운용기준,특별경영안정자금에대한보증운용기준,NOTICE_ONLY,사전예고만,abolished,NOTICE_EVIDENCE_ONLY,1,특별경영안정자금에대한보증운용기준: 사전예고만,2,OFFICIAL_NOTICE_ONLY,사전예고 공식 기록은 있으나 현행 규정 전문을 확인하지 못함,1,0,False,2026-09-08T19:20:38+09:00,2026-09-08T19:20:38+09:00,https://www.kodit.or.kr/common/nttFileDownload.do?fileKey=af1d9224d9f4d7bdc7f889bc3f6fa53a,,unknown,,사전예고만 확인,사전예고만 확인,v0.4,review_pending
d197f6d023ccc76c,특정산업 활성화를 위한 비출연 협약보증 운용기준,특정산업활성화를위한비출연협약보증운용기준,NOTICE_ONLY,사전예고만,unknown,NOTICE_EVIDENCE_ONLY,1,특정산업 활성화를 위한 비출연 협약보증 운용기준: 사전예고만,2,OFFICIAL_NOTICE_ONLY,사전예고 공식 기록은 있으나 현행 규정 전문을 확인하지 못함,1,0,False,2026-09-08T19:20:38+09:00,2026-09-08T19:20:38+09:00,https://www.kodit.or.kr/common/nttFileDownload.do?fileKey=be6461d4f34d41ef7543d848ae72c224,,unknown,,사전예고만 확인,사전예고만 확인,v0.4,review_pending
48f43fbe8dd46519,특정산업 활성화를 위한 특별출연 협약보증 운용기준,특정산업활성화를위한특별출연협약보증운용기준,NOTICE_ONLY,사전예고만,unknown,NOTICE_EVIDENCE_ONLY,1,특정산업 활성화를 위한 특별출연 협약보증 운용기준: 사전예고만,2,OFFICIAL_NOTICE_ONLY,사전예고 공식 기록은 있으나 현행 규정 전문을 확인하지 못함,1,0,False,2026-09-08T19:20:38+09:00,2026-09-08T19:20:38+09:00,https://www.kodit.or.kr/common/nttFileDownload.do?fileKey=e591c1e290650d3937dcfe03b723312e,,unknown,,사전예고만 확인,사전예고만 확인,v0.4,review_pending
60c9133e0d7a9ca5,특정업무직 관리기준,특정업무직관리기준,NOTICE_ONLY,사전예고만,unknown,NOTICE_EVIDENCE_ONLY,1,특정업무직 관리기준: 사전예고만,2,OFFICIAL_NOTICE_ONLY,사전예고 공식 기록은 있으나 현행 규정 전문을 확인하지 못함,1,0,False,2026-09-08T19:20:38+09:00,2026-09-08T19:20:38+09:00,https://www.kodit.or.kr/common/nttFileDownload.do?fileKey=3c8e13d9b9b001d073ce464ec08a5bec,,unknown,,명칭변경·통합·폐지 확인,명칭변경·통합·폐지 확인,v0.4,review_pending
3b8a7a74cfd5d16a,특정업무직원 관리기준,특정업무직원관리기준,EXTRACTION_PENDING,판정대기,current,EXTRACTION_PENDING,1,특정업무직원 관리기준: 판정대기,2,EXTRACTION_PENDING,공식 원문은 발견했으나 본문 추출·확인이 완료되지 않음,2,0,False,2026-09-08T19:20:38+09:00,2026-09-08T19:20:38+09:00,https://www.alio.go.kr/download/rulefiledown.json?fileNo=229869,594dab3e7a39132bf31de452c48a1cbb4e03abec2b30c5f74410920872d4bf6b,hwp,2026.01.19,공개 확인,공개 확인,v0.4,review_pending
cc7c43308c8f9b62,파산및면책절차진행채무관계자에대한업무처리기준,파산및면책절차진행채무관계자에대한업무처리기준,NOTICE_ONLY,사전예고만,unknown,NOTICE_EVIDENCE_ONLY,1,파산및면책절차진행채무관계자에대한업무처리기준: 사전예고만,2,OFFICIAL_NOTICE_ONLY,사전예고 공식 기록은 있으나 현행 규정 전문을 확인하지 못함,1,0,False,2026-09-08T19:20:38+09:00,2026-09-08T19:20:38+09:00,https://www.kodit.or.kr/common/nttFileDownload.do?fileKey=42f524f331bb9c2dccc2b3342c0ecf48,,unknown,,사전예고만 확인,사전예고만 확인,v0.4,review_pending
edf31cc2658fbe6c,팩토링 부실 및 채권관리 세부업무처리방법,팩토링부실및채권관리세부업무처리방법,NOTICE_ONLY,사전예고만,unknown,NOTICE_EVIDENCE_ONLY,1,팩토링 부실 및 채권관리 세부업무처리방법: 사전예고만,2,OFFICIAL_NOTICE_ONLY,사전예고 공식 기록은 있으나 현행 규정 전문을 확인하지 못함,1,0,False,2026-09-08T19:20:38+09:00,2026-09-08T19:20:38+09:00,https://www.kodit.or.kr/common/nttFileDownload.do?fileKey=7b272474a1b4cca4d85b6fc8ce3c6191,,unknown,,사전예고만 확인,사전예고만 확인,v0.4,review_pending
9043e22cab9338aa,팩토링사기 기업 및 허위자료 제출기업에 대한 세부업무처리방법,팩토링사기기업및허위자료제출기업에대한세부업무처리방법,NOTICE_ONLY,사전예고만,abolished,NOTICE_EVIDENCE_ONLY,1,팩토링사기 기업 및 허위자료 제출기업에 대한 세부업무처리방법: 사전예고만,2,OFFICIAL_NOTICE_ONLY,사전예고 공식 기록은 있으나 현행 규정 전문을 확인하지 못함,1,0,False,2026-09-08T19:20:38+09:00,2026-09-08T19:20:38+09:00,https://www.kodit.or.kr/common/nttFileDownload.do?fileKey=7b272474a1b4cca4d85b6fc8ce3c6191,,unknown,,사전예고만 확인,사전예고만 확인,v0.4,review_pending
718cf8b8cdbe8ab7,팩토링 세부업무처리방법,팩토링세부업무처리방법,NOTICE_ONLY,사전예고만,abolished,NOTICE_EVIDENCE_ONLY,1,팩토링 세부업무처리방법: 사전예고만,2,OFFICIAL_NOTICE_ONLY,사전예고 공식 기록은 있으나 현행 규정 전문을 확인하지 못함,1,0,False,2026-09-08T19:20:38+09:00,2026-09-08T19:20:38+09:00,https://www.kodit.or.kr/common/nttFileDownload.do?fileKey=7b272474a1b4cca4d85b6fc8ce3c6191,,unknown,,사전예고만 확인,사전예고만 확인,v0.4,review_pending
a89ba8c66cd1e6e6,팩토링 신용조사 및 조사자료 세부업무처리방법,팩토링신용조사및조사자료세부업무처리방법,NOTICE_ONLY,사전예고만,abolished,NOTICE_EVIDENCE_ONLY,1,팩토링 신용조사 및 조사자료 세부업무처리방법: 사전예고만,2,OFFICIAL_NOTICE_ONLY,사전예고 공식 기록은 있으나 현행 규정 전문을 확인하지 못함,1,0,False,2026-09-08T19:20:38+09:00,2026-09-08T19:20:38+09:00,https://www.kodit.or.kr/common/nttFileDownload.do?fileKey=7b272474a1b4cca4d85b6fc8ce3c6191,,unknown,,사전예고만 확인,사전예고만 확인,v0.4,review_pending
7b9ac36b5a92cc60,팩토링 업무처리방법,팩토링업무처리방법,NOTICE_ONLY,사전예고만,abolished,NOTICE_EVIDENCE_ONLY,1,팩토링 업무처리방법: 사전예고만,2,OFFICIAL_NOTICE_ONLY,사전예고 공식 기록은 있으나 현행 규정 전문을 확인하지 못함,1,0,False,2026-09-08T19:20:38+09:00,2026-09-08T19:20:38+09:00,https://www.kodit.or.kr/common/nttFileDownload.do?fileKey=7b272474a1b4cca4d85b6fc8ce3c6191,,unknown,,사전예고만 확인,사전예고만 확인,v0.4,review_pending
3d773b6ab5865e2f,폐지 기준,폐지기준,NOTICE_ONLY,사전예고만,abolished,NOTICE_EVIDENCE_ONLY,1,폐지 기준: 사전예고만,2,OFFICIAL_NOTICE_ONLY,사전예고 공식 기록은 있으나 현행 규정 전문을 확인하지 못함,1,0,False,2026-09-08T19:20:38+09:00,2026-09-08T19:20:38+09:00,https://www.kodit.or.kr/common/nttFileDownload.do?fileKey=2ffc1a4a013e0740d84c2c0d890622b8,,unknown,,사전예고만 확인,사전예고만 확인,v0.4,review_pending
fec811e90b96227b,폐지 사전예고(채무조정기준,폐지사전예고채무조정기준,NOTICE_ONLY,사전예고만,abolished,NOTICE_EVIDENCE_ONLY,1,폐지 사전예고(채무조정기준: 사전예고만,2,OFFICIAL_NOTICE_ONLY,사전예고 공식 기록은 있으나 현행 규정 전문을 확인하지 못함,1,0,False,2026-09-08T19:20:38+09:00,2026-09-08T19:20:38+09:00,https://www.kodit.or.kr/common/nttFileDownload.do?fileKey=dc1315b7f32a9d7c129bec48a501ffc0,,unknown,,사전예고만 확인,사전예고만 확인,v0.4,review_pending
fafb2e9f4cf9fca6,포괄형매출채권보험운용기준,포괄형매출채권보험운용기준,NOTICE_ONLY,사전예고만,unknown,NOTICE_EVIDENCE_ONLY,1,포괄형매출채권보험운용기준: 사전예고만,2,OFFICIAL_NOTICE_ONLY,사전예고 공식 기록은 있으나 현행 규정 전문을 확인하지 못함,1,0,False,2026-09-08T19:20:38+09:00,2026-09-08T19:20:38+09:00,https://www.kodit.or.kr/common/nttFileDownload.do?fileKey=beb60b5c3c9041adf17a6ac6f541de9d,,unknown,,사전예고만 확인,사전예고만 확인,v0.4,review_pending
b4a40ea3f5fe1a19,표준업무처리절차 운영기준,표준업무처리절차운영기준,NOTICE_ONLY,사전예고만,abolished,NOTICE_EVIDENCE_ONLY,1,표준업무처리절차 운영기준: 사전예고만,2,OFFICIAL_NOTICE_ONLY,사전예고 공식 기록은 있으나 현행 규정 전문을 확인하지 못함,1,0,False,2026-09-08T19:20:38+09:00,2026-09-08T19:20:38+09:00,https://www.kodit.or.kr/common/nttFileDownload.do?fileKey=3d1ddbfd05304f117b6fc470ed6e07b4,,unknown,,사전예고만 확인,사전예고만 확인,v0.4,review_pending
5ae8885d4845ff7a,프론트원 입주 스타트업 특화지원 프로그램 운용기준,프론트원입주스타트업특화지원프로그램운용기준,NOTICE_ONLY,사전예고만,unknown,NOTICE_EVIDENCE_ONLY,1,프론트원 입주 스타트업 특화지원 프로그램 운용기준: 사전예고만,2,OFFICIAL_NOTICE_ONLY,사전예고 공식 기록은 있으나 현행 규정 전문을 확인하지 못함,1,0,False,2026-09-08T19:20:38+09:00,2026-09-08T19:20:38+09:00,https://www.kodit.or.kr/common/nttFileDownload.do?fileKey=4b491fa30ea2fc44444a6687ade834fa,,unknown,,사전예고만 확인,사전예고만 확인,v0.4,review_pending
6345a28a0e2793ce,플랫폼 Easy-One 보증 관련,플랫폼easyone보증관련,NOTICE_ONLY,사전예고만,unknown,NOTICE_EVIDENCE_ONLY,1,플랫폼 Easy-One 보증 관련: 사전예고만,2,OFFICIAL_NOTICE_ONLY,사전예고 공식 기록은 있으나 현행 규정 전문을 확인하지 못함,1,0,False,2026-09-08T19:20:38+09:00,2026-09-08T19:20:38+09:00,https://www.kodit.or.kr/common/nttFileDownload.do?fileKey=9a09ac579f5d0b3eefff6a2710f4f5b1,,unknown,,,,v0.4,review_pending
f331822d96f0f0d6,핀테크스타트업 특화지원 프로그램 운용기준,핀테크스타트업특화지원프로그램운용기준,NOTICE_ONLY,사전예고만,unknown,NOTICE_EVIDENCE_ONLY,1,핀테크스타트업 특화지원 프로그램 운용기준: 사전예고만,2,OFFICIAL_NOTICE_ONLY,사전예고 공식 기록은 있으나 현행 규정 전문을 확인하지 못함,1,0,False,2026-09-08T19:20:38+09:00,2026-09-08T19:20:38+09:00,https://www.kodit.or.kr/common/nttFileDownload.do?fileKey=4b491fa30ea2fc44444a6687ade834fa,,unknown,,매칭 불명,매칭 불명,v0.4,review_pending
15db01569840667d,하이옵션형 매출채권보험 운용기준,하이옵션형매출채권보험운용기준,NOTICE_ONLY,사전예고만,unknown,NOTICE_EVIDENCE_ONLY,1,하이옵션형 매출채권보험 운용기준: 사전예고만,2,OFFICIAL_NOTICE_ONLY,사전예고 공식 기록은 있으나 현행 규정 전문을 확인하지 못함,1,0,False,2026-09-08T19:20:38+09:00,2026-09-08T19:20:38+09:00,https://www.kodit.or.kr/common/nttFileDownload.do?fileKey=ec81ee5f2968e9194c69b504c8c44265,,unknown,,사전예고만 확인,사전예고만 확인,v0.4,review_pending
a3d56d122e9ca6a8,하이옵션형 매출채권보험 인수업무기준,하이옵션형매출채권보험인수업무기준,NOTICE_ONLY,사전예고만,unknown,NOTICE_EVIDENCE_ONLY,1,하이옵션형 매출채권보험 인수업무기준: 사전예고만,2,OFFICIAL_NOTICE_ONLY,사전예고 공식 기록은 있으나 현행 규정 전문을 확인하지 못함,1,0,False,2026-09-08T19:20:38+09:00,2026-09-08T19:20:38+09:00,https://www.kodit.or.kr/common/nttFileDownload.do?fileKey=4cb896494e34a1bfa555aabfeefdceed,,unknown,,사전예고만 확인,사전예고만 확인,v0.4,review_pending
c361e1ddc9242080,한국산업단지공단 보험료지원 협약보험 업무처리방법,한국산업단지공단보험료지원협약보험업무처리방법,NOTICE_ONLY,사전예고만,unknown,NOTICE_EVIDENCE_ONLY,1,한국산업단지공단 보험료지원 협약보험 업무처리방법: 사전예고만,2,OFFICIAL_NOTICE_ONLY,사전예고 공식 기록은 있으나 현행 규정 전문을 확인하지 못함,1,0,False,2026-09-08T19:20:38+09:00,2026-09-08T19:20:38+09:00,https://www.kodit.or.kr/common/nttFileDownload.do?fileKey=1dd78c64136c2f2c23a6ab083cd92006,,unknown,,사전예고만 확인,사전예고만 확인,v0.4,review_pending
5ee277571dca57a5,한국형 녹색분류체계 적합성 판단 업무처리방법,한국형녹색분류체계적합성판단업무처리방법,NOTICE_ONLY,사전예고만,unknown,NOTICE_EVIDENCE_ONLY,1,한국형 녹색분류체계 적합성 판단 업무처리방법: 사전예고만,2,OFFICIAL_NOTICE_ONLY,사전예고 공식 기록은 있으나 현행 규정 전문을 확인하지 못함,1,0,False,2026-09-08T19:20:38+09:00,2026-09-08T19:20:38+09:00,https://www.kodit.or.kr/common/nttFileDownload.do?fileKey=9b9585e288858014a8feb9244190f152,,unknown,,사전예고만 확인,사전예고만 확인,v0.4,review_pending
dbef4329bae61831,한도거래보증 운용기준,한도거래보증운용기준,NOTICE_ONLY,사전예고만,unknown,NOTICE_EVIDENCE_ONLY,1,한도거래보증 운용기준: 사전예고만,2,OFFICIAL_NOTICE_ONLY,사전예고 공식 기록은 있으나 현행 규정 전문을 확인하지 못함,1,0,False,2026-09-08T19:20:38+09:00,2026-09-08T19:20:38+09:00,https://www.kodit.or.kr/common/nttFileDownload.do?fileKey=0fea059b30c61a43959f654bdc211895,,unknown,,사전예고만 확인,사전예고만 확인,v0.4,review_pending
37747db90dc649a7,합숙소 운영 기준,합숙소운영기준,NOTICE_ONLY,사전예고만,unknown,NOTICE_EVIDENCE_ONLY,1,합숙소 운영 기준: 사전예고만,2,OFFICIAL_NOTICE_ONLY,사전예고 공식 기록은 있으나 현행 규정 전문을 확인하지 못함,1,0,False,2026-09-08T19:20:38+09:00,2026-09-08T19:20:38+09:00,https://www.kodit.or.kr/common/nttFileDownload.do?fileKey=a3c3a3e74277e2d27c2d0080ecc9ba24,,unknown,,사전예고만 확인,사전예고만 확인,v0.4,review_pending
81b58d6d6fb8e266,해상풍력대출보증약관 면책기준,해상풍력대출보증약관면책기준,FULLTEXT_PUBLIC,전문 공개,current,ANCHORS_CONFIRMED,0,해상풍력대출보증약관 면책기준: 전문 공개,4,ANCHORS_CONFIRMED,공식 원문 본문에서 규정명·개정일·조문을 확인함,1,0,False,2026-09-08T19:20:38+09:00,2026-09-08T19:20:38+09:00,https://www.alio.go.kr/download/rulefiledown.json?fileNo=220576,383f7db67290905b2c860a65483552c645836dbfff27bfdfc1ec2cda01e8dadc,hwpx,2025.09.01,,,v0.4,review_pending
e393afa21318c1b7,해상풍력 맞춤형 보증지원 관리업무기준,해상풍력맞춤형보증지원관리업무기준,NOTICE_ONLY,사전예고만,unknown,NOTICE_EVIDENCE_ONLY,1,해상풍력 맞춤형 보증지원 관리업무기준: 사전예고만,2,OFFICIAL_NOTICE_ONLY,사전예고 공식 기록은 있으나 현행 규정 전문을 확인하지 못함,1,0,False,2026-09-08T19:20:38+09:00,2026-09-08T19:20:38+09:00,https://www.kodit.or.kr/common/nttFileDownload.do?fileKey=f91ae40f580f5ac36245ecf652a03ee4,,unknown,,,매칭 불명,v0.4,review_pending
42b163ac81fa446d,해상풍력 맞춤형 보증지원 관리업무요령,해상풍력맞춤형보증지원관리업무요령,NOTICE_ONLY,사전예고만,unknown,NOTICE_EVIDENCE_ONLY,1,해상풍력 맞춤형 보증지원 관리업무요령: 사전예고만,2,OFFICIAL_NOTICE_ONLY,사전예고 공식 기록은 있으나 현행 규정 전문을 확인하지 못함,1,0,False,2026-09-08T19:20:38+09:00,2026-09-08T19:20:38+09:00,https://www.kodit.or.kr/common/nttFileDownload.do?fileKey=f91ae40f580f5ac36245ecf652a03ee4,,unknown,,,매칭 불명,v0.4,review_pending
091709a905d61eb6,해상풍력 맞춤형 보증지원 업무요령,해상풍력맞춤형보증지원업무요령,EXTRACTION_PENDING,판정대기,current,EXTRACTION_PENDING,1,해상풍력 맞춤형 보증지원 업무요령: 판정대기,2,EXTRACTION_PENDING,공식 원문은 발견했으나 본문 추출·확인이 완료되지 않음,2,0,False,2026-09-08T19:20:38+09:00,2026-09-08T19:20:38+09:00,https://www.alio.go.kr/download/rulefiledown.json?fileNo=220567,3e11cb631750840b29b482953fd895c074614122806dc2a7a28e6ac8555f1b1b,hwp,2025.09.01,공개 확인,공개 확인,v0.4,review_pending
4e8e434c6235aebc,해상풍력신용보증약관,해상풍력신용보증약관,NOTICE_ONLY,사전예고만,unknown,NOTICE_EVIDENCE_ONLY,1,해상풍력신용보증약관: 사전예고만,2,OFFICIAL_NOTICE_ONLY,사전예고 공식 기록은 있으나 현행 규정 전문을 확인하지 못함,1,0,False,2026-09-08T19:20:38+09:00,2026-09-08T19:20:38+09:00,https://www.kodit.or.kr/common/nttFileDownload.do?fileKey=5d733f7d81a5391a662b66f5f76acc68,,unknown,,사전예고만 확인,사전예고만 확인,v0.4,review_pending
12dbb2554b3535cf,해상풍력신용보증약관 면책기준,해상풍력신용보증약관면책기준,NOTICE_ONLY,사전예고만,unknown,NOTICE_EVIDENCE_ONLY,1,해상풍력신용보증약관 면책기준: 사전예고만,2,OFFICIAL_NOTICE_ONLY,사전예고 공식 기록은 있으나 현행 규정 전문을 확인하지 못함,1,0,False,2026-09-08T19:20:38+09:00,2026-09-08T19:20:38+09:00,https://www.kodit.or.kr/common/nttFileDownload.do?fileKey=5d733f7d81a5391a662b66f5f76acc68,,unknown,,매칭 불명,매칭 불명,v0.4,review_pending
a0fc9c5811d1ea82,해외사무소 운영기준,해외사무소운영기준,NOTICE_ONLY,사전예고만,unknown,NOTICE_EVIDENCE_ONLY,1,해외사무소 운영기준: 사전예고만,2,OFFICIAL_NOTICE_ONLY,사전예고 공식 기록은 있으나 현행 규정 전문을 확인하지 못함,1,0,False,2026-09-08T19:20:38+09:00,2026-09-08T19:20:38+09:00,https://www.kodit.or.kr/common/nttFileDownload.do?fileKey=49d94245c04922864e51c38226af1dfb,,unknown,,사전예고만 확인,명칭변경·통합·폐지 확인,v0.4,review_pending
41bfff0a3ddec6be,해외진출기업 보증지원 업무처리방법,해외진출기업보증지원업무처리방법,NOTICE_ONLY,사전예고만,unknown,NOTICE_EVIDENCE_ONLY,1,해외진출기업 보증지원 업무처리방법: 사전예고만,2,OFFICIAL_NOTICE_ONLY,사전예고 공식 기록은 있으나 현행 규정 전문을 확인하지 못함,1,0,False,2026-09-08T19:20:38+09:00,2026-09-08T19:20:38+09:00,https://www.kodit.or.kr/common/nttFileDownload.do?fileKey=12d07419fc4d8394c0abe4618ad90b42,,unknown,,사전예고만 확인,매칭 불명,v0.4,review_pending
8aec5e25538a1330,해외진출기업 보증지원 프로그램 업무처리방법,해외진출기업보증지원프로그램업무처리방법,NOTICE_ONLY,사전예고만,unknown,NOTICE_EVIDENCE_ONLY,1,해외진출기업 보증지원 프로그램 업무처리방법: 사전예고만,2,OFFICIAL_NOTICE_ONLY,사전예고 공식 기록은 있으나 현행 규정 전문을 확인하지 못함,1,0,False,2026-09-08T19:20:38+09:00,2026-09-08T19:20:38+09:00,https://www.kodit.or.kr/common/nttFileDownload.do?fileKey=900883a62658588f1162a4721ee12e72,,unknown,,사전예고만 확인,사전예고만 확인,v0.4,review_pending
779496e81b967763,해외진출기업 보증 프로그램 운용기준,해외진출기업보증프로그램운용기준,NOTICE_ONLY,사전예고만,unknown,NOTICE_EVIDENCE_ONLY,1,해외진출기업 보증 프로그램 운용기준: 사전예고만,2,OFFICIAL_NOTICE_ONLY,사전예고 공식 기록은 있으나 현행 규정 전문을 확인하지 못함,1,0,False,2026-09-08T19:20:38+09:00,2026-09-08T19:20:38+09:00,https://www.kodit.or.kr/common/nttFileDownload.do?fileKey=ca156e2e274b0c3a2f08112d9baf000f,,unknown,,매칭 불명,매칭 불명,v0.4,review_pending
3608860e21d5640b,해외진출기업에 대한 보증 프로그램 업무처리방법,해외진출기업에대한보증프로그램업무처리방법,NOTICE_ONLY,사전예고만,unknown,NOTICE_EVIDENCE_ONLY,1,해외진출기업에 대한 보증 프로그램 업무처리방법: 사전예고만,2,OFFICIAL_NOTICE_ONLY,사전예고 공식 기록은 있으나 현행 규정 전문을 확인하지 못함,1,0,False,2026-09-08T19:20:38+09:00,2026-09-08T19:20:38+09:00,https://www.kodit.or.kr/common/nttFileDownload.do?fileKey=d33561e6cbcc11215774596b8fb19b79,,unknown,,매칭 불명,매칭 불명,v0.4,review_pending
8b4217d2586e7f37,해외진출기업 지원센터 운영기준,해외진출기업지원센터운영기준,FULLTEXT_PUBLIC,전문 공개,current,ANCHORS_CONFIRMED,0,해외진출기업 지원센터 운영기준: 전문 공개,4,ANCHORS_CONFIRMED,공식 원문 본문에서 규정명·개정일·조문을 확인함,2,0,False,2026-09-08T19:20:38+09:00,2026-09-08T19:20:38+09:00,https://www.alio.go.kr/download/rulefiledown.json?fileNo=239882,16b2228dd8481a4daadb78b036e82e0e3e5f70da7fc5d427f446e24135ff0edf,pdf,2026.07.31,사전예고만 확인,공개 확인,v0.4,review_pending
e34b56ed475f0355,해지 및 사후관리 운용기준,해지및사후관리운용기준,NOTICE_ONLY,사전예고만,unknown,NOTICE_EVIDENCE_ONLY,1,해지 및 사후관리 운용기준: 사전예고만,2,OFFICIAL_NOTICE_ONLY,사전예고 공식 기록은 있으나 현행 규정 전문을 확인하지 못함,1,0,False,2026-09-08T19:20:38+09:00,2026-09-08T19:20:38+09:00,https://www.kodit.or.kr/common/nttFileDownload.do?fileKey=0bf3c498840e62bf539b0296d642424a,,unknown,,사전예고만 확인,사전예고만 확인,v0.4,review_pending
2986ac508cf7f73c,행정정보공동이용 업무처리기준,행정정보공동이용업무처리기준,NOTICE_ONLY,사전예고만,unknown,NOTICE_EVIDENCE_ONLY,1,행정정보공동이용 업무처리기준: 사전예고만,2,OFFICIAL_NOTICE_ONLY,사전예고 공식 기록은 있으나 현행 규정 전문을 확인하지 못함,1,0,False,2026-09-08T19:20:38+09:00,2026-09-08T19:20:38+09:00,https://www.kodit.or.kr/common/nttFileDownload.do?fileKey=cbf1022b84d8731c90ec3533333cf6e7,,unknown,,사전예고만 확인,사전예고만 확인,v0.4,review_pending
72b2b103735f7f29,행정정보이용 업무처리기준,행정정보이용업무처리기준,NOTICE_ONLY,사전예고만,unknown,NOTICE_EVIDENCE_ONLY,1,행정정보이용 업무처리기준: 사전예고만,2,OFFICIAL_NOTICE_ONLY,사전예고 공식 기록은 있으나 현행 규정 전문을 확인하지 못함,1,0,False,2026-09-08T19:20:38+09:00,2026-09-08T19:20:38+09:00,https://www.kodit.or.kr/common/nttFileDownload.do?fileKey=0acd06b8b587ef4c132900ccf922202e,,unknown,,사전예고만 확인,사전예고만 확인,v0.4,review_pending
d0d07e4d9aded438,허위자료 제출기업에 대한 업무처리기준,허위자료제출기업에대한업무처리기준,NOTICE_ONLY,사전예고만,abolished,NOTICE_EVIDENCE_ONLY,1,허위자료 제출기업에 대한 업무처리기준: 사전예고만,2,OFFICIAL_NOTICE_ONLY,사전예고 공식 기록은 있으나 현행 규정 전문을 확인하지 못함,1,0,False,2026-09-08T19:20:38+09:00,2026-09-08T19:20:38+09:00,https://www.kodit.or.kr/common/nttFileDownload.do?fileKey=55fbdf7eebc005cb417803677b9cb3c9,,unknown,,사전예고만 확인,사전예고만 확인,v0.4,review_pending
12a423cded171e9d,혁신관리시스템 운용기준,혁신관리시스템운용기준,EXTRACTION_PENDING,판정대기,current,EXTRACTION_PENDING,1,혁신관리시스템 운용기준: 판정대기,2,EXTRACTION_PENDING,공식 원문은 발견했으나 본문 추출·확인이 완료되지 않음,1,0,False,2026-09-08T19:20:38+09:00,2026-09-08T19:20:38+09:00,https://www.alio.go.kr/download/rulefiledown.json?fileNo=11823,aa6821ddfb2e50d4f3435e0b97a414348a2c40eb2d476acc1b43767a91be9bdd,hwp,2005.09.23,,,v0.4,review_pending
d3cbcca85a2fe01a,혁신기술사업화 협약보증 업무처리방법,혁신기술사업화협약보증업무처리방법,EXTRACTION_PENDING,판정대기,current,EXTRACTION_PENDING,1,혁신기술사업화 협약보증 업무처리방법: 판정대기,2,EXTRACTION_PENDING,공식 원문은 발견했으나 본문 추출·확인이 완료되지 않음,2,0,False,2026-09-08T19:20:38+09:00,2026-09-08T19:20:38+09:00,https://www.alio.go.kr/download/rulefiledown.json?fileNo=195100,875544f29c1e3bbb8d1c21e5804ce79c4d67ae600515ed7a3fbbeca5e600df06,hwp,2024.02.21,공개 확인,공개 확인,v0.4,review_pending
f48dcc8019de5a91,혁신기업 국가대표 1000 지원 프로그램 업무처리방법,혁신기업국가대표1000지원프로그램업무처리방법,NOTICE_ONLY,사전예고만,unknown,NOTICE_EVIDENCE_ONLY,1,혁신기업 국가대표 1000 지원 프로그램 업무처리방법: 사전예고만,2,OFFICIAL_NOTICE_ONLY,사전예고 공식 기록은 있으나 현행 규정 전문을 확인하지 못함,1,0,False,2026-09-08T19:20:38+09:00,2026-09-08T19:20:38+09:00,https://www.kodit.or.kr/common/nttFileDownload.do?fileKey=56f8d8f4c463fa1bee7d918d0a51598b,,unknown,,매칭 불명,매칭 불명,v0.4,review_pending
a62637e767471140,혁신리딩기업 선정 및 지원 업무처리기준,혁신리딩기업선정및지원업무처리기준,NOTICE_ONLY,사전예고만,unknown,NOTICE_EVIDENCE_ONLY,1,혁신리딩기업 선정 및 지원 업무처리기준: 사전예고만,2,OFFICIAL_NOTICE_ONLY,사전예고 공식 기록은 있으나 현행 규정 전문을 확인하지 못함,1,0,False,2026-09-08T19:20:38+09:00,2026-09-08T19:20:38+09:00,https://www.kodit.or.kr/common/nttFileDownload.do?fileKey=0bf3c498840e62bf539b0296d642424a,,unknown,,명칭변경·통합·폐지 확인,명칭변경·통합·폐지 확인,v0.4,review_pending
7ebee0f86aca606b,혁신리딩기업·지역코어기업 선정 및 지원 프로그램 운용기준,혁신리딩기업지역코어기업선정및지원프로그램운용기준,EXTRACTION_PENDING,판정대기,current,EXTRACTION_PENDING,1,혁신리딩기업·지역코어기업 선정 및 지원 프로그램 운용기준: 판정대기,2,EXTRACTION_PENDING,공식 원문은 발견했으나 본문 추출·확인이 완료되지 않음,2,0,False,2026-09-08T19:20:38+09:00,2026-09-08T19:20:38+09:00,https://www.alio.go.kr/download/rulefiledown.json?fileNo=239105,d2a1c8daee1ff67a7af3288e9f4192dd4b97d407cd4d22a00843d281e66a373b,hwp,2026.07.16,공개 확인,공개 확인,v0.4,review_pending
fd56602944f4ea28,혁신성장 분야 정책지원 보증프로그램 운용기준,혁신성장분야정책지원보증프로그램운용기준,NOTICE_ONLY,사전예고만,unknown,NOTICE_EVIDENCE_ONLY,1,혁신성장 분야 정책지원 보증프로그램 운용기준: 사전예고만,2,OFFICIAL_NOTICE_ONLY,사전예고 공식 기록은 있으나 현행 규정 전문을 확인하지 못함,1,0,False,2026-09-08T19:20:38+09:00,2026-09-08T19:20:38+09:00,https://www.kodit.or.kr/common/nttFileDownload.do?fileKey=fa5d15cd4d912690d8015ced12d694e1,,unknown,,매칭 불명,매칭 불명,v0.4,review_pending
92274c23ad300beb,혁신스타트업 성장지원 프로그램 운용기준,혁신스타트업성장지원프로그램운용기준,FULLTEXT_PUBLIC,전문 공개,current,ANCHORS_CONFIRMED,0,혁신스타트업 성장지원 프로그램 운용기준: 전문 공개,4,ANCHORS_CONFIRMED,공식 원문 본문에서 규정명·개정일·조문을 확인함,2,0,False,2026-09-08T19:20:38+09:00,2026-09-08T19:20:38+09:00,https://www.alio.go.kr/download/rulefiledown.json?fileNo=238909,6085fc89c04519b0c470454420fd834c984c6df6a090577e640ebfdc65768bdd,hwp,2026.07.15,공개 확인,공개 확인,v0.4,review_pending
b350288553d56357,혁신아이콘 지원 프로그램 운용기준,혁신아이콘지원프로그램운용기준,FULLTEXT_PUBLIC,전문 공개,current,ANCHORS_CONFIRMED,0,혁신아이콘 지원 프로그램 운용기준: 전문 공개,4,ANCHORS_CONFIRMED,공식 원문 본문에서 규정명·개정일·조문을 확인함,2,0,False,2026-09-08T19:20:38+09:00,2026-09-08T19:20:38+09:00,https://www.alio.go.kr/download/rulefiledown.json?fileNo=238902,55b7d97010448482bd34ae50a809ecb4d022b1d65dd12fe217acf79fa2c36030,hwp,2026.07.15,공개 확인,공개 확인,v0.4,review_pending
2962d344cadf6ff2,혁신 프리미어 1000 지원 프로그램 업무처리방법,혁신프리미어1000지원프로그램업무처리방법,EXTRACTION_PENDING,판정대기,current,EXTRACTION_PENDING,1,혁신 프리미어 1000 지원 프로그램 업무처리방법: 판정대기,2,EXTRACTION_PENDING,공식 원문은 발견했으나 본문 추출·확인이 완료되지 않음,1,0,False,2026-09-08T19:20:38+09:00,2026-09-08T19:20:38+09:00,https://www.alio.go.kr/download/rulefiledown.json?fileNo=239098,81f1aad54fa9a07583ec4038b885ca3b5cc2b09e016dc441854c82e8f747f69b,hwp,2026.07.16,,,v0.4,review_pending
78436602e9d3132a,협동조합예비창업자및액셀러렝이팅프로그램업무처리방법,협동조합예비창업자및액셀러렝이팅프로그램업무처리방법,NOTICE_ONLY,사전예고만,unknown,NOTICE_EVIDENCE_ONLY,1,협동조합예비창업자및액셀러렝이팅프로그램업무처리방법: 사전예고만,2,OFFICIAL_NOTICE_ONLY,사전예고 공식 기록은 있으나 현행 규정 전문을 확인하지 못함,1,0,False,2026-09-08T19:20:38+09:00,2026-09-08T19:20:38+09:00,https://www.kodit.or.kr/common/nttFileDownload.do?fileKey=89ebab72306d6ace518825581868e99e,,unknown,,사전예고만 확인,사전예고만 확인,v0.4,review_pending
c443943d30d2d9f2,협동조합의공동사업자금에대한보증운용기준,협동조합의공동사업자금에대한보증운용기준,NOTICE_ONLY,사전예고만,abolished,NOTICE_EVIDENCE_ONLY,1,협동조합의공동사업자금에대한보증운용기준: 사전예고만,2,OFFICIAL_NOTICE_ONLY,사전예고 공식 기록은 있으나 현행 규정 전문을 확인하지 못함,1,0,False,2026-09-08T19:20:38+09:00,2026-09-08T19:20:38+09:00,https://www.kodit.or.kr/common/nttFileDownload.do?fileKey=af1d9224d9f4d7bdc7f889bc3f6fa53a,,unknown,,사전예고만 확인,사전예고만 확인,v0.4,review_pending
f4129d24d54b95ce,협상에 의한 계약체결기준,협상에의한계약체결기준,NOTICE_ONLY,사전예고만,unknown,NOTICE_EVIDENCE_ONLY,1,협상에 의한 계약체결기준: 사전예고만,2,OFFICIAL_NOTICE_ONLY,사전예고 공식 기록은 있으나 현행 규정 전문을 확인하지 못함,1,0,False,2026-09-08T19:20:38+09:00,2026-09-08T19:20:38+09:00,https://www.kodit.or.kr/common/nttFileDownload.do?fileKey=1c3e81f50494e7bb551301ae49224521,,unknown,,사전예고만 확인,사전예고만 확인,v0.4,review_pending
f03144fa7db94cda,홈페이지 운영기준,홈페이지운영기준,NOTICE_ONLY,사전예고만,unknown,NOTICE_EVIDENCE_ONLY,1,홈페이지 운영기준: 사전예고만,2,OFFICIAL_NOTICE_ONLY,사전예고 공식 기록은 있으나 현행 규정 전문을 확인하지 못함,1,0,False,2026-09-08T19:20:38+09:00,2026-09-08T19:20:38+09:00,https://www.kodit.or.kr/common/nttFileDownload.do?fileKey=80f86f7f8450d6c01151885b8bd1abd3,,unknown,,사전예고만 확인,사전예고만 확인,v0.4,review_pending
49e11ccae4d3a534,홈페이지 운용기준,홈페이지운용기준,NOTICE_ONLY,사전예고만,unknown,NOTICE_EVIDENCE_ONLY,1,홈페이지 운용기준: 사전예고만,2,OFFICIAL_NOTICE_ONLY,사전예고 공식 기록은 있으나 현행 규정 전문을 확인하지 못함,1,0,False,2026-09-08T19:20:38+09:00,2026-09-08T19:20:38+09:00,https://www.kodit.or.kr/common/nttFileDownload.do?fileKey=ed3b28b4fccec19dd7b3ee5ae7401fb6,,unknown,,사전예고만 확인,사전예고만 확인,v0.4,review_pending
db00645896c1772a,홈페이지 자료 게시 요청서(산업기반신용보증료기준,홈페이지자료게시요청서산업기반신용보증료기준,NOTICE_ONLY,사전예고만,unknown,NOTICE_EVIDENCE_ONLY,1,홈페이지 자료 게시 요청서(산업기반신용보증료기준: 사전예고만,2,OFFICIAL_NOTICE_ONLY,사전예고 공식 기록은 있으나 현행 규정 전문을 확인하지 못함,1,0,False,2026-09-08T19:20:38+09:00,2026-09-08T19:20:38+09:00,https://www.kodit.or.kr/common/nttFileDownload.do?fileKey=c14b283ae9f3d56beeca4cf35b4f9b4f,,unknown,,사전예고만 확인,사전예고만 확인,v0.4,review_pending
35b701764a57e838,홍보업무 운용기준,홍보업무운용기준,NOTICE_ONLY,사전예고만,unknown,NOTICE_EVIDENCE_ONLY,1,홍보업무 운용기준: 사전예고만,2,OFFICIAL_NOTICE_ONLY,사전예고 공식 기록은 있으나 현행 규정 전문을 확인하지 못함,1,0,False,2026-09-08T19:20:38+09:00,2026-09-08T19:20:38+09:00,https://www.kodit.or.kr/common/nttFileDownload.do?fileKey=6a9067bc656d40d981a919e638a46b1e,,unknown,,사전예고만 확인,사전예고만 확인,v0.4,review_pending
2a4b9bb2e8a91aa2,활용기준,활용기준,NOTICE_ONLY,사전예고만,unknown,NOTICE_EVIDENCE_ONLY,1,활용기준: 사전예고만,2,OFFICIAL_NOTICE_ONLY,사전예고 공식 기록은 있으나 현행 규정 전문을 확인하지 못함,1,0,False,2026-09-08T19:20:38+09:00,2026-09-08T19:20:38+09:00,https://www.kodit.or.kr/common/nttFileDownload.do?fileKey=5ace698d3a2f66645237a92be3a90d05,,unknown,,사전예고만 확인,사전예고만 확인,v0.4,review_pending
117fa9c907e7ceff,회계감사인선임위원회 운영기준,회계감사인선임위원회운영기준,NOTICE_ONLY,사전예고만,unknown,NOTICE_EVIDENCE_ONLY,1,회계감사인선임위원회 운영기준: 사전예고만,2,OFFICIAL_NOTICE_ONLY,사전예고 공식 기록은 있으나 현행 규정 전문을 확인하지 못함,1,0,False,2026-09-08T19:20:38+09:00,2026-09-08T19:20:38+09:00,https://www.kodit.or.kr/common/nttFileDownload.do?fileKey=4597e99ac563c6b04ab4c9e5119f714f,,unknown,,사전예고만 확인,사전예고만 확인,v0.4,review_pending
c9f45cd63dcc4c8c,회계규정,회계규정,EXTRACTION_PENDING,판정대기,current,EXTRACTION_PENDING,1,회계규정: 판정대기,2,EXTRACTION_PENDING,공식 원문은 발견했으나 본문 추출·확인이 완료되지 않음,2,0,False,2026-09-08T19:20:38+09:00,2026-09-08T19:20:38+09:00,https://www.alio.go.kr/download/rulefiledown.json?fileNo=225260,010fa10f0cd790cbada61dc8412c828e22a024a8196db459361a8990b4ec354b,hwp,2025.12.10,공개 확인,공개 확인,v0.4,review_pending
ee89737a80d0af79,회계처리기준,회계처리기준,NOTICE_ONLY,사전예고만,unknown,NOTICE_EVIDENCE_ONLY,1,회계처리기준: 사전예고만,2,OFFICIAL_NOTICE_ONLY,사전예고 공식 기록은 있으나 현행 규정 전문을 확인하지 못함,1,0,False,2026-09-08T19:20:38+09:00,2026-09-08T19:20:38+09:00,https://www.kodit.or.kr/common/nttFileDownload.do?fileKey=8126a5d53889c607bf8b41dc3eb3d257,,unknown,,매칭 불명,매칭 불명,v0.4,review_pending
751677ba5006f2c1,회사채보증 부실 및 구상권 관리에 관한 업무처리기준,회사채보증부실및구상권관리에관한업무처리기준,EXTRACTION_PENDING,판정대기,current,EXTRACTION_PENDING,1,회사채보증 부실 및 구상권 관리에 관한 업무처리기준: 판정대기,2,EXTRACTION_PENDING,공식 원문은 발견했으나 본문 추출·확인이 완료되지 않음,2,0,False,2026-09-08T19:20:38+09:00,2026-09-08T19:20:38+09:00,https://www.alio.go.kr/download/rulefiledown.json?fileNo=219185,cd7dd866a26cd59e1ccfd3435068c8b864bfa6cd073df26c694e7c0486b4d0b3,hwp,2025.07.21,공개 확인,공개 확인,v0.4,review_pending
e515e25c746b6e80,회사채보증 운용기준,회사채보증운용기준,NOTICE_ONLY,사전예고만,unknown,NOTICE_EVIDENCE_ONLY,1,회사채보증 운용기준: 사전예고만,2,OFFICIAL_NOTICE_ONLY,사전예고 공식 기록은 있으나 현행 규정 전문을 확인하지 못함,1,0,False,2026-09-08T19:20:38+09:00,2026-09-08T19:20:38+09:00,https://www.kodit.or.kr/common/nttFileDownload.do?fileKey=bb34bdf7df1bd254f9ea99859c35a83f,,unknown,,사전예고만 확인,사전예고만 확인,v0.4,review_pending
0b1b2b98d1bc0ee0,회사채 신속인수를 위한 특별대출보증 업무처리방법,회사채신속인수를위한특별대출보증업무처리방법,EXTRACTION_PENDING,판정대기,current,EXTRACTION_PENDING,1,회사채 신속인수를 위한 특별대출보증 업무처리방법: 판정대기,2,EXTRACTION_PENDING,공식 원문은 발견했으나 본문 추출·확인이 완료되지 않음,2,0,False,2026-09-08T19:20:38+09:00,2026-09-08T19:20:38+09:00,https://www.alio.go.kr/download/rulefiledown.json?fileNo=239639,ceb55ed349b3e64f6018f8ea3143d8a1ea9368f3e3734cf2da43abf6dae4a372,hwp,2026.07.23,공개 확인,공개 확인,v0.4,review_pending
2703443dedd83341,회생·개인회생·파산 업무처리기준,회생개인회생파산업무처리기준,NOTICE_ONLY,사전예고만,unknown,NOTICE_EVIDENCE_ONLY,1,회생·개인회생·파산 업무처리기준: 사전예고만,2,OFFICIAL_NOTICE_ONLY,사전예고 공식 기록은 있으나 현행 규정 전문을 확인하지 못함,1,0,False,2026-09-08T19:20:38+09:00,2026-09-08T19:20:38+09:00,https://www.kodit.or.kr/common/nttFileDownload.do?fileKey=39d332ce2de233787df8b140a7a3a868,,unknown,,사전예고만 확인,사전예고만 확인,v0.4,review_pending
81e7158856df0180,회생 · 파산 · 개인회생 업무처리기준,회생파산개인회생업무처리기준,NOTICE_ONLY,사전예고만,unknown,NOTICE_EVIDENCE_ONLY,1,회생 · 파산 · 개인회생 업무처리기준: 사전예고만,2,OFFICIAL_NOTICE_ONLY,사전예고 공식 기록은 있으나 현행 규정 전문을 확인하지 못함,1,0,False,2026-09-08T19:20:38+09:00,2026-09-08T19:20:38+09:00,https://www.kodit.or.kr/common/nttFileDownload.do?fileKey=c603db0b323f79408f70f967d3203e0f,,unknown,,사전예고만 확인,사전예고만 확인,v0.4,review_pending
